频道URL,URL数量,节点数量,有效资源质量分
https://t.me/s/AI_News_CN,0,0,0
https://t.me/s/ARv2ray,0,0,0
https://t.me/s/ATLAS_V2VPN,0,0,0
https://t.me/s/Airport_News,0,0,0
https://t.me/s/Alfred_Config,0,0,0
https://t.me/s/AlienVPN402,0,0,0
https://t.me/s/Azarakhsh_Proxy,0,0,0
https://t.me/s/Baraye_azadi_Info,0,0,0
https://t.me/s/BmFt1,0,0,0
https://t.me/s/Capital_NET,0,0,0
https://t.me/s/Capoit,0,0,0
https://t.me/s/ChjsClub,0,0,0
https://t.me/s/Clash_Config,0,0,0
https://t.me/s/Clash_Node_Share,0,0,0
https://t.me/s/CloudCityy,0,0,0
https://t.me/s/ConfigV2rayNG,0,0,0
https://t.me/s/Configforvpn01,0,0,0
https://t.me/s/ConfigsHUB2,0,0,0
https://t.me/s/DailyV2RY,0,0,0
https://t.me/s/Daily_Configs,0,0,0
https://t.me/s/DeltaKroneckerGithub_Clash_1,0,0,0
https://t.me/s/DeltaKroneckerGithub_Clash_10001,0,0,0
https://t.me/s/DeltaKroneckerGithub_Clash_10003,0,0,0
https://t.me/s/DeltaKroneckerGithub_Clash_10005,0,0,0
https://t.me/s/DeltaKroneckerGithub_Clash_10007,0,0,0
https://t.me/s/DeltaKroneckerGithub_Clash_10009,0,0,0
https://t.me/s/DeltaKroneckerGithub_Clash_1001,0,0,0
https://t.me/s/DeltaKroneckerGithub_Clash_10011,0,0,0
https://t.me/s/DeltaKroneckerGithub_Clash_10013,0,0,0
https://t.me/s/DeltaKroneckerGithub_Clash_10015,0,0,0
https://t.me/s/DeltaKroneckerGithub_Clash_10017,0,0,0
https://t.me/s/DeltaKroneckerGithub_Clash_10019,0,0,0
https://t.me/s/DeltaKroneckerGithub_Clash_10021,0,0,0
https://t.me/s/DeltaKroneckerGithub_Clash_10023,0,0,0
https://t.me/s/DeltaKroneckerGithub_Clash_10025,0,0,0
https://t.me/s/DeltaKroneckerGithub_Clash_10027,0,0,0
https://t.me/s/DeltaKroneckerGithub_Clash_10029,0,0,0
https://t.me/s/DeltaKroneckerGithub_Clash_1003,0,0,0
https://t.me/s/DeltaKroneckerGithub_Clash_10031,0,0,0
https://t.me/s/DeltaKroneckerGithub_Clash_10033,0,0,0
https://t.me/s/DeltaKroneckerGithub_Clash_10035,0,0,0
https://t.me/s/DeltaKroneckerGithub_Clash_10037,0,0,0
https://t.me/s/DeltaKroneckerGithub_Clash_10039,0,0,0
https://t.me/s/DeltaKroneckerGithub_Clash_10041,0,0,0
https://t.me/s/DeltaKroneckerGithub_Clash_10043,0,0,0
https://t.me/s/DeltaKroneckerGithub_Clash_10045,0,0,0
https://t.me/s/DeltaKroneckerGithub_Clash_10047,0,0,0
https://t.me/s/DeltaKroneckerGithub_Clash_10049,0,0,0
https://t.me/s/DeltaKroneckerGithub_Clash_1005,0,0,0
https://t.me/s/DeltaKroneckerGithub_Clash_10051,0,0,0
https://t.me/s/DeltaKroneckerGithub_Clash_10053,0,0,0
https://t.me/s/DeltaKroneckerGithub_Clash_10055,0,0,0
https://t.me/s/DeltaKroneckerGithub_Clash_10057,0,0,0
https://t.me/s/DeltaKroneckerGithub_Clash_10059,0,0,0
https://t.me/s/DeltaKroneckerGithub_Clash_10061,0,0,0
https://t.me/s/DeltaKroneckerGithub_Clash_10063,0,0,0
https://t.me/s/DeltaKroneckerGithub_Clash_10065,0,0,0
https://t.me/s/DeltaKroneckerGithub_Clash_10067,0,0,0
https://t.me/s/DeltaKroneckerGithub_Clash_10069,0,0,0
https://t.me/s/DeltaKroneckerGithub_Clash_1007,0,0,0
https://t.me/s/DeltaKroneckerGithub_Clash_10071,0,0,0
https://t.me/s/DeltaKroneckerGithub_Clash_10073,0,0,0
https://t.me/s/DeltaKroneckerGithub_Clash_10075,0,0,0
https://t.me/s/DeltaKroneckerGithub_Clash_10077,0,0,0
https://t.me/s/DeltaKroneckerGithub_Clash_10079,0,0,0
https://t.me/s/DeltaKroneckerGithub_Clash_10081,0,0,0
https://t.me/s/DeltaKroneckerGithub_Clash_10083,0,0,0
https://t.me/s/DeltaKroneckerGithub_Clash_10085,0,0,0
https://t.me/s/DeltaKroneckerGithub_Clash_10087,0,0,0
https://t.me/s/DeltaKroneckerGithub_Clash_10089,0,0,0
https://t.me/s/DeltaKroneckerGithub_Clash_1009,0,0,0
https://t.me/s/DeltaKroneckerGithub_Clash_10091,0,0,0
https://t.me/s/DeltaKroneckerGithub_Clash_10093,0,0,0
https://t.me/s/DeltaKroneckerGithub_Clash_10095,0,0,0
https://t.me/s/DeltaKroneckerGithub_Clash_10097,0,0,0
https://t.me/s/DeltaKroneckerGithub_Clash_10099,0,0,0
https://t.me/s/DeltaKroneckerGithub_Clash_101,0,0,0
https://t.me/s/DeltaKroneckerGithub_Clash_10101,0,0,0
https://t.me/s/DeltaKroneckerGithub_Clash_10103,0,0,0
https://t.me/s/DeltaKroneckerGithub_Clash_10105,0,0,0
https://t.me/s/DeltaKroneckerGithub_Clash_10107,0,0,0
https://t.me/s/DeltaKroneckerGithub_Clash_10109,0,0,0
https://t.me/s/DeltaKroneckerGithub_Clash_1011,0,0,0
https://t.me/s/DeltaKroneckerGithub_Clash_10111,0,0,0
https://t.me/s/DeltaKroneckerGithub_Clash_10113,0,0,0
https://t.me/s/DeltaKroneckerGithub_Clash_10115,0,0,0
https://t.me/s/DeltaKroneckerGithub_Clash_10117,0,0,0
https://t.me/s/DeltaKroneckerGithub_Clash_10119,0,0,0
https://t.me/s/DeltaKroneckerGithub_Clash_10121,0,0,0
https://t.me/s/DeltaKroneckerGithub_Clash_10123,0,0,0
https://t.me/s/DeltaKroneckerGithub_Clash_10125,0,0,0
https://t.me/s/DeltaKroneckerGithub_Clash_10127,0,0,0
https://t.me/s/DeltaKroneckerGithub_Clash_10129,0,0,0
https://t.me/s/DeltaKroneckerGithub_Clash_1013,0,0,0
https://t.me/s/DeltaKroneckerGithub_Clash_10131,0,0,0
https://t.me/s/DeltaKroneckerGithub_Clash_10133,0,0,0
https://t.me/s/DeltaKroneckerGithub_Clash_10135,0,0,0
https://t.me/s/DeltaKroneckerGithub_Clash_10137,0,0,0
https://t.me/s/DeltaKroneckerGithub_Clash_10139,0,0,0
https://t.me/s/DeltaKroneckerGithub_Clash_10141,0,0,0
https://t.me/s/DeltaKroneckerGithub_Clash_10143,0,0,0
https://t.me/s/DeltaKroneckerGithub_Clash_10145,0,0,0
https://t.me/s/DeltaKroneckerGithub_Clash_10147,0,0,0
https://t.me/s/DeltaKroneckerGithub_Clash_10149,0,0,0
https://t.me/s/DeltaKroneckerGithub_Clash_1015,0,0,0
https://t.me/s/DeltaKroneckerGithub_Clash_10151,0,0,0
https://t.me/s/DeltaKroneckerGithub_Clash_10153,0,0,0
https://t.me/s/DeltaKroneckerGithub_Clash_10155,0,0,0
https://t.me/s/DeltaKroneckerGithub_Clash_10157,0,0,0
https://t.me/s/DeltaKroneckerGithub_Clash_10159,0,0,0
https://t.me/s/DeltaKroneckerGithub_Clash_10161,0,0,0
https://t.me/s/DeltaKroneckerGithub_Clash_10163,0,0,0
https://t.me/s/DeltaKroneckerGithub_Clash_10165,0,0,0
https://t.me/s/DeltaKroneckerGithub_Clash_10167,0,0,0
https://t.me/s/DeltaKroneckerGithub_Clash_10169,0,0,0
https://t.me/s/DeltaKroneckerGithub_Clash_1017,0,0,0
https://t.me/s/DeltaKroneckerGithub_Clash_10171,0,0,0
https://t.me/s/DeltaKroneckerGithub_Clash_10173,0,0,0
https://t.me/s/DeltaKroneckerGithub_Clash_10175,0,0,0
https://t.me/s/DeltaKroneckerGithub_Clash_10177,0,0,0
https://t.me/s/DeltaKroneckerGithub_Clash_10179,0,0,0
https://t.me/s/DeltaKroneckerGithub_Clash_10181,0,0,0
https://t.me/s/DeltaKroneckerGithub_Clash_10183,0,0,0
https://t.me/s/DeltaKroneckerGithub_Clash_10185,0,0,0
https://t.me/s/DeltaKroneckerGithub_Clash_10187,0,0,0
https://t.me/s/DeltaKroneckerGithub_Clash_10189,0,0,0
https://t.me/s/DeltaKroneckerGithub_Clash_1019,0,0,0
https://t.me/s/DeltaKroneckerGithub_Clash_10191,0,0,0
https://t.me/s/DeltaKroneckerGithub_Clash_10193,0,0,0
https://t.me/s/DeltaKroneckerGithub_Clash_10195,0,0,0
https://t.me/s/DeltaKroneckerGithub_Clash_10197,0,0,0
https://t.me/s/DeltaKroneckerGithub_Clash_10199,0,0,0
https://t.me/s/DeltaKroneckerGithub_Clash_10201,0,0,0
https://t.me/s/DeltaKroneckerGithub_Clash_10203,0,0,0
https://t.me/s/DeltaKroneckerGithub_Clash_10205,0,0,0
https://t.me/s/DeltaKroneckerGithub_Clash_10207,0,0,0
https://t.me/s/DeltaKroneckerGithub_Clash_10209,0,0,0
https://t.me/s/DeltaKroneckerGithub_Clash_1021,0,0,0
https://t.me/s/DeltaKroneckerGithub_Clash_10211,0,0,0
https://t.me/s/DeltaKroneckerGithub_Clash_10213,0,0,0
https://t.me/s/DeltaKroneckerGithub_Clash_10215,0,0,0
https://t.me/s/DeltaKroneckerGithub_Clash_10217,0,0,0
https://t.me/s/DeltaKroneckerGithub_Clash_10219,0,0,0
https://t.me/s/DeltaKroneckerGithub_Clash_10221,0,0,0
https://t.me/s/DeltaKroneckerGithub_Clash_10223,0,0,0
https://t.me/s/DeltaKroneckerGithub_Clash_10225,0,0,0
https://t.me/s/DeltaKroneckerGithub_Clash_10227,0,0,0
https://t.me/s/DeltaKroneckerGithub_Clash_10229,0,0,0
https://t.me/s/DeltaKroneckerGithub_Clash_1023,0,0,0
https://t.me/s/DeltaKroneckerGithub_Clash_10231,0,0,0
https://t.me/s/DeltaKroneckerGithub_Clash_10233,0,0,0
https://t.me/s/DeltaKroneckerGithub_Clash_10235,0,0,0
https://t.me/s/DeltaKroneckerGithub_Clash_10237,0,0,0
https://t.me/s/DeltaKroneckerGithub_Clash_10239,0,0,0
https://t.me/s/DeltaKroneckerGithub_Clash_10241,0,0,0
https://t.me/s/DeltaKroneckerGithub_Clash_10243,0,0,0
https://t.me/s/DeltaKroneckerGithub_Clash_10245,0,0,0
https://t.me/s/DeltaKroneckerGithub_Clash_10247,0,0,0
https://t.me/s/DeltaKroneckerGithub_Clash_10249,0,0,0
https://t.me/s/DeltaKroneckerGithub_Clash_1025,0,0,0
https://t.me/s/DeltaKroneckerGithub_Clash_10251,0,0,0
https://t.me/s/DeltaKroneckerGithub_Clash_10253,0,0,0
https://t.me/s/DeltaKroneckerGithub_Clash_10255,0,0,0
https://t.me/s/DeltaKroneckerGithub_Clash_10257,0,0,0
https://t.me/s/DeltaKroneckerGithub_Clash_10259,0,0,0
https://t.me/s/DeltaKroneckerGithub_Clash_10261,0,0,0
https://t.me/s/DeltaKroneckerGithub_Clash_10263,0,0,0
https://t.me/s/DeltaKroneckerGithub_Clash_10265,0,0,0
https://t.me/s/DeltaKroneckerGithub_Clash_10267,0,0,0
https://t.me/s/DeltaKroneckerGithub_Clash_10269,0,0,0
https://t.me/s/DeltaKroneckerGithub_Clash_1027,0,0,0
https://t.me/s/DeltaKroneckerGithub_Clash_10271,0,0,0
https://t.me/s/DeltaKroneckerGithub_Clash_10273,0,0,0
https://t.me/s/DeltaKroneckerGithub_Clash_10275,0,0,0
https://t.me/s/DeltaKroneckerGithub_Clash_10277,0,0,0
https://t.me/s/DeltaKroneckerGithub_Clash_10279,0,0,0
https://t.me/s/DeltaKroneckerGithub_Clash_10281,0,0,0
https://t.me/s/DeltaKroneckerGithub_Clash_10283,0,0,0
https://t.me/s/DeltaKroneckerGithub_Clash_10285,0,0,0
https://t.me/s/DeltaKroneckerGithub_Clash_10287,0,0,0
https://t.me/s/DeltaKroneckerGithub_Clash_10289,0,0,0
https://t.me/s/DeltaKroneckerGithub_Clash_1029,0,0,0
https://t.me/s/DeltaKroneckerGithub_Clash_10291,0,0,0
https://t.me/s/DeltaKroneckerGithub_Clash_10293,0,0,0
https://t.me/s/DeltaKroneckerGithub_Clash_10295,0,0,0
https://t.me/s/DeltaKroneckerGithub_Clash_10297,0,0,0
https://t.me/s/DeltaKroneckerGithub_Clash_10299,0,0,0
https://t.me/s/DeltaKroneckerGithub_Clash_103,0,0,0
https://t.me/s/DeltaKroneckerGithub_Clash_10301,0,0,0
https://t.me/s/DeltaKroneckerGithub_Clash_10303,0,0,0
https://t.me/s/DeltaKroneckerGithub_Clash_10305,0,0,0
https://t.me/s/DeltaKroneckerGithub_Clash_10307,0,0,0
https://t.me/s/DeltaKroneckerGithub_Clash_10309,0,0,0
https://t.me/s/DeltaKroneckerGithub_Clash_10311,0,0,0
https://t.me/s/DeltaKroneckerGithub_Clash_10313,0,0,0
https://t.me/s/DeltaKroneckerGithub_Clash_10315,0,0,0
https://t.me/s/DeltaKroneckerGithub_Clash_10317,0,0,0
https://t.me/s/DeltaKroneckerGithub_Clash_10319,0,0,0
https://t.me/s/DeltaKroneckerGithub_Clash_10321,0,0,0
https://t.me/s/DeltaKroneckerGithub_Clash_10323,0,0,0
https://t.me/s/DeltaKroneckerGithub_Clash_10325,0,0,0
https://t.me/s/DeltaKroneckerGithub_Clash_10327,0,0,0
https://t.me/s/DeltaKroneckerGithub_Clash_10329,0,0,0
https://t.me/s/DeltaKroneckerGithub_Clash_10331,0,0,0
https://t.me/s/DeltaKroneckerGithub_Clash_10333,0,0,0
https://t.me/s/DeltaKroneckerGithub_Clash_10335,0,0,0
https://t.me/s/DeltaKroneckerGithub_Clash_10337,0,0,0
https://t.me/s/DeltaKroneckerGithub_Clash_10339,0,0,0
https://t.me/s/DeltaKroneckerGithub_Clash_10341,0,0,0
https://t.me/s/DeltaKroneckerGithub_Clash_10343,0,0,0
https://t.me/s/DeltaKroneckerGithub_Clash_10345,0,0,0
https://t.me/s/DeltaKroneckerGithub_Clash_10347,0,0,0
https://t.me/s/DeltaKroneckerGithub_Clash_10349,0,0,0
https://t.me/s/DeltaKroneckerGithub_Clash_1035,0,0,0
https://t.me/s/DeltaKroneckerGithub_Clash_10351,0,0,0
https://t.me/s/DeltaKroneckerGithub_Clash_10353,0,0,0
https://t.me/s/DeltaKroneckerGithub_Clash_10355,0,0,0
https://t.me/s/DeltaKroneckerGithub_Clash_10357,0,0,0
https://t.me/s/DeltaKroneckerGithub_Clash_10359,0,0,0
https://t.me/s/DeltaKroneckerGithub_Clash_10361,0,0,0
https://t.me/s/DeltaKroneckerGithub_Clash_10363,0,0,0
https://t.me/s/DeltaKroneckerGithub_Clash_10365,0,0,0
https://t.me/s/DeltaKroneckerGithub_Clash_10367,0,0,0
https://t.me/s/DeltaKroneckerGithub_Clash_10369,0,0,0
https://t.me/s/DeltaKroneckerGithub_Clash_1037,0,0,0
https://t.me/s/DeltaKroneckerGithub_Clash_10371,0,0,0
https://t.me/s/DeltaKroneckerGithub_Clash_10373,0,0,0
https://t.me/s/DeltaKroneckerGithub_Clash_10375,0,0,0
https://t.me/s/DeltaKroneckerGithub_Clash_10377,0,0,0
https://t.me/s/DeltaKroneckerGithub_Clash_10379,0,0,0
https://t.me/s/DeltaKroneckerGithub_Clash_10381,0,0,0
https://t.me/s/DeltaKroneckerGithub_Clash_10383,0,0,0
https://t.me/s/DeltaKroneckerGithub_Clash_10385,0,0,0
https://t.me/s/DeltaKroneckerGithub_Clash_10387,0,0,0
https://t.me/s/DeltaKroneckerGithub_Clash_10389,0,0,0
https://t.me/s/DeltaKroneckerGithub_Clash_1039,0,0,0
https://t.me/s/DeltaKroneckerGithub_Clash_10391,0,0,0
https://t.me/s/DeltaKroneckerGithub_Clash_10393,0,0,0
https://t.me/s/DeltaKroneckerGithub_Clash_10395,0,0,0
https://t.me/s/DeltaKroneckerGithub_Clash_10397,0,0,0
https://t.me/s/DeltaKroneckerGithub_Clash_10399,0,0,0
https://t.me/s/DeltaKroneckerGithub_Clash_10401,0,0,0
https://t.me/s/DeltaKroneckerGithub_Clash_10403,0,0,0
https://t.me/s/DeltaKroneckerGithub_Clash_10405,0,0,0
https://t.me/s/DeltaKroneckerGithub_Clash_10407,0,0,0
https://t.me/s/DeltaKroneckerGithub_Clash_10409,0,0,0
https://t.me/s/DeltaKroneckerGithub_Clash_1041,0,0,0
https://t.me/s/DeltaKroneckerGithub_Clash_10411,0,0,0
https://t.me/s/DeltaKroneckerGithub_Clash_10413,0,0,0
https://t.me/s/DeltaKroneckerGithub_Clash_10415,0,0,0
https://t.me/s/DeltaKroneckerGithub_Clash_10417,0,0,0
https://t.me/s/DeltaKroneckerGithub_Clash_10419,0,0,0
https://t.me/s/DeltaKroneckerGithub_Clash_10421,0,0,0
https://t.me/s/DeltaKroneckerGithub_Clash_10423,0,0,0
https://t.me/s/DeltaKroneckerGithub_Clash_10425,0,0,0
https://t.me/s/DeltaKroneckerGithub_Clash_10427,0,0,0
https://t.me/s/DeltaKroneckerGithub_Clash_10429,0,0,0
https://t.me/s/DeltaKroneckerGithub_Clash_1043,0,0,0
https://t.me/s/DeltaKroneckerGithub_Clash_10431,0,0,0
https://t.me/s/DeltaKroneckerGithub_Clash_10433,0,0,0
https://t.me/s/DeltaKroneckerGithub_Clash_10435,0,0,0
https://t.me/s/DeltaKroneckerGithub_Clash_10437,0,0,0
https://t.me/s/DeltaKroneckerGithub_Clash_10439,0,0,0
https://t.me/s/DeltaKroneckerGithub_Clash_10441,0,0,0
https://t.me/s/DeltaKroneckerGithub_Clash_10443,0,0,0
https://t.me/s/DeltaKroneckerGithub_Clash_10445,0,0,0
https://t.me/s/DeltaKroneckerGithub_Clash_10447,0,0,0
https://t.me/s/DeltaKroneckerGithub_Clash_10449,0,0,0
https://t.me/s/DeltaKroneckerGithub_Clash_1045,0,0,0
https://t.me/s/DeltaKroneckerGithub_Clash_10451,0,0,0
https://t.me/s/DeltaKroneckerGithub_Clash_10453,0,0,0
https://t.me/s/DeltaKroneckerGithub_Clash_10455,0,0,0
https://t.me/s/DeltaKroneckerGithub_Clash_10457,0,0,0
https://t.me/s/DeltaKroneckerGithub_Clash_10459,0,0,0
https://t.me/s/DeltaKroneckerGithub_Clash_10461,0,0,0
https://t.me/s/DeltaKroneckerGithub_Clash_10463,0,0,0
https://t.me/s/DeltaKroneckerGithub_Clash_10465,0,0,0
https://t.me/s/DeltaKroneckerGithub_Clash_10467,0,0,0
https://t.me/s/DeltaKroneckerGithub_Clash_10469,0,0,0
https://t.me/s/DeltaKroneckerGithub_Clash_1047,0,0,0
https://t.me/s/DeltaKroneckerGithub_Clash_10471,0,0,0
https://t.me/s/DeltaKroneckerGithub_Clash_10473,0,0,0
https://t.me/s/DeltaKroneckerGithub_Clash_10475,0,0,0
https://t.me/s/DeltaKroneckerGithub_Clash_10477,0,0,0
https://t.me/s/DeltaKroneckerGithub_Clash_10479,0,0,0
https://t.me/s/DeltaKroneckerGithub_Clash_10481,0,0,0
https://t.me/s/DeltaKroneckerGithub_Clash_10483,0,0,0
https://t.me/s/DeltaKroneckerGithub_Clash_10485,0,0,0
https://t.me/s/DeltaKroneckerGithub_Clash_10487,0,0,0
https://t.me/s/DeltaKroneckerGithub_Clash_10489,0,0,0
https://t.me/s/DeltaKroneckerGithub_Clash_1049,0,0,0
https://t.me/s/DeltaKroneckerGithub_Clash_10491,0,0,0
https://t.me/s/DeltaKroneckerGithub_Clash_10493,0,0,0
https://t.me/s/DeltaKroneckerGithub_Clash_10495,0,0,0
https://t.me/s/DeltaKroneckerGithub_Clash_10497,0,0,0
https://t.me/s/DeltaKroneckerGithub_Clash_10499,0,0,0
https://t.me/s/DeltaKroneckerGithub_Clash_105,0,0,0
https://t.me/s/DeltaKroneckerGithub_Clash_10501,0,0,0
https://t.me/s/DeltaKroneckerGithub_Clash_10503,0,0,0
https://t.me/s/DeltaKroneckerGithub_Clash_10505,0,0,0
https://t.me/s/DeltaKroneckerGithub_Clash_10507,0,0,0
https://t.me/s/DeltaKroneckerGithub_Clash_10509,0,0,0
https://t.me/s/DeltaKroneckerGithub_Clash_1051,0,0,0
https://t.me/s/DeltaKroneckerGithub_Clash_10511,0,0,0
https://t.me/s/DeltaKroneckerGithub_Clash_10513,0,0,0
https://t.me/s/DeltaKroneckerGithub_Clash_10515,0,0,0
https://t.me/s/DeltaKroneckerGithub_Clash_10517,0,0,0
https://t.me/s/DeltaKroneckerGithub_Clash_10519,0,0,0
https://t.me/s/DeltaKroneckerGithub_Clash_10521,0,0,0
https://t.me/s/DeltaKroneckerGithub_Clash_10523,0,0,0
https://t.me/s/DeltaKroneckerGithub_Clash_10525,0,0,0
https://t.me/s/DeltaKroneckerGithub_Clash_10527,0,0,0
https://t.me/s/DeltaKroneckerGithub_Clash_10529,0,0,0
https://t.me/s/DeltaKroneckerGithub_Clash_1053,0,0,0
https://t.me/s/DeltaKroneckerGithub_Clash_10531,0,0,0
https://t.me/s/DeltaKroneckerGithub_Clash_10533,0,0,0
https://t.me/s/DeltaKroneckerGithub_Clash_10535,0,0,0
https://t.me/s/DeltaKroneckerGithub_Clash_10537,0,0,0
https://t.me/s/DeltaKroneckerGithub_Clash_10539,0,0,0
https://t.me/s/DeltaKroneckerGithub_Clash_10541,0,0,0
https://t.me/s/DeltaKroneckerGithub_Clash_10543,0,0,0
https://t.me/s/DeltaKroneckerGithub_Clash_10545,0,0,0
https://t.me/s/DeltaKroneckerGithub_Clash_10547,0,0,0
https://t.me/s/DeltaKroneckerGithub_Clash_10549,0,0,0
https://t.me/s/DeltaKroneckerGithub_Clash_1055,0,0,0
https://t.me/s/DeltaKroneckerGithub_Clash_10551,0,0,0
https://t.me/s/DeltaKroneckerGithub_Clash_10553,0,0,0
https://t.me/s/DeltaKroneckerGithub_Clash_10555,0,0,0
https://t.me/s/DeltaKroneckerGithub_Clash_10557,0,0,0
https://t.me/s/DeltaKroneckerGithub_Clash_10559,0,0,0
https://t.me/s/DeltaKroneckerGithub_Clash_10561,0,0,0
https://t.me/s/DeltaKroneckerGithub_Clash_10563,0,0,0
https://t.me/s/DeltaKroneckerGithub_Clash_10565,0,0,0
https://t.me/s/DeltaKroneckerGithub_Clash_10567,0,0,0
https://t.me/s/DeltaKroneckerGithub_Clash_10569,0,0,0
https://t.me/s/DeltaKroneckerGithub_Clash_1057,0,0,0
https://t.me/s/DeltaKroneckerGithub_Clash_10571,0,0,0
https://t.me/s/DeltaKroneckerGithub_Clash_10573,0,0,0
https://t.me/s/DeltaKroneckerGithub_Clash_10575,0,0,0
https://t.me/s/DeltaKroneckerGithub_Clash_10577,0,0,0
https://t.me/s/DeltaKroneckerGithub_Clash_10579,0,0,0
https://t.me/s/DeltaKroneckerGithub_Clash_10581,0,0,0
https://t.me/s/DeltaKroneckerGithub_Clash_10583,0,0,0
https://t.me/s/DeltaKroneckerGithub_Clash_10585,0,0,0
https://t.me/s/DeltaKroneckerGithub_Clash_10587,0,0,0
https://t.me/s/DeltaKroneckerGithub_Clash_10589,0,0,0
https://t.me/s/DeltaKroneckerGithub_Clash_1059,0,0,0
https://t.me/s/DeltaKroneckerGithub_Clash_10591,0,0,0
https://t.me/s/DeltaKroneckerGithub_Clash_10593,0,0,0
https://t.me/s/DeltaKroneckerGithub_Clash_10595,0,0,0
https://t.me/s/DeltaKroneckerGithub_Clash_10597,0,0,0
https://t.me/s/DeltaKroneckerGithub_Clash_10599,0,0,0
https://t.me/s/DeltaKroneckerGithub_Clash_10601,0,0,0
https://t.me/s/DeltaKroneckerGithub_Clash_10603,0,0,0
https://t.me/s/DeltaKroneckerGithub_Clash_10605,0,0,0
https://t.me/s/DeltaKroneckerGithub_Clash_10607,0,0,0
https://t.me/s/DeltaKroneckerGithub_Clash_10609,0,0,0
https://t.me/s/DeltaKroneckerGithub_Clash_1061,0,0,0
https://t.me/s/DeltaKroneckerGithub_Clash_10611,0,0,0
https://t.me/s/DeltaKroneckerGithub_Clash_10613,0,0,0
https://t.me/s/DeltaKroneckerGithub_Clash_10615,0,0,0
https://t.me/s/DeltaKroneckerGithub_Clash_10617,0,0,0
https://t.me/s/DeltaKroneckerGithub_Clash_10619,0,0,0
https://t.me/s/DeltaKroneckerGithub_Clash_10621,0,0,0
https://t.me/s/DeltaKroneckerGithub_Clash_10623,0,0,0
https://t.me/s/DeltaKroneckerGithub_Clash_10625,0,0,0
https://t.me/s/DeltaKroneckerGithub_Clash_10627,0,0,0
https://t.me/s/DeltaKroneckerGithub_Clash_10629,0,0,0
https://t.me/s/DeltaKroneckerGithub_Clash_1063,0,0,0
https://t.me/s/DeltaKroneckerGithub_Clash_10631,0,0,0
https://t.me/s/DeltaKroneckerGithub_Clash_10633,0,0,0
https://t.me/s/DeltaKroneckerGithub_Clash_10635,0,0,0
https://t.me/s/DeltaKroneckerGithub_Clash_10637,0,0,0
https://t.me/s/DeltaKroneckerGithub_Clash_10639,0,0,0
https://t.me/s/DeltaKroneckerGithub_Clash_10641,0,0,0
https://t.me/s/DeltaKroneckerGithub_Clash_10643,0,0,0
https://t.me/s/DeltaKroneckerGithub_Clash_10645,0,0,0
https://t.me/s/DeltaKroneckerGithub_Clash_10647,0,0,0
https://t.me/s/DeltaKroneckerGithub_Clash_10649,0,0,0
https://t.me/s/DeltaKroneckerGithub_Clash_1065,0,0,0
https://t.me/s/DeltaKroneckerGithub_Clash_10651,0,0,0
https://t.me/s/DeltaKroneckerGithub_Clash_10653,0,0,0
https://t.me/s/DeltaKroneckerGithub_Clash_10655,0,0,0
https://t.me/s/DeltaKroneckerGithub_Clash_10657,0,0,0
https://t.me/s/DeltaKroneckerGithub_Clash_10659,0,0,0
https://t.me/s/DeltaKroneckerGithub_Clash_10661,0,0,0
https://t.me/s/DeltaKroneckerGithub_Clash_10663,0,0,0
https://t.me/s/DeltaKroneckerGithub_Clash_10665,0,0,0
https://t.me/s/DeltaKroneckerGithub_Clash_10667,0,0,0
https://t.me/s/DeltaKroneckerGithub_Clash_10669,0,0,0
https://t.me/s/DeltaKroneckerGithub_Clash_10671,0,0,0
https://t.me/s/DeltaKroneckerGithub_Clash_10673,0,0,0
https://t.me/s/DeltaKroneckerGithub_Clash_10675,0,0,0
https://t.me/s/DeltaKroneckerGithub_Clash_10677,0,0,0
https://t.me/s/DeltaKroneckerGithub_Clash_10679,0,0,0
https://t.me/s/DeltaKroneckerGithub_Clash_10681,0,0,0
https://t.me/s/DeltaKroneckerGithub_Clash_10683,0,0,0
https://t.me/s/DeltaKroneckerGithub_Clash_10685,0,0,0
https://t.me/s/DeltaKroneckerGithub_Clash_10687,0,0,0
https://t.me/s/DeltaKroneckerGithub_Clash_10689,0,0,0
https://t.me/s/DeltaKroneckerGithub_Clash_10691,0,0,0
https://t.me/s/DeltaKroneckerGithub_Clash_10693,0,0,0
https://t.me/s/DeltaKroneckerGithub_Clash_10695,0,0,0
https://t.me/s/DeltaKroneckerGithub_Clash_10697,0,0,0
https://t.me/s/DeltaKroneckerGithub_Clash_10699,0,0,0
https://t.me/s/DeltaKroneckerGithub_Clash_10701,0,0,0
https://t.me/s/DeltaKroneckerGithub_Clash_10703,0,0,0
https://t.me/s/DeltaKroneckerGithub_Clash_10705,0,0,0
https://t.me/s/DeltaKroneckerGithub_Clash_10707,0,0,0
https://t.me/s/DeltaKroneckerGithub_Clash_10709,0,0,0
https://t.me/s/DeltaKroneckerGithub_Clash_1071,0,0,0
https://t.me/s/DeltaKroneckerGithub_Clash_10711,0,0,0
https://t.me/s/DeltaKroneckerGithub_Clash_10713,0,0,0
https://t.me/s/DeltaKroneckerGithub_Clash_10715,0,0,0
https://t.me/s/DeltaKroneckerGithub_Clash_10717,0,0,0
https://t.me/s/DeltaKroneckerGithub_Clash_10719,0,0,0
https://t.me/s/DeltaKroneckerGithub_Clash_10721,0,0,0
https://t.me/s/DeltaKroneckerGithub_Clash_10723,0,0,0
https://t.me/s/DeltaKroneckerGithub_Clash_10725,0,0,0
https://t.me/s/DeltaKroneckerGithub_Clash_10727,0,0,0
https://t.me/s/DeltaKroneckerGithub_Clash_10729,0,0,0
https://t.me/s/DeltaKroneckerGithub_Clash_1073,0,0,0
https://t.me/s/DeltaKroneckerGithub_Clash_10731,0,0,0
https://t.me/s/DeltaKroneckerGithub_Clash_10733,0,0,0
https://t.me/s/DeltaKroneckerGithub_Clash_10735,0,0,0
https://t.me/s/DeltaKroneckerGithub_Clash_10737,0,0,0
https://t.me/s/DeltaKroneckerGithub_Clash_10739,0,0,0
https://t.me/s/DeltaKroneckerGithub_Clash_10741,0,0,0
https://t.me/s/DeltaKroneckerGithub_Clash_10743,0,0,0
https://t.me/s/DeltaKroneckerGithub_Clash_10745,0,0,0
https://t.me/s/DeltaKroneckerGithub_Clash_10747,0,0,0
https://t.me/s/DeltaKroneckerGithub_Clash_10749,0,0,0
https://t.me/s/DeltaKroneckerGithub_Clash_1075,0,0,0
https://t.me/s/DeltaKroneckerGithub_Clash_10751,0,0,0
https://t.me/s/DeltaKroneckerGithub_Clash_10753,0,0,0
https://t.me/s/DeltaKroneckerGithub_Clash_10755,0,0,0
https://t.me/s/DeltaKroneckerGithub_Clash_10757,0,0,0
https://t.me/s/DeltaKroneckerGithub_Clash_10759,0,0,0
https://t.me/s/DeltaKroneckerGithub_Clash_10761,0,0,0
https://t.me/s/DeltaKroneckerGithub_Clash_10763,0,0,0
https://t.me/s/DeltaKroneckerGithub_Clash_10765,0,0,0
https://t.me/s/DeltaKroneckerGithub_Clash_10767,0,0,0
https://t.me/s/DeltaKroneckerGithub_Clash_10769,0,0,0
https://t.me/s/DeltaKroneckerGithub_Clash_1077,0,0,0
https://t.me/s/DeltaKroneckerGithub_Clash_10771,0,0,0
https://t.me/s/DeltaKroneckerGithub_Clash_10773,0,0,0
https://t.me/s/DeltaKroneckerGithub_Clash_10775,0,0,0
https://t.me/s/DeltaKroneckerGithub_Clash_10777,0,0,0
https://t.me/s/DeltaKroneckerGithub_Clash_10779,0,0,0
https://t.me/s/DeltaKroneckerGithub_Clash_10781,0,0,0
https://t.me/s/DeltaKroneckerGithub_Clash_10783,0,0,0
https://t.me/s/DeltaKroneckerGithub_Clash_10785,0,0,0
https://t.me/s/DeltaKroneckerGithub_Clash_10787,0,0,0
https://t.me/s/DeltaKroneckerGithub_Clash_10789,0,0,0
https://t.me/s/DeltaKroneckerGithub_Clash_1079,0,0,0
https://t.me/s/DeltaKroneckerGithub_Clash_10791,0,0,0
https://t.me/s/DeltaKroneckerGithub_Clash_10793,0,0,0
https://t.me/s/DeltaKroneckerGithub_Clash_10795,0,0,0
https://t.me/s/DeltaKroneckerGithub_Clash_10797,0,0,0
https://t.me/s/DeltaKroneckerGithub_Clash_10799,0,0,0
https://t.me/s/DeltaKroneckerGithub_Clash_10801,0,0,0
https://t.me/s/DeltaKroneckerGithub_Clash_10803,0,0,0
https://t.me/s/DeltaKroneckerGithub_Clash_10805,0,0,0
https://t.me/s/DeltaKroneckerGithub_Clash_10807,0,0,0
https://t.me/s/DeltaKroneckerGithub_Clash_10809,0,0,0
https://t.me/s/DeltaKroneckerGithub_Clash_1081,0,0,0
https://t.me/s/DeltaKroneckerGithub_Clash_10811,0,0,0
https://t.me/s/DeltaKroneckerGithub_Clash_10813,0,0,0
https://t.me/s/DeltaKroneckerGithub_Clash_10815,0,0,0
https://t.me/s/DeltaKroneckerGithub_Clash_10817,0,0,0
https://t.me/s/DeltaKroneckerGithub_Clash_10819,0,0,0
https://t.me/s/DeltaKroneckerGithub_Clash_10821,0,0,0
https://t.me/s/DeltaKroneckerGithub_Clash_10823,0,0,0
https://t.me/s/DeltaKroneckerGithub_Clash_10825,0,0,0
https://t.me/s/DeltaKroneckerGithub_Clash_10827,0,0,0
https://t.me/s/DeltaKroneckerGithub_Clash_10829,0,0,0
https://t.me/s/DeltaKroneckerGithub_Clash_1083,0,0,0
https://t.me/s/DeltaKroneckerGithub_Clash_10831,0,0,0
https://t.me/s/DeltaKroneckerGithub_Clash_10833,0,0,0
https://t.me/s/DeltaKroneckerGithub_Clash_10835,0,0,0
https://t.me/s/DeltaKroneckerGithub_Clash_10837,0,0,0
https://t.me/s/DeltaKroneckerGithub_Clash_10839,0,0,0
https://t.me/s/DeltaKroneckerGithub_Clash_10841,0,0,0
https://t.me/s/DeltaKroneckerGithub_Clash_10843,0,0,0
https://t.me/s/DeltaKroneckerGithub_Clash_10845,0,0,0
https://t.me/s/DeltaKroneckerGithub_Clash_10847,0,0,0
https://t.me/s/DeltaKroneckerGithub_Clash_10849,0,0,0
https://t.me/s/DeltaKroneckerGithub_Clash_1085,0,0,0
https://t.me/s/DeltaKroneckerGithub_Clash_10851,0,0,0
https://t.me/s/DeltaKroneckerGithub_Clash_10853,0,0,0
https://t.me/s/DeltaKroneckerGithub_Clash_10855,0,0,0
https://t.me/s/DeltaKroneckerGithub_Clash_10857,0,0,0
https://t.me/s/DeltaKroneckerGithub_Clash_10859,0,0,0
https://t.me/s/DeltaKroneckerGithub_Clash_10861,0,0,0
https://t.me/s/DeltaKroneckerGithub_Clash_10863,0,0,0
https://t.me/s/DeltaKroneckerGithub_Clash_10865,0,0,0
https://t.me/s/DeltaKroneckerGithub_Clash_10867,0,0,0
https://t.me/s/DeltaKroneckerGithub_Clash_10869,0,0,0
https://t.me/s/DeltaKroneckerGithub_Clash_1087,0,0,0
https://t.me/s/DeltaKroneckerGithub_Clash_10871,0,0,0
https://t.me/s/DeltaKroneckerGithub_Clash_10873,0,0,0
https://t.me/s/DeltaKroneckerGithub_Clash_10875,0,0,0
https://t.me/s/DeltaKroneckerGithub_Clash_10877,0,0,0
https://t.me/s/DeltaKroneckerGithub_Clash_10879,0,0,0
https://t.me/s/DeltaKroneckerGithub_Clash_10881,0,0,0
https://t.me/s/DeltaKroneckerGithub_Clash_10883,0,0,0
https://t.me/s/DeltaKroneckerGithub_Clash_10885,0,0,0
https://t.me/s/DeltaKroneckerGithub_Clash_10887,0,0,0
https://t.me/s/DeltaKroneckerGithub_Clash_10889,0,0,0
https://t.me/s/DeltaKroneckerGithub_Clash_1089,0,0,0
https://t.me/s/DeltaKroneckerGithub_Clash_10891,0,0,0
https://t.me/s/DeltaKroneckerGithub_Clash_10893,0,0,0
https://t.me/s/DeltaKroneckerGithub_Clash_10895,0,0,0
https://t.me/s/DeltaKroneckerGithub_Clash_10897,0,0,0
https://t.me/s/DeltaKroneckerGithub_Clash_10899,0,0,0
https://t.me/s/DeltaKroneckerGithub_Clash_109,0,0,0
https://t.me/s/DeltaKroneckerGithub_Clash_10901,0,0,0
https://t.me/s/DeltaKroneckerGithub_Clash_10903,0,0,0
https://t.me/s/DeltaKroneckerGithub_Clash_10905,0,0,0
https://t.me/s/DeltaKroneckerGithub_Clash_10907,0,0,0
https://t.me/s/DeltaKroneckerGithub_Clash_10909,0,0,0
https://t.me/s/DeltaKroneckerGithub_Clash_10911,0,0,0
https://t.me/s/DeltaKroneckerGithub_Clash_10913,0,0,0
https://t.me/s/DeltaKroneckerGithub_Clash_10915,0,0,0
https://t.me/s/DeltaKroneckerGithub_Clash_10917,0,0,0
https://t.me/s/DeltaKroneckerGithub_Clash_10919,0,0,0
https://t.me/s/DeltaKroneckerGithub_Clash_10921,0,0,0
https://t.me/s/DeltaKroneckerGithub_Clash_10923,0,0,0
https://t.me/s/DeltaKroneckerGithub_Clash_10925,0,0,0
https://t.me/s/DeltaKroneckerGithub_Clash_10927,0,0,0
https://t.me/s/DeltaKroneckerGithub_Clash_10929,0,0,0
https://t.me/s/DeltaKroneckerGithub_Clash_1093,0,0,0
https://t.me/s/DeltaKroneckerGithub_Clash_10931,0,0,0
https://t.me/s/DeltaKroneckerGithub_Clash_10933,0,0,0
https://t.me/s/DeltaKroneckerGithub_Clash_10935,0,0,0
https://t.me/s/DeltaKroneckerGithub_Clash_10937,0,0,0
https://t.me/s/DeltaKroneckerGithub_Clash_10939,0,0,0
https://t.me/s/DeltaKroneckerGithub_Clash_10941,0,0,0
https://t.me/s/DeltaKroneckerGithub_Clash_10943,0,0,0
https://t.me/s/DeltaKroneckerGithub_Clash_10945,0,0,0
https://t.me/s/DeltaKroneckerGithub_Clash_10947,0,0,0
https://t.me/s/DeltaKroneckerGithub_Clash_10949,0,0,0
https://t.me/s/DeltaKroneckerGithub_Clash_1095,0,0,0
https://t.me/s/DeltaKroneckerGithub_Clash_10951,0,0,0
https://t.me/s/DeltaKroneckerGithub_Clash_10953,0,0,0
https://t.me/s/DeltaKroneckerGithub_Clash_10955,0,0,0
https://t.me/s/DeltaKroneckerGithub_Clash_10957,0,0,0
https://t.me/s/DeltaKroneckerGithub_Clash_10959,0,0,0
https://t.me/s/DeltaKroneckerGithub_Clash_10961,0,0,0
https://t.me/s/DeltaKroneckerGithub_Clash_10963,0,0,0
https://t.me/s/DeltaKroneckerGithub_Clash_10965,0,0,0
https://t.me/s/DeltaKroneckerGithub_Clash_10967,0,0,0
https://t.me/s/DeltaKroneckerGithub_Clash_10969,0,0,0
https://t.me/s/DeltaKroneckerGithub_Clash_10971,0,0,0
https://t.me/s/DeltaKroneckerGithub_Clash_10973,0,0,0
https://t.me/s/DeltaKroneckerGithub_Clash_10975,0,0,0
https://t.me/s/DeltaKroneckerGithub_Clash_10977,0,0,0
https://t.me/s/DeltaKroneckerGithub_Clash_10979,0,0,0
https://t.me/s/DeltaKroneckerGithub_Clash_10981,0,0,0
https://t.me/s/DeltaKroneckerGithub_Clash_10983,0,0,0
https://t.me/s/DeltaKroneckerGithub_Clash_10985,0,0,0
https://t.me/s/DeltaKroneckerGithub_Clash_10987,0,0,0
https://t.me/s/DeltaKroneckerGithub_Clash_10989,0,0,0
https://t.me/s/DeltaKroneckerGithub_Clash_1099,0,0,0
https://t.me/s/DeltaKroneckerGithub_Clash_10991,0,0,0
https://t.me/s/DeltaKroneckerGithub_Clash_10993,0,0,0
https://t.me/s/DeltaKroneckerGithub_Clash_10995,0,0,0
https://t.me/s/DeltaKroneckerGithub_Clash_10997,0,0,0
https://t.me/s/DeltaKroneckerGithub_Clash_10999,0,0,0
https://t.me/s/DeltaKroneckerGithub_Clash_11,0,0,0
https://t.me/s/DeltaKroneckerGithub_Clash_11001,0,0,0
https://t.me/s/DeltaKroneckerGithub_Clash_11003,0,0,0
https://t.me/s/DeltaKroneckerGithub_Clash_11005,0,0,0
https://t.me/s/DeltaKroneckerGithub_Clash_11007,0,0,0
https://t.me/s/DeltaKroneckerGithub_Clash_11009,0,0,0
https://t.me/s/DeltaKroneckerGithub_Clash_1101,0,0,0
https://t.me/s/DeltaKroneckerGithub_Clash_11011,0,0,0
https://t.me/s/DeltaKroneckerGithub_Clash_11013,0,0,0
https://t.me/s/DeltaKroneckerGithub_Clash_11015,0,0,0
https://t.me/s/DeltaKroneckerGithub_Clash_11017,0,0,0
https://t.me/s/DeltaKroneckerGithub_Clash_11019,0,0,0
https://t.me/s/DeltaKroneckerGithub_Clash_11021,0,0,0
https://t.me/s/DeltaKroneckerGithub_Clash_11023,0,0,0
https://t.me/s/DeltaKroneckerGithub_Clash_11025,0,0,0
https://t.me/s/DeltaKroneckerGithub_Clash_11027,0,0,0
https://t.me/s/DeltaKroneckerGithub_Clash_11029,0,0,0
https://t.me/s/DeltaKroneckerGithub_Clash_1103,0,0,0
https://t.me/s/DeltaKroneckerGithub_Clash_11031,0,0,0
https://t.me/s/DeltaKroneckerGithub_Clash_11033,0,0,0
https://t.me/s/DeltaKroneckerGithub_Clash_11035,0,0,0
https://t.me/s/DeltaKroneckerGithub_Clash_11037,0,0,0
https://t.me/s/DeltaKroneckerGithub_Clash_11039,0,0,0
https://t.me/s/DeltaKroneckerGithub_Clash_11041,0,0,0
https://t.me/s/DeltaKroneckerGithub_Clash_11043,0,0,0
https://t.me/s/DeltaKroneckerGithub_Clash_11045,0,0,0
https://t.me/s/DeltaKroneckerGithub_Clash_11047,0,0,0
https://t.me/s/DeltaKroneckerGithub_Clash_11049,0,0,0
https://t.me/s/DeltaKroneckerGithub_Clash_1105,0,0,0
https://t.me/s/DeltaKroneckerGithub_Clash_11051,0,0,0
https://t.me/s/DeltaKroneckerGithub_Clash_11053,0,0,0
https://t.me/s/DeltaKroneckerGithub_Clash_11055,0,0,0
https://t.me/s/DeltaKroneckerGithub_Clash_11057,0,0,0
https://t.me/s/DeltaKroneckerGithub_Clash_11059,0,0,0
https://t.me/s/DeltaKroneckerGithub_Clash_11061,0,0,0
https://t.me/s/DeltaKroneckerGithub_Clash_11063,0,0,0
https://t.me/s/DeltaKroneckerGithub_Clash_11065,0,0,0
https://t.me/s/DeltaKroneckerGithub_Clash_11067,0,0,0
https://t.me/s/DeltaKroneckerGithub_Clash_11069,0,0,0
https://t.me/s/DeltaKroneckerGithub_Clash_1107,0,0,0
https://t.me/s/DeltaKroneckerGithub_Clash_11071,0,0,0
https://t.me/s/DeltaKroneckerGithub_Clash_11073,0,0,0
https://t.me/s/DeltaKroneckerGithub_Clash_11075,0,0,0
https://t.me/s/DeltaKroneckerGithub_Clash_11077,0,0,0
https://t.me/s/DeltaKroneckerGithub_Clash_11079,0,0,0
https://t.me/s/DeltaKroneckerGithub_Clash_11081,0,0,0
https://t.me/s/DeltaKroneckerGithub_Clash_11083,0,0,0
https://t.me/s/DeltaKroneckerGithub_Clash_11085,0,0,0
https://t.me/s/DeltaKroneckerGithub_Clash_11087,0,0,0
https://t.me/s/DeltaKroneckerGithub_Clash_11089,0,0,0
https://t.me/s/DeltaKroneckerGithub_Clash_1109,0,0,0
https://t.me/s/DeltaKroneckerGithub_Clash_11091,0,0,0
https://t.me/s/DeltaKroneckerGithub_Clash_11093,0,0,0
https://t.me/s/DeltaKroneckerGithub_Clash_11095,0,0,0
https://t.me/s/DeltaKroneckerGithub_Clash_11097,0,0,0
https://t.me/s/DeltaKroneckerGithub_Clash_11099,0,0,0
https://t.me/s/DeltaKroneckerGithub_Clash_111,0,0,0
https://t.me/s/DeltaKroneckerGithub_Clash_11101,0,0,0
https://t.me/s/DeltaKroneckerGithub_Clash_11103,0,0,0
https://t.me/s/DeltaKroneckerGithub_Clash_11105,0,0,0
https://t.me/s/DeltaKroneckerGithub_Clash_11107,0,0,0
https://t.me/s/DeltaKroneckerGithub_Clash_11109,0,0,0
https://t.me/s/DeltaKroneckerGithub_Clash_1111,0,0,0
https://t.me/s/DeltaKroneckerGithub_Clash_11111,0,0,0
https://t.me/s/DeltaKroneckerGithub_Clash_11113,0,0,0
https://t.me/s/DeltaKroneckerGithub_Clash_11115,0,0,0
https://t.me/s/DeltaKroneckerGithub_Clash_11117,0,0,0
https://t.me/s/DeltaKroneckerGithub_Clash_11119,0,0,0
https://t.me/s/DeltaKroneckerGithub_Clash_11121,0,0,0
https://t.me/s/DeltaKroneckerGithub_Clash_11123,0,0,0
https://t.me/s/DeltaKroneckerGithub_Clash_11125,0,0,0
https://t.me/s/DeltaKroneckerGithub_Clash_11127,0,0,0
https://t.me/s/DeltaKroneckerGithub_Clash_11129,0,0,0
https://t.me/s/DeltaKroneckerGithub_Clash_11131,0,0,0
https://t.me/s/DeltaKroneckerGithub_Clash_11133,0,0,0
https://t.me/s/DeltaKroneckerGithub_Clash_11135,0,0,0
https://t.me/s/DeltaKroneckerGithub_Clash_11137,0,0,0
https://t.me/s/DeltaKroneckerGithub_Clash_11139,0,0,0
https://t.me/s/DeltaKroneckerGithub_Clash_11141,0,0,0
https://t.me/s/DeltaKroneckerGithub_Clash_11143,0,0,0
https://t.me/s/DeltaKroneckerGithub_Clash_11145,0,0,0
https://t.me/s/DeltaKroneckerGithub_Clash_11147,0,0,0
https://t.me/s/DeltaKroneckerGithub_Clash_11149,0,0,0
https://t.me/s/DeltaKroneckerGithub_Clash_1115,0,0,0
https://t.me/s/DeltaKroneckerGithub_Clash_11151,0,0,0
https://t.me/s/DeltaKroneckerGithub_Clash_11153,0,0,0
https://t.me/s/DeltaKroneckerGithub_Clash_11155,0,0,0
https://t.me/s/DeltaKroneckerGithub_Clash_11157,0,0,0
https://t.me/s/DeltaKroneckerGithub_Clash_11159,0,0,0
https://t.me/s/DeltaKroneckerGithub_Clash_11161,0,0,0
https://t.me/s/DeltaKroneckerGithub_Clash_11163,0,0,0
https://t.me/s/DeltaKroneckerGithub_Clash_11165,0,0,0
https://t.me/s/DeltaKroneckerGithub_Clash_11167,0,0,0
https://t.me/s/DeltaKroneckerGithub_Clash_11169,0,0,0
https://t.me/s/DeltaKroneckerGithub_Clash_1117,0,0,0
https://t.me/s/DeltaKroneckerGithub_Clash_11171,0,0,0
https://t.me/s/DeltaKroneckerGithub_Clash_11173,0,0,0
https://t.me/s/DeltaKroneckerGithub_Clash_11175,0,0,0
https://t.me/s/DeltaKroneckerGithub_Clash_11177,0,0,0
https://t.me/s/DeltaKroneckerGithub_Clash_11179,0,0,0
https://t.me/s/DeltaKroneckerGithub_Clash_11181,0,0,0
https://t.me/s/DeltaKroneckerGithub_Clash_11183,0,0,0
https://t.me/s/DeltaKroneckerGithub_Clash_11185,0,0,0
https://t.me/s/DeltaKroneckerGithub_Clash_11187,0,0,0
https://t.me/s/DeltaKroneckerGithub_Clash_11189,0,0,0
https://t.me/s/DeltaKroneckerGithub_Clash_1119,0,0,0
https://t.me/s/DeltaKroneckerGithub_Clash_11191,0,0,0
https://t.me/s/DeltaKroneckerGithub_Clash_11193,0,0,0
https://t.me/s/DeltaKroneckerGithub_Clash_11195,0,0,0
https://t.me/s/DeltaKroneckerGithub_Clash_11197,0,0,0
https://t.me/s/DeltaKroneckerGithub_Clash_11199,0,0,0
https://t.me/s/DeltaKroneckerGithub_Clash_11201,0,0,0
https://t.me/s/DeltaKroneckerGithub_Clash_11203,0,0,0
https://t.me/s/DeltaKroneckerGithub_Clash_11205,0,0,0
https://t.me/s/DeltaKroneckerGithub_Clash_11207,0,0,0
https://t.me/s/DeltaKroneckerGithub_Clash_11209,0,0,0
https://t.me/s/DeltaKroneckerGithub_Clash_1121,0,0,0
https://t.me/s/DeltaKroneckerGithub_Clash_11211,0,0,0
https://t.me/s/DeltaKroneckerGithub_Clash_11213,0,0,0
https://t.me/s/DeltaKroneckerGithub_Clash_11215,0,0,0
https://t.me/s/DeltaKroneckerGithub_Clash_11217,0,0,0
https://t.me/s/DeltaKroneckerGithub_Clash_11219,0,0,0
https://t.me/s/DeltaKroneckerGithub_Clash_11221,0,0,0
https://t.me/s/DeltaKroneckerGithub_Clash_11223,0,0,0
https://t.me/s/DeltaKroneckerGithub_Clash_11225,0,0,0
https://t.me/s/DeltaKroneckerGithub_Clash_11227,0,0,0
https://t.me/s/DeltaKroneckerGithub_Clash_11229,0,0,0
https://t.me/s/DeltaKroneckerGithub_Clash_1123,0,0,0
https://t.me/s/DeltaKroneckerGithub_Clash_11231,0,0,0
https://t.me/s/DeltaKroneckerGithub_Clash_11233,0,0,0
https://t.me/s/DeltaKroneckerGithub_Clash_11235,0,0,0
https://t.me/s/DeltaKroneckerGithub_Clash_11237,0,0,0
https://t.me/s/DeltaKroneckerGithub_Clash_11239,0,0,0
https://t.me/s/DeltaKroneckerGithub_Clash_11241,0,0,0
https://t.me/s/DeltaKroneckerGithub_Clash_11243,0,0,0
https://t.me/s/DeltaKroneckerGithub_Clash_11245,0,0,0
https://t.me/s/DeltaKroneckerGithub_Clash_11247,0,0,0
https://t.me/s/DeltaKroneckerGithub_Clash_11249,0,0,0
https://t.me/s/DeltaKroneckerGithub_Clash_1125,0,0,0
https://t.me/s/DeltaKroneckerGithub_Clash_11251,0,0,0
https://t.me/s/DeltaKroneckerGithub_Clash_11253,0,0,0
https://t.me/s/DeltaKroneckerGithub_Clash_11255,0,0,0
https://t.me/s/DeltaKroneckerGithub_Clash_11257,0,0,0
https://t.me/s/DeltaKroneckerGithub_Clash_11259,0,0,0
https://t.me/s/DeltaKroneckerGithub_Clash_11261,0,0,0
https://t.me/s/DeltaKroneckerGithub_Clash_11263,0,0,0
https://t.me/s/DeltaKroneckerGithub_Clash_11265,0,0,0
https://t.me/s/DeltaKroneckerGithub_Clash_11267,0,0,0
https://t.me/s/DeltaKroneckerGithub_Clash_11269,0,0,0
https://t.me/s/DeltaKroneckerGithub_Clash_1127,0,0,0
https://t.me/s/DeltaKroneckerGithub_Clash_11271,0,0,0
https://t.me/s/DeltaKroneckerGithub_Clash_11273,0,0,0
https://t.me/s/DeltaKroneckerGithub_Clash_11275,0,0,0
https://t.me/s/DeltaKroneckerGithub_Clash_11277,0,0,0
https://t.me/s/DeltaKroneckerGithub_Clash_11279,0,0,0
https://t.me/s/DeltaKroneckerGithub_Clash_11281,0,0,0
https://t.me/s/DeltaKroneckerGithub_Clash_11283,0,0,0
https://t.me/s/DeltaKroneckerGithub_Clash_11285,0,0,0
https://t.me/s/DeltaKroneckerGithub_Clash_11287,0,0,0
https://t.me/s/DeltaKroneckerGithub_Clash_11289,0,0,0
https://t.me/s/DeltaKroneckerGithub_Clash_1129,0,0,0
https://t.me/s/DeltaKroneckerGithub_Clash_11291,0,0,0
https://t.me/s/DeltaKroneckerGithub_Clash_11293,0,0,0
https://t.me/s/DeltaKroneckerGithub_Clash_11295,0,0,0
https://t.me/s/DeltaKroneckerGithub_Clash_11297,0,0,0
https://t.me/s/DeltaKroneckerGithub_Clash_11299,0,0,0
https://t.me/s/DeltaKroneckerGithub_Clash_113,0,0,0
https://t.me/s/DeltaKroneckerGithub_Clash_11301,0,0,0
https://t.me/s/DeltaKroneckerGithub_Clash_11303,0,0,0
https://t.me/s/DeltaKroneckerGithub_Clash_11305,0,0,0
https://t.me/s/DeltaKroneckerGithub_Clash_11307,0,0,0
https://t.me/s/DeltaKroneckerGithub_Clash_11309,0,0,0
https://t.me/s/DeltaKroneckerGithub_Clash_1131,0,0,0
https://t.me/s/DeltaKroneckerGithub_Clash_11311,0,0,0
https://t.me/s/DeltaKroneckerGithub_Clash_11313,0,0,0
https://t.me/s/DeltaKroneckerGithub_Clash_11315,0,0,0
https://t.me/s/DeltaKroneckerGithub_Clash_11317,0,0,0
https://t.me/s/DeltaKroneckerGithub_Clash_11319,0,0,0
https://t.me/s/DeltaKroneckerGithub_Clash_11321,0,0,0
https://t.me/s/DeltaKroneckerGithub_Clash_11323,0,0,0
https://t.me/s/DeltaKroneckerGithub_Clash_11325,0,0,0
https://t.me/s/DeltaKroneckerGithub_Clash_11327,0,0,0
https://t.me/s/DeltaKroneckerGithub_Clash_11329,0,0,0
https://t.me/s/DeltaKroneckerGithub_Clash_1133,0,0,0
https://t.me/s/DeltaKroneckerGithub_Clash_11331,0,0,0
https://t.me/s/DeltaKroneckerGithub_Clash_11333,0,0,0
https://t.me/s/DeltaKroneckerGithub_Clash_11335,0,0,0
https://t.me/s/DeltaKroneckerGithub_Clash_11337,0,0,0
https://t.me/s/DeltaKroneckerGithub_Clash_11339,0,0,0
https://t.me/s/DeltaKroneckerGithub_Clash_11341,0,0,0
https://t.me/s/DeltaKroneckerGithub_Clash_11343,0,0,0
https://t.me/s/DeltaKroneckerGithub_Clash_11345,0,0,0
https://t.me/s/DeltaKroneckerGithub_Clash_11347,0,0,0
https://t.me/s/DeltaKroneckerGithub_Clash_11349,0,0,0
https://t.me/s/DeltaKroneckerGithub_Clash_1135,0,0,0
https://t.me/s/DeltaKroneckerGithub_Clash_11351,0,0,0
https://t.me/s/DeltaKroneckerGithub_Clash_11353,0,0,0
https://t.me/s/DeltaKroneckerGithub_Clash_11355,0,0,0
https://t.me/s/DeltaKroneckerGithub_Clash_11357,0,0,0
https://t.me/s/DeltaKroneckerGithub_Clash_11359,0,0,0
https://t.me/s/DeltaKroneckerGithub_Clash_11361,0,0,0
https://t.me/s/DeltaKroneckerGithub_Clash_11363,0,0,0
https://t.me/s/DeltaKroneckerGithub_Clash_11365,0,0,0
https://t.me/s/DeltaKroneckerGithub_Clash_11367,0,0,0
https://t.me/s/DeltaKroneckerGithub_Clash_11369,0,0,0
https://t.me/s/DeltaKroneckerGithub_Clash_1137,0,0,0
https://t.me/s/DeltaKroneckerGithub_Clash_11371,0,0,0
https://t.me/s/DeltaKroneckerGithub_Clash_11373,0,0,0
https://t.me/s/DeltaKroneckerGithub_Clash_11375,0,0,0
https://t.me/s/DeltaKroneckerGithub_Clash_11377,0,0,0
https://t.me/s/DeltaKroneckerGithub_Clash_11379,0,0,0
https://t.me/s/DeltaKroneckerGithub_Clash_11381,0,0,0
https://t.me/s/DeltaKroneckerGithub_Clash_11383,0,0,0
https://t.me/s/DeltaKroneckerGithub_Clash_11385,0,0,0
https://t.me/s/DeltaKroneckerGithub_Clash_11387,0,0,0
https://t.me/s/DeltaKroneckerGithub_Clash_11389,0,0,0
https://t.me/s/DeltaKroneckerGithub_Clash_1139,0,0,0
https://t.me/s/DeltaKroneckerGithub_Clash_11391,0,0,0
https://t.me/s/DeltaKroneckerGithub_Clash_11393,0,0,0
https://t.me/s/DeltaKroneckerGithub_Clash_11395,0,0,0
https://t.me/s/DeltaKroneckerGithub_Clash_11397,0,0,0
https://t.me/s/DeltaKroneckerGithub_Clash_11399,0,0,0
https://t.me/s/DeltaKroneckerGithub_Clash_11401,0,0,0
https://t.me/s/DeltaKroneckerGithub_Clash_11403,0,0,0
https://t.me/s/DeltaKroneckerGithub_Clash_11405,0,0,0
https://t.me/s/DeltaKroneckerGithub_Clash_11407,0,0,0
https://t.me/s/DeltaKroneckerGithub_Clash_11409,0,0,0
https://t.me/s/DeltaKroneckerGithub_Clash_1141,0,0,0
https://t.me/s/DeltaKroneckerGithub_Clash_11411,0,0,0
https://t.me/s/DeltaKroneckerGithub_Clash_11413,0,0,0
https://t.me/s/DeltaKroneckerGithub_Clash_11415,0,0,0
https://t.me/s/DeltaKroneckerGithub_Clash_11417,0,0,0
https://t.me/s/DeltaKroneckerGithub_Clash_11419,0,0,0
https://t.me/s/DeltaKroneckerGithub_Clash_11421,0,0,0
https://t.me/s/DeltaKroneckerGithub_Clash_11423,0,0,0
https://t.me/s/DeltaKroneckerGithub_Clash_11425,0,0,0
https://t.me/s/DeltaKroneckerGithub_Clash_11427,0,0,0
https://t.me/s/DeltaKroneckerGithub_Clash_11429,0,0,0
https://t.me/s/DeltaKroneckerGithub_Clash_1143,0,0,0
https://t.me/s/DeltaKroneckerGithub_Clash_11431,0,0,0
https://t.me/s/DeltaKroneckerGithub_Clash_11433,0,0,0
https://t.me/s/DeltaKroneckerGithub_Clash_11435,0,0,0
https://t.me/s/DeltaKroneckerGithub_Clash_11437,0,0,0
https://t.me/s/DeltaKroneckerGithub_Clash_11439,0,0,0
https://t.me/s/DeltaKroneckerGithub_Clash_11441,0,0,0
https://t.me/s/DeltaKroneckerGithub_Clash_11443,0,0,0
https://t.me/s/DeltaKroneckerGithub_Clash_11445,0,0,0
https://t.me/s/DeltaKroneckerGithub_Clash_11447,0,0,0
https://t.me/s/DeltaKroneckerGithub_Clash_11449,0,0,0
https://t.me/s/DeltaKroneckerGithub_Clash_1145,0,0,0
https://t.me/s/DeltaKroneckerGithub_Clash_11451,0,0,0
https://t.me/s/DeltaKroneckerGithub_Clash_11453,0,0,0
https://t.me/s/DeltaKroneckerGithub_Clash_11455,0,0,0
https://t.me/s/DeltaKroneckerGithub_Clash_11457,0,0,0
https://t.me/s/DeltaKroneckerGithub_Clash_11459,0,0,0
https://t.me/s/DeltaKroneckerGithub_Clash_11461,0,0,0
https://t.me/s/DeltaKroneckerGithub_Clash_11463,0,0,0
https://t.me/s/DeltaKroneckerGithub_Clash_11465,0,0,0
https://t.me/s/DeltaKroneckerGithub_Clash_11467,0,0,0
https://t.me/s/DeltaKroneckerGithub_Clash_11469,0,0,0
https://t.me/s/DeltaKroneckerGithub_Clash_1147,0,0,0
https://t.me/s/DeltaKroneckerGithub_Clash_11471,0,0,0
https://t.me/s/DeltaKroneckerGithub_Clash_11473,0,0,0
https://t.me/s/DeltaKroneckerGithub_Clash_11475,0,0,0
https://t.me/s/DeltaKroneckerGithub_Clash_11477,0,0,0
https://t.me/s/DeltaKroneckerGithub_Clash_11479,0,0,0
https://t.me/s/DeltaKroneckerGithub_Clash_11481,0,0,0
https://t.me/s/DeltaKroneckerGithub_Clash_11483,0,0,0
https://t.me/s/DeltaKroneckerGithub_Clash_11485,0,0,0
https://t.me/s/DeltaKroneckerGithub_Clash_11487,0,0,0
https://t.me/s/DeltaKroneckerGithub_Clash_11489,0,0,0
https://t.me/s/DeltaKroneckerGithub_Clash_1149,0,0,0
https://t.me/s/DeltaKroneckerGithub_Clash_11491,0,0,0
https://t.me/s/DeltaKroneckerGithub_Clash_11493,0,0,0
https://t.me/s/DeltaKroneckerGithub_Clash_11495,0,0,0
https://t.me/s/DeltaKroneckerGithub_Clash_11497,0,0,0
https://t.me/s/DeltaKroneckerGithub_Clash_11499,0,0,0
https://t.me/s/DeltaKroneckerGithub_Clash_115,0,0,0
https://t.me/s/DeltaKroneckerGithub_Clash_11501,0,0,0
https://t.me/s/DeltaKroneckerGithub_Clash_11503,0,0,0
https://t.me/s/DeltaKroneckerGithub_Clash_11505,0,0,0
https://t.me/s/DeltaKroneckerGithub_Clash_11507,0,0,0
https://t.me/s/DeltaKroneckerGithub_Clash_11509,0,0,0
https://t.me/s/DeltaKroneckerGithub_Clash_1151,0,0,0
https://t.me/s/DeltaKroneckerGithub_Clash_11511,0,0,0
https://t.me/s/DeltaKroneckerGithub_Clash_11513,0,0,0
https://t.me/s/DeltaKroneckerGithub_Clash_11515,0,0,0
https://t.me/s/DeltaKroneckerGithub_Clash_11517,0,0,0
https://t.me/s/DeltaKroneckerGithub_Clash_11519,0,0,0
https://t.me/s/DeltaKroneckerGithub_Clash_11521,0,0,0
https://t.me/s/DeltaKroneckerGithub_Clash_11523,0,0,0
https://t.me/s/DeltaKroneckerGithub_Clash_11525,0,0,0
https://t.me/s/DeltaKroneckerGithub_Clash_11527,0,0,0
https://t.me/s/DeltaKroneckerGithub_Clash_11529,0,0,0
https://t.me/s/DeltaKroneckerGithub_Clash_1153,0,0,0
https://t.me/s/DeltaKroneckerGithub_Clash_11531,0,0,0
https://t.me/s/DeltaKroneckerGithub_Clash_11533,0,0,0
https://t.me/s/DeltaKroneckerGithub_Clash_11535,0,0,0
https://t.me/s/DeltaKroneckerGithub_Clash_11537,0,0,0
https://t.me/s/DeltaKroneckerGithub_Clash_11539,0,0,0
https://t.me/s/DeltaKroneckerGithub_Clash_11541,0,0,0
https://t.me/s/DeltaKroneckerGithub_Clash_11543,0,0,0
https://t.me/s/DeltaKroneckerGithub_Clash_11545,0,0,0
https://t.me/s/DeltaKroneckerGithub_Clash_11547,0,0,0
https://t.me/s/DeltaKroneckerGithub_Clash_11549,0,0,0
https://t.me/s/DeltaKroneckerGithub_Clash_1155,0,0,0
https://t.me/s/DeltaKroneckerGithub_Clash_11551,0,0,0
https://t.me/s/DeltaKroneckerGithub_Clash_11553,0,0,0
https://t.me/s/DeltaKroneckerGithub_Clash_11555,0,0,0
https://t.me/s/DeltaKroneckerGithub_Clash_11557,0,0,0
https://t.me/s/DeltaKroneckerGithub_Clash_11559,0,0,0
https://t.me/s/DeltaKroneckerGithub_Clash_11561,0,0,0
https://t.me/s/DeltaKroneckerGithub_Clash_11563,0,0,0
https://t.me/s/DeltaKroneckerGithub_Clash_11565,0,0,0
https://t.me/s/DeltaKroneckerGithub_Clash_11567,0,0,0
https://t.me/s/DeltaKroneckerGithub_Clash_11569,0,0,0
https://t.me/s/DeltaKroneckerGithub_Clash_11571,0,0,0
https://t.me/s/DeltaKroneckerGithub_Clash_11573,0,0,0
https://t.me/s/DeltaKroneckerGithub_Clash_11575,0,0,0
https://t.me/s/DeltaKroneckerGithub_Clash_11577,0,0,0
https://t.me/s/DeltaKroneckerGithub_Clash_11579,0,0,0
https://t.me/s/DeltaKroneckerGithub_Clash_11581,0,0,0
https://t.me/s/DeltaKroneckerGithub_Clash_11583,0,0,0
https://t.me/s/DeltaKroneckerGithub_Clash_11585,0,0,0
https://t.me/s/DeltaKroneckerGithub_Clash_11587,0,0,0
https://t.me/s/DeltaKroneckerGithub_Clash_11589,0,0,0
https://t.me/s/DeltaKroneckerGithub_Clash_11591,0,0,0
https://t.me/s/DeltaKroneckerGithub_Clash_11593,0,0,0
https://t.me/s/DeltaKroneckerGithub_Clash_11595,0,0,0
https://t.me/s/DeltaKroneckerGithub_Clash_11597,0,0,0
https://t.me/s/DeltaKroneckerGithub_Clash_11599,0,0,0
https://t.me/s/DeltaKroneckerGithub_Clash_11601,0,0,0
https://t.me/s/DeltaKroneckerGithub_Clash_11603,0,0,0
https://t.me/s/DeltaKroneckerGithub_Clash_11605,0,0,0
https://t.me/s/DeltaKroneckerGithub_Clash_11607,0,0,0
https://t.me/s/DeltaKroneckerGithub_Clash_11609,0,0,0
https://t.me/s/DeltaKroneckerGithub_Clash_1161,0,0,0
https://t.me/s/DeltaKroneckerGithub_Clash_11611,0,0,0
https://t.me/s/DeltaKroneckerGithub_Clash_11613,0,0,0
https://t.me/s/DeltaKroneckerGithub_Clash_11615,0,0,0
https://t.me/s/DeltaKroneckerGithub_Clash_11617,0,0,0
https://t.me/s/DeltaKroneckerGithub_Clash_11619,0,0,0
https://t.me/s/DeltaKroneckerGithub_Clash_11621,0,0,0
https://t.me/s/DeltaKroneckerGithub_Clash_11623,0,0,0
https://t.me/s/DeltaKroneckerGithub_Clash_11625,0,0,0
https://t.me/s/DeltaKroneckerGithub_Clash_11627,0,0,0
https://t.me/s/DeltaKroneckerGithub_Clash_11629,0,0,0
https://t.me/s/DeltaKroneckerGithub_Clash_1163,0,0,0
https://t.me/s/DeltaKroneckerGithub_Clash_11631,0,0,0
https://t.me/s/DeltaKroneckerGithub_Clash_11633,0,0,0
https://t.me/s/DeltaKroneckerGithub_Clash_11635,0,0,0
https://t.me/s/DeltaKroneckerGithub_Clash_11637,0,0,0
https://t.me/s/DeltaKroneckerGithub_Clash_11639,0,0,0
https://t.me/s/DeltaKroneckerGithub_Clash_11641,0,0,0
https://t.me/s/DeltaKroneckerGithub_Clash_11643,0,0,0
https://t.me/s/DeltaKroneckerGithub_Clash_11645,0,0,0
https://t.me/s/DeltaKroneckerGithub_Clash_11647,0,0,0
https://t.me/s/DeltaKroneckerGithub_Clash_11649,0,0,0
https://t.me/s/DeltaKroneckerGithub_Clash_1165,0,0,0
https://t.me/s/DeltaKroneckerGithub_Clash_11651,0,0,0
https://t.me/s/DeltaKroneckerGithub_Clash_11653,0,0,0
https://t.me/s/DeltaKroneckerGithub_Clash_11655,0,0,0
https://t.me/s/DeltaKroneckerGithub_Clash_11657,0,0,0
https://t.me/s/DeltaKroneckerGithub_Clash_11659,0,0,0
https://t.me/s/DeltaKroneckerGithub_Clash_11661,0,0,0
https://t.me/s/DeltaKroneckerGithub_Clash_11663,0,0,0
https://t.me/s/DeltaKroneckerGithub_Clash_11665,0,0,0
https://t.me/s/DeltaKroneckerGithub_Clash_11667,0,0,0
https://t.me/s/DeltaKroneckerGithub_Clash_11669,0,0,0
https://t.me/s/DeltaKroneckerGithub_Clash_1167,0,0,0
https://t.me/s/DeltaKroneckerGithub_Clash_11671,0,0,0
https://t.me/s/DeltaKroneckerGithub_Clash_11673,0,0,0
https://t.me/s/DeltaKroneckerGithub_Clash_11675,0,0,0
https://t.me/s/DeltaKroneckerGithub_Clash_11677,0,0,0
https://t.me/s/DeltaKroneckerGithub_Clash_11679,0,0,0
https://t.me/s/DeltaKroneckerGithub_Clash_11681,0,0,0
https://t.me/s/DeltaKroneckerGithub_Clash_11683,0,0,0
https://t.me/s/DeltaKroneckerGithub_Clash_11685,0,0,0
https://t.me/s/DeltaKroneckerGithub_Clash_11687,0,0,0
https://t.me/s/DeltaKroneckerGithub_Clash_11689,0,0,0
https://t.me/s/DeltaKroneckerGithub_Clash_1169,0,0,0
https://t.me/s/DeltaKroneckerGithub_Clash_11691,0,0,0
https://t.me/s/DeltaKroneckerGithub_Clash_11693,0,0,0
https://t.me/s/DeltaKroneckerGithub_Clash_11695,0,0,0
https://t.me/s/DeltaKroneckerGithub_Clash_11697,0,0,0
https://t.me/s/DeltaKroneckerGithub_Clash_11699,0,0,0
https://t.me/s/DeltaKroneckerGithub_Clash_117,0,0,0
https://t.me/s/DeltaKroneckerGithub_Clash_11701,0,0,0
https://t.me/s/DeltaKroneckerGithub_Clash_11703,0,0,0
https://t.me/s/DeltaKroneckerGithub_Clash_11705,0,0,0
https://t.me/s/DeltaKroneckerGithub_Clash_11707,0,0,0
https://t.me/s/DeltaKroneckerGithub_Clash_11709,0,0,0
https://t.me/s/DeltaKroneckerGithub_Clash_1171,0,0,0
https://t.me/s/DeltaKroneckerGithub_Clash_11711,0,0,0
https://t.me/s/DeltaKroneckerGithub_Clash_11713,0,0,0
https://t.me/s/DeltaKroneckerGithub_Clash_11715,0,0,0
https://t.me/s/DeltaKroneckerGithub_Clash_11717,0,0,0
https://t.me/s/DeltaKroneckerGithub_Clash_11719,0,0,0
https://t.me/s/DeltaKroneckerGithub_Clash_11721,0,0,0
https://t.me/s/DeltaKroneckerGithub_Clash_11723,0,0,0
https://t.me/s/DeltaKroneckerGithub_Clash_11725,0,0,0
https://t.me/s/DeltaKroneckerGithub_Clash_11727,0,0,0
https://t.me/s/DeltaKroneckerGithub_Clash_11729,0,0,0
https://t.me/s/DeltaKroneckerGithub_Clash_1173,0,0,0
https://t.me/s/DeltaKroneckerGithub_Clash_11731,0,0,0
https://t.me/s/DeltaKroneckerGithub_Clash_11733,0,0,0
https://t.me/s/DeltaKroneckerGithub_Clash_11735,0,0,0
https://t.me/s/DeltaKroneckerGithub_Clash_11737,0,0,0
https://t.me/s/DeltaKroneckerGithub_Clash_11739,0,0,0
https://t.me/s/DeltaKroneckerGithub_Clash_11741,0,0,0
https://t.me/s/DeltaKroneckerGithub_Clash_11743,0,0,0
https://t.me/s/DeltaKroneckerGithub_Clash_11745,0,0,0
https://t.me/s/DeltaKroneckerGithub_Clash_11747,0,0,0
https://t.me/s/DeltaKroneckerGithub_Clash_11749,0,0,0
https://t.me/s/DeltaKroneckerGithub_Clash_1175,0,0,0
https://t.me/s/DeltaKroneckerGithub_Clash_11751,0,0,0
https://t.me/s/DeltaKroneckerGithub_Clash_11753,0,0,0
https://t.me/s/DeltaKroneckerGithub_Clash_11755,0,0,0
https://t.me/s/DeltaKroneckerGithub_Clash_11757,0,0,0
https://t.me/s/DeltaKroneckerGithub_Clash_11759,0,0,0
https://t.me/s/DeltaKroneckerGithub_Clash_11761,0,0,0
https://t.me/s/DeltaKroneckerGithub_Clash_11763,0,0,0
https://t.me/s/DeltaKroneckerGithub_Clash_11765,0,0,0
https://t.me/s/DeltaKroneckerGithub_Clash_11767,0,0,0
https://t.me/s/DeltaKroneckerGithub_Clash_11769,0,0,0
https://t.me/s/DeltaKroneckerGithub_Clash_1177,0,0,0
https://t.me/s/DeltaKroneckerGithub_Clash_11771,0,0,0
https://t.me/s/DeltaKroneckerGithub_Clash_11773,0,0,0
https://t.me/s/DeltaKroneckerGithub_Clash_11775,0,0,0
https://t.me/s/DeltaKroneckerGithub_Clash_11777,0,0,0
https://t.me/s/DeltaKroneckerGithub_Clash_11779,0,0,0
https://t.me/s/DeltaKroneckerGithub_Clash_11781,0,0,0
https://t.me/s/DeltaKroneckerGithub_Clash_11783,0,0,0
https://t.me/s/DeltaKroneckerGithub_Clash_11785,0,0,0
https://t.me/s/DeltaKroneckerGithub_Clash_11787,0,0,0
https://t.me/s/DeltaKroneckerGithub_Clash_11789,0,0,0
https://t.me/s/DeltaKroneckerGithub_Clash_1179,0,0,0
https://t.me/s/DeltaKroneckerGithub_Clash_11791,0,0,0
https://t.me/s/DeltaKroneckerGithub_Clash_11793,0,0,0
https://t.me/s/DeltaKroneckerGithub_Clash_11795,0,0,0
https://t.me/s/DeltaKroneckerGithub_Clash_11797,0,0,0
https://t.me/s/DeltaKroneckerGithub_Clash_11799,0,0,0
https://t.me/s/DeltaKroneckerGithub_Clash_11801,0,0,0
https://t.me/s/DeltaKroneckerGithub_Clash_11803,0,0,0
https://t.me/s/DeltaKroneckerGithub_Clash_11805,0,0,0
https://t.me/s/DeltaKroneckerGithub_Clash_11807,0,0,0
https://t.me/s/DeltaKroneckerGithub_Clash_11809,0,0,0
https://t.me/s/DeltaKroneckerGithub_Clash_1181,0,0,0
https://t.me/s/DeltaKroneckerGithub_Clash_11811,0,0,0
https://t.me/s/DeltaKroneckerGithub_Clash_11813,0,0,0
https://t.me/s/DeltaKroneckerGithub_Clash_11815,0,0,0
https://t.me/s/DeltaKroneckerGithub_Clash_11817,0,0,0
https://t.me/s/DeltaKroneckerGithub_Clash_11819,0,0,0
https://t.me/s/DeltaKroneckerGithub_Clash_11821,0,0,0
https://t.me/s/DeltaKroneckerGithub_Clash_11823,0,0,0
https://t.me/s/DeltaKroneckerGithub_Clash_11825,0,0,0
https://t.me/s/DeltaKroneckerGithub_Clash_11827,0,0,0
https://t.me/s/DeltaKroneckerGithub_Clash_11829,0,0,0
https://t.me/s/DeltaKroneckerGithub_Clash_1183,0,0,0
https://t.me/s/DeltaKroneckerGithub_Clash_11831,0,0,0
https://t.me/s/DeltaKroneckerGithub_Clash_11833,0,0,0
https://t.me/s/DeltaKroneckerGithub_Clash_11835,0,0,0
https://t.me/s/DeltaKroneckerGithub_Clash_11837,0,0,0
https://t.me/s/DeltaKroneckerGithub_Clash_11839,0,0,0
https://t.me/s/DeltaKroneckerGithub_Clash_11841,0,0,0
https://t.me/s/DeltaKroneckerGithub_Clash_11843,0,0,0
https://t.me/s/DeltaKroneckerGithub_Clash_11845,0,0,0
https://t.me/s/DeltaKroneckerGithub_Clash_11847,0,0,0
https://t.me/s/DeltaKroneckerGithub_Clash_11849,0,0,0
https://t.me/s/DeltaKroneckerGithub_Clash_1185,0,0,0
https://t.me/s/DeltaKroneckerGithub_Clash_11851,0,0,0
https://t.me/s/DeltaKroneckerGithub_Clash_11853,0,0,0
https://t.me/s/DeltaKroneckerGithub_Clash_11855,0,0,0
https://t.me/s/DeltaKroneckerGithub_Clash_11857,0,0,0
https://t.me/s/DeltaKroneckerGithub_Clash_11859,0,0,0
https://t.me/s/DeltaKroneckerGithub_Clash_11861,0,0,0
https://t.me/s/DeltaKroneckerGithub_Clash_11863,0,0,0
https://t.me/s/DeltaKroneckerGithub_Clash_11865,0,0,0
https://t.me/s/DeltaKroneckerGithub_Clash_11867,0,0,0
https://t.me/s/DeltaKroneckerGithub_Clash_11869,0,0,0
https://t.me/s/DeltaKroneckerGithub_Clash_1187,0,0,0
https://t.me/s/DeltaKroneckerGithub_Clash_11871,0,0,0
https://t.me/s/DeltaKroneckerGithub_Clash_11873,0,0,0
https://t.me/s/DeltaKroneckerGithub_Clash_11875,0,0,0
https://t.me/s/DeltaKroneckerGithub_Clash_11877,0,0,0
https://t.me/s/DeltaKroneckerGithub_Clash_11879,0,0,0
https://t.me/s/DeltaKroneckerGithub_Clash_11881,0,0,0
https://t.me/s/DeltaKroneckerGithub_Clash_11883,0,0,0
https://t.me/s/DeltaKroneckerGithub_Clash_11885,0,0,0
https://t.me/s/DeltaKroneckerGithub_Clash_11887,0,0,0
https://t.me/s/DeltaKroneckerGithub_Clash_11889,0,0,0
https://t.me/s/DeltaKroneckerGithub_Clash_1189,0,0,0
https://t.me/s/DeltaKroneckerGithub_Clash_11891,0,0,0
https://t.me/s/DeltaKroneckerGithub_Clash_11893,0,0,0
https://t.me/s/DeltaKroneckerGithub_Clash_11895,0,0,0
https://t.me/s/DeltaKroneckerGithub_Clash_11897,0,0,0
https://t.me/s/DeltaKroneckerGithub_Clash_11899,0,0,0
https://t.me/s/DeltaKroneckerGithub_Clash_119,0,0,0
https://t.me/s/DeltaKroneckerGithub_Clash_11901,0,0,0
https://t.me/s/DeltaKroneckerGithub_Clash_11903,0,0,0
https://t.me/s/DeltaKroneckerGithub_Clash_11905,0,0,0
https://t.me/s/DeltaKroneckerGithub_Clash_11907,0,0,0
https://t.me/s/DeltaKroneckerGithub_Clash_11909,0,0,0
https://t.me/s/DeltaKroneckerGithub_Clash_1191,0,0,0
https://t.me/s/DeltaKroneckerGithub_Clash_11911,0,0,0
https://t.me/s/DeltaKroneckerGithub_Clash_11913,0,0,0
https://t.me/s/DeltaKroneckerGithub_Clash_11915,0,0,0
https://t.me/s/DeltaKroneckerGithub_Clash_11917,0,0,0
https://t.me/s/DeltaKroneckerGithub_Clash_11919,0,0,0
https://t.me/s/DeltaKroneckerGithub_Clash_11921,0,0,0
https://t.me/s/DeltaKroneckerGithub_Clash_11923,0,0,0
https://t.me/s/DeltaKroneckerGithub_Clash_11925,0,0,0
https://t.me/s/DeltaKroneckerGithub_Clash_11927,0,0,0
https://t.me/s/DeltaKroneckerGithub_Clash_11929,0,0,0
https://t.me/s/DeltaKroneckerGithub_Clash_1193,0,0,0
https://t.me/s/DeltaKroneckerGithub_Clash_11931,0,0,0
https://t.me/s/DeltaKroneckerGithub_Clash_11933,0,0,0
https://t.me/s/DeltaKroneckerGithub_Clash_11935,0,0,0
https://t.me/s/DeltaKroneckerGithub_Clash_11937,0,0,0
https://t.me/s/DeltaKroneckerGithub_Clash_11939,0,0,0
https://t.me/s/DeltaKroneckerGithub_Clash_11941,0,0,0
https://t.me/s/DeltaKroneckerGithub_Clash_11943,0,0,0
https://t.me/s/DeltaKroneckerGithub_Clash_11945,0,0,0
https://t.me/s/DeltaKroneckerGithub_Clash_11947,0,0,0
https://t.me/s/DeltaKroneckerGithub_Clash_11949,0,0,0
https://t.me/s/DeltaKroneckerGithub_Clash_1195,0,0,0
https://t.me/s/DeltaKroneckerGithub_Clash_11951,0,0,0
https://t.me/s/DeltaKroneckerGithub_Clash_11953,0,0,0
https://t.me/s/DeltaKroneckerGithub_Clash_11955,0,0,0
https://t.me/s/DeltaKroneckerGithub_Clash_11957,0,0,0
https://t.me/s/DeltaKroneckerGithub_Clash_11959,0,0,0
https://t.me/s/DeltaKroneckerGithub_Clash_11961,0,0,0
https://t.me/s/DeltaKroneckerGithub_Clash_11963,0,0,0
https://t.me/s/DeltaKroneckerGithub_Clash_11965,0,0,0
https://t.me/s/DeltaKroneckerGithub_Clash_11967,0,0,0
https://t.me/s/DeltaKroneckerGithub_Clash_11969,0,0,0
https://t.me/s/DeltaKroneckerGithub_Clash_1197,0,0,0
https://t.me/s/DeltaKroneckerGithub_Clash_11971,0,0,0
https://t.me/s/DeltaKroneckerGithub_Clash_11973,0,0,0
https://t.me/s/DeltaKroneckerGithub_Clash_11975,0,0,0
https://t.me/s/DeltaKroneckerGithub_Clash_11977,0,0,0
https://t.me/s/DeltaKroneckerGithub_Clash_11979,0,0,0
https://t.me/s/DeltaKroneckerGithub_Clash_11981,0,0,0
https://t.me/s/DeltaKroneckerGithub_Clash_11983,0,0,0
https://t.me/s/DeltaKroneckerGithub_Clash_11985,0,0,0
https://t.me/s/DeltaKroneckerGithub_Clash_11987,0,0,0
https://t.me/s/DeltaKroneckerGithub_Clash_11989,0,0,0
https://t.me/s/DeltaKroneckerGithub_Clash_1199,0,0,0
https://t.me/s/DeltaKroneckerGithub_Clash_11991,0,0,0
https://t.me/s/DeltaKroneckerGithub_Clash_11993,0,0,0
https://t.me/s/DeltaKroneckerGithub_Clash_11995,0,0,0
https://t.me/s/DeltaKroneckerGithub_Clash_11997,0,0,0
https://t.me/s/DeltaKroneckerGithub_Clash_11999,0,0,0
https://t.me/s/DeltaKroneckerGithub_Clash_12001,0,0,0
https://t.me/s/DeltaKroneckerGithub_Clash_12003,0,0,0
https://t.me/s/DeltaKroneckerGithub_Clash_12005,0,0,0
https://t.me/s/DeltaKroneckerGithub_Clash_12007,0,0,0
https://t.me/s/DeltaKroneckerGithub_Clash_12009,0,0,0
https://t.me/s/DeltaKroneckerGithub_Clash_1201,0,0,0
https://t.me/s/DeltaKroneckerGithub_Clash_12011,0,0,0
https://t.me/s/DeltaKroneckerGithub_Clash_12013,0,0,0
https://t.me/s/DeltaKroneckerGithub_Clash_12015,0,0,0
https://t.me/s/DeltaKroneckerGithub_Clash_12017,0,0,0
https://t.me/s/DeltaKroneckerGithub_Clash_12019,0,0,0
https://t.me/s/DeltaKroneckerGithub_Clash_12021,0,0,0
https://t.me/s/DeltaKroneckerGithub_Clash_12023,0,0,0
https://t.me/s/DeltaKroneckerGithub_Clash_12025,0,0,0
https://t.me/s/DeltaKroneckerGithub_Clash_12027,0,0,0
https://t.me/s/DeltaKroneckerGithub_Clash_12029,0,0,0
https://t.me/s/DeltaKroneckerGithub_Clash_1203,0,0,0
https://t.me/s/DeltaKroneckerGithub_Clash_12031,0,0,0
https://t.me/s/DeltaKroneckerGithub_Clash_12033,0,0,0
https://t.me/s/DeltaKroneckerGithub_Clash_12035,0,0,0
https://t.me/s/DeltaKroneckerGithub_Clash_12037,0,0,0
https://t.me/s/DeltaKroneckerGithub_Clash_12039,0,0,0
https://t.me/s/DeltaKroneckerGithub_Clash_12041,0,0,0
https://t.me/s/DeltaKroneckerGithub_Clash_12043,0,0,0
https://t.me/s/DeltaKroneckerGithub_Clash_12045,0,0,0
https://t.me/s/DeltaKroneckerGithub_Clash_12047,0,0,0
https://t.me/s/DeltaKroneckerGithub_Clash_12049,0,0,0
https://t.me/s/DeltaKroneckerGithub_Clash_12051,0,0,0
https://t.me/s/DeltaKroneckerGithub_Clash_12053,0,0,0
https://t.me/s/DeltaKroneckerGithub_Clash_12055,0,0,0
https://t.me/s/DeltaKroneckerGithub_Clash_12057,0,0,0
https://t.me/s/DeltaKroneckerGithub_Clash_12059,0,0,0
https://t.me/s/DeltaKroneckerGithub_Clash_12061,0,0,0
https://t.me/s/DeltaKroneckerGithub_Clash_12063,0,0,0
https://t.me/s/DeltaKroneckerGithub_Clash_12065,0,0,0
https://t.me/s/DeltaKroneckerGithub_Clash_12067,0,0,0
https://t.me/s/DeltaKroneckerGithub_Clash_12069,0,0,0
https://t.me/s/DeltaKroneckerGithub_Clash_1207,0,0,0
https://t.me/s/DeltaKroneckerGithub_Clash_12071,0,0,0
https://t.me/s/DeltaKroneckerGithub_Clash_12073,0,0,0
https://t.me/s/DeltaKroneckerGithub_Clash_12075,0,0,0
https://t.me/s/DeltaKroneckerGithub_Clash_12077,0,0,0
https://t.me/s/DeltaKroneckerGithub_Clash_12079,0,0,0
https://t.me/s/DeltaKroneckerGithub_Clash_12081,0,0,0
https://t.me/s/DeltaKroneckerGithub_Clash_12083,0,0,0
https://t.me/s/DeltaKroneckerGithub_Clash_12085,0,0,0
https://t.me/s/DeltaKroneckerGithub_Clash_12087,0,0,0
https://t.me/s/DeltaKroneckerGithub_Clash_12089,0,0,0
https://t.me/s/DeltaKroneckerGithub_Clash_1209,0,0,0
https://t.me/s/DeltaKroneckerGithub_Clash_12091,0,0,0
https://t.me/s/DeltaKroneckerGithub_Clash_12093,0,0,0
https://t.me/s/DeltaKroneckerGithub_Clash_12095,0,0,0
https://t.me/s/DeltaKroneckerGithub_Clash_12097,0,0,0
https://t.me/s/DeltaKroneckerGithub_Clash_12099,0,0,0
https://t.me/s/DeltaKroneckerGithub_Clash_121,0,0,0
https://t.me/s/DeltaKroneckerGithub_Clash_12101,0,0,0
https://t.me/s/DeltaKroneckerGithub_Clash_12103,0,0,0
https://t.me/s/DeltaKroneckerGithub_Clash_12105,0,0,0
https://t.me/s/DeltaKroneckerGithub_Clash_12107,0,0,0
https://t.me/s/DeltaKroneckerGithub_Clash_12109,0,0,0
https://t.me/s/DeltaKroneckerGithub_Clash_1211,0,0,0
https://t.me/s/DeltaKroneckerGithub_Clash_12111,0,0,0
https://t.me/s/DeltaKroneckerGithub_Clash_12113,0,0,0
https://t.me/s/DeltaKroneckerGithub_Clash_12115,0,0,0
https://t.me/s/DeltaKroneckerGithub_Clash_12117,0,0,0
https://t.me/s/DeltaKroneckerGithub_Clash_12119,0,0,0
https://t.me/s/DeltaKroneckerGithub_Clash_12121,0,0,0
https://t.me/s/DeltaKroneckerGithub_Clash_12123,0,0,0
https://t.me/s/DeltaKroneckerGithub_Clash_12125,0,0,0
https://t.me/s/DeltaKroneckerGithub_Clash_12127,0,0,0
https://t.me/s/DeltaKroneckerGithub_Clash_12129,0,0,0
https://t.me/s/DeltaKroneckerGithub_Clash_1213,0,0,0
https://t.me/s/DeltaKroneckerGithub_Clash_12131,0,0,0
https://t.me/s/DeltaKroneckerGithub_Clash_12133,0,0,0
https://t.me/s/DeltaKroneckerGithub_Clash_12135,0,0,0
https://t.me/s/DeltaKroneckerGithub_Clash_12137,0,0,0
https://t.me/s/DeltaKroneckerGithub_Clash_12139,0,0,0
https://t.me/s/DeltaKroneckerGithub_Clash_12141,0,0,0
https://t.me/s/DeltaKroneckerGithub_Clash_12143,0,0,0
https://t.me/s/DeltaKroneckerGithub_Clash_12145,0,0,0
https://t.me/s/DeltaKroneckerGithub_Clash_12147,0,0,0
https://t.me/s/DeltaKroneckerGithub_Clash_12149,0,0,0
https://t.me/s/DeltaKroneckerGithub_Clash_1215,0,0,0
https://t.me/s/DeltaKroneckerGithub_Clash_12151,0,0,0
https://t.me/s/DeltaKroneckerGithub_Clash_12153,0,0,0
https://t.me/s/DeltaKroneckerGithub_Clash_12155,0,0,0
https://t.me/s/DeltaKroneckerGithub_Clash_12157,0,0,0
https://t.me/s/DeltaKroneckerGithub_Clash_12159,0,0,0
https://t.me/s/DeltaKroneckerGithub_Clash_12161,0,0,0
https://t.me/s/DeltaKroneckerGithub_Clash_12163,0,0,0
https://t.me/s/DeltaKroneckerGithub_Clash_12165,0,0,0
https://t.me/s/DeltaKroneckerGithub_Clash_12167,0,0,0
https://t.me/s/DeltaKroneckerGithub_Clash_12169,0,0,0
https://t.me/s/DeltaKroneckerGithub_Clash_1217,0,0,0
https://t.me/s/DeltaKroneckerGithub_Clash_12171,0,0,0
https://t.me/s/DeltaKroneckerGithub_Clash_12173,0,0,0
https://t.me/s/DeltaKroneckerGithub_Clash_12175,0,0,0
https://t.me/s/DeltaKroneckerGithub_Clash_12177,0,0,0
https://t.me/s/DeltaKroneckerGithub_Clash_12179,0,0,0
https://t.me/s/DeltaKroneckerGithub_Clash_12181,0,0,0
https://t.me/s/DeltaKroneckerGithub_Clash_12183,0,0,0
https://t.me/s/DeltaKroneckerGithub_Clash_12185,0,0,0
https://t.me/s/DeltaKroneckerGithub_Clash_12187,0,0,0
https://t.me/s/DeltaKroneckerGithub_Clash_12189,0,0,0
https://t.me/s/DeltaKroneckerGithub_Clash_1219,0,0,0
https://t.me/s/DeltaKroneckerGithub_Clash_12191,0,0,0
https://t.me/s/DeltaKroneckerGithub_Clash_12193,0,0,0
https://t.me/s/DeltaKroneckerGithub_Clash_12195,0,0,0
https://t.me/s/DeltaKroneckerGithub_Clash_12197,0,0,0
https://t.me/s/DeltaKroneckerGithub_Clash_12199,0,0,0
https://t.me/s/DeltaKroneckerGithub_Clash_12201,0,0,0
https://t.me/s/DeltaKroneckerGithub_Clash_12203,0,0,0
https://t.me/s/DeltaKroneckerGithub_Clash_12205,0,0,0
https://t.me/s/DeltaKroneckerGithub_Clash_12207,0,0,0
https://t.me/s/DeltaKroneckerGithub_Clash_12209,0,0,0
https://t.me/s/DeltaKroneckerGithub_Clash_1221,0,0,0
https://t.me/s/DeltaKroneckerGithub_Clash_12211,0,0,0
https://t.me/s/DeltaKroneckerGithub_Clash_12213,0,0,0
https://t.me/s/DeltaKroneckerGithub_Clash_12215,0,0,0
https://t.me/s/DeltaKroneckerGithub_Clash_12217,0,0,0
https://t.me/s/DeltaKroneckerGithub_Clash_12219,0,0,0
https://t.me/s/DeltaKroneckerGithub_Clash_12221,0,0,0
https://t.me/s/DeltaKroneckerGithub_Clash_12223,0,0,0
https://t.me/s/DeltaKroneckerGithub_Clash_12225,0,0,0
https://t.me/s/DeltaKroneckerGithub_Clash_12227,0,0,0
https://t.me/s/DeltaKroneckerGithub_Clash_12229,0,0,0
https://t.me/s/DeltaKroneckerGithub_Clash_1223,0,0,0
https://t.me/s/DeltaKroneckerGithub_Clash_12231,0,0,0
https://t.me/s/DeltaKroneckerGithub_Clash_12233,0,0,0
https://t.me/s/DeltaKroneckerGithub_Clash_12235,0,0,0
https://t.me/s/DeltaKroneckerGithub_Clash_12237,0,0,0
https://t.me/s/DeltaKroneckerGithub_Clash_12239,0,0,0
https://t.me/s/DeltaKroneckerGithub_Clash_12241,0,0,0
https://t.me/s/DeltaKroneckerGithub_Clash_12243,0,0,0
https://t.me/s/DeltaKroneckerGithub_Clash_12245,0,0,0
https://t.me/s/DeltaKroneckerGithub_Clash_12247,0,0,0
https://t.me/s/DeltaKroneckerGithub_Clash_12249,0,0,0
https://t.me/s/DeltaKroneckerGithub_Clash_12251,0,0,0
https://t.me/s/DeltaKroneckerGithub_Clash_12253,0,0,0
https://t.me/s/DeltaKroneckerGithub_Clash_12255,0,0,0
https://t.me/s/DeltaKroneckerGithub_Clash_12257,0,0,0
https://t.me/s/DeltaKroneckerGithub_Clash_12259,0,0,0
https://t.me/s/DeltaKroneckerGithub_Clash_12261,0,0,0
https://t.me/s/DeltaKroneckerGithub_Clash_12263,0,0,0
https://t.me/s/DeltaKroneckerGithub_Clash_12265,0,0,0
https://t.me/s/DeltaKroneckerGithub_Clash_12267,0,0,0
https://t.me/s/DeltaKroneckerGithub_Clash_12269,0,0,0
https://t.me/s/DeltaKroneckerGithub_Clash_1227,0,0,0
https://t.me/s/DeltaKroneckerGithub_Clash_12271,0,0,0
https://t.me/s/DeltaKroneckerGithub_Clash_12273,0,0,0
https://t.me/s/DeltaKroneckerGithub_Clash_12275,0,0,0
https://t.me/s/DeltaKroneckerGithub_Clash_12277,0,0,0
https://t.me/s/DeltaKroneckerGithub_Clash_12279,0,0,0
https://t.me/s/DeltaKroneckerGithub_Clash_12281,0,0,0
https://t.me/s/DeltaKroneckerGithub_Clash_12283,0,0,0
https://t.me/s/DeltaKroneckerGithub_Clash_12285,0,0,0
https://t.me/s/DeltaKroneckerGithub_Clash_12287,0,0,0
https://t.me/s/DeltaKroneckerGithub_Clash_12289,0,0,0
https://t.me/s/DeltaKroneckerGithub_Clash_1229,0,0,0
https://t.me/s/DeltaKroneckerGithub_Clash_12291,0,0,0
https://t.me/s/DeltaKroneckerGithub_Clash_12293,0,0,0
https://t.me/s/DeltaKroneckerGithub_Clash_12295,0,0,0
https://t.me/s/DeltaKroneckerGithub_Clash_12297,0,0,0
https://t.me/s/DeltaKroneckerGithub_Clash_12299,0,0,0
https://t.me/s/DeltaKroneckerGithub_Clash_123,0,0,0
https://t.me/s/DeltaKroneckerGithub_Clash_12301,0,0,0
https://t.me/s/DeltaKroneckerGithub_Clash_12303,0,0,0
https://t.me/s/DeltaKroneckerGithub_Clash_12305,0,0,0
https://t.me/s/DeltaKroneckerGithub_Clash_12307,0,0,0
https://t.me/s/DeltaKroneckerGithub_Clash_12309,0,0,0
https://t.me/s/DeltaKroneckerGithub_Clash_1231,0,0,0
https://t.me/s/DeltaKroneckerGithub_Clash_12311,0,0,0
https://t.me/s/DeltaKroneckerGithub_Clash_12313,0,0,0
https://t.me/s/DeltaKroneckerGithub_Clash_12315,0,0,0
https://t.me/s/DeltaKroneckerGithub_Clash_12317,0,0,0
https://t.me/s/DeltaKroneckerGithub_Clash_12319,0,0,0
https://t.me/s/DeltaKroneckerGithub_Clash_12321,0,0,0
https://t.me/s/DeltaKroneckerGithub_Clash_12323,0,0,0
https://t.me/s/DeltaKroneckerGithub_Clash_12325,0,0,0
https://t.me/s/DeltaKroneckerGithub_Clash_12327,0,0,0
https://t.me/s/DeltaKroneckerGithub_Clash_12329,0,0,0
https://t.me/s/DeltaKroneckerGithub_Clash_12331,0,0,0
https://t.me/s/DeltaKroneckerGithub_Clash_12333,0,0,0
https://t.me/s/DeltaKroneckerGithub_Clash_12335,0,0,0
https://t.me/s/DeltaKroneckerGithub_Clash_12337,0,0,0
https://t.me/s/DeltaKroneckerGithub_Clash_12339,0,0,0
https://t.me/s/DeltaKroneckerGithub_Clash_12341,0,0,0
https://t.me/s/DeltaKroneckerGithub_Clash_12343,0,0,0
https://t.me/s/DeltaKroneckerGithub_Clash_12345,0,0,0
https://t.me/s/DeltaKroneckerGithub_Clash_12347,0,0,0
https://t.me/s/DeltaKroneckerGithub_Clash_12349,0,0,0
https://t.me/s/DeltaKroneckerGithub_Clash_1235,0,0,0
https://t.me/s/DeltaKroneckerGithub_Clash_12351,0,0,0
https://t.me/s/DeltaKroneckerGithub_Clash_12353,0,0,0
https://t.me/s/DeltaKroneckerGithub_Clash_12355,0,0,0
https://t.me/s/DeltaKroneckerGithub_Clash_12357,0,0,0
https://t.me/s/DeltaKroneckerGithub_Clash_12359,0,0,0
https://t.me/s/DeltaKroneckerGithub_Clash_12361,0,0,0
https://t.me/s/DeltaKroneckerGithub_Clash_12363,0,0,0
https://t.me/s/DeltaKroneckerGithub_Clash_12365,0,0,0
https://t.me/s/DeltaKroneckerGithub_Clash_12367,0,0,0
https://t.me/s/DeltaKroneckerGithub_Clash_12369,0,0,0
https://t.me/s/DeltaKroneckerGithub_Clash_12371,0,0,0
https://t.me/s/DeltaKroneckerGithub_Clash_12373,0,0,0
https://t.me/s/DeltaKroneckerGithub_Clash_12375,0,0,0
https://t.me/s/DeltaKroneckerGithub_Clash_12377,0,0,0
https://t.me/s/DeltaKroneckerGithub_Clash_12379,0,0,0
https://t.me/s/DeltaKroneckerGithub_Clash_12381,0,0,0
https://t.me/s/DeltaKroneckerGithub_Clash_12383,0,0,0
https://t.me/s/DeltaKroneckerGithub_Clash_12385,0,0,0
https://t.me/s/DeltaKroneckerGithub_Clash_12387,0,0,0
https://t.me/s/DeltaKroneckerGithub_Clash_12389,0,0,0
https://t.me/s/DeltaKroneckerGithub_Clash_1239,0,0,0
https://t.me/s/DeltaKroneckerGithub_Clash_12391,0,0,0
https://t.me/s/DeltaKroneckerGithub_Clash_12393,0,0,0
https://t.me/s/DeltaKroneckerGithub_Clash_12395,0,0,0
https://t.me/s/DeltaKroneckerGithub_Clash_12397,0,0,0
https://t.me/s/DeltaKroneckerGithub_Clash_12399,0,0,0
https://t.me/s/DeltaKroneckerGithub_Clash_12401,0,0,0
https://t.me/s/DeltaKroneckerGithub_Clash_12403,0,0,0
https://t.me/s/DeltaKroneckerGithub_Clash_12405,0,0,0
https://t.me/s/DeltaKroneckerGithub_Clash_12407,0,0,0
https://t.me/s/DeltaKroneckerGithub_Clash_12409,0,0,0
https://t.me/s/DeltaKroneckerGithub_Clash_1241,0,0,0
https://t.me/s/DeltaKroneckerGithub_Clash_12411,0,0,0
https://t.me/s/DeltaKroneckerGithub_Clash_12413,0,0,0
https://t.me/s/DeltaKroneckerGithub_Clash_12415,0,0,0
https://t.me/s/DeltaKroneckerGithub_Clash_12417,0,0,0
https://t.me/s/DeltaKroneckerGithub_Clash_12419,0,0,0
https://t.me/s/DeltaKroneckerGithub_Clash_12421,0,0,0
https://t.me/s/DeltaKroneckerGithub_Clash_12423,0,0,0
https://t.me/s/DeltaKroneckerGithub_Clash_12425,0,0,0
https://t.me/s/DeltaKroneckerGithub_Clash_12427,0,0,0
https://t.me/s/DeltaKroneckerGithub_Clash_12429,0,0,0
https://t.me/s/DeltaKroneckerGithub_Clash_1243,0,0,0
https://t.me/s/DeltaKroneckerGithub_Clash_12431,0,0,0
https://t.me/s/DeltaKroneckerGithub_Clash_12433,0,0,0
https://t.me/s/DeltaKroneckerGithub_Clash_12435,0,0,0
https://t.me/s/DeltaKroneckerGithub_Clash_12437,0,0,0
https://t.me/s/DeltaKroneckerGithub_Clash_12439,0,0,0
https://t.me/s/DeltaKroneckerGithub_Clash_12441,0,0,0
https://t.me/s/DeltaKroneckerGithub_Clash_12443,0,0,0
https://t.me/s/DeltaKroneckerGithub_Clash_12445,0,0,0
https://t.me/s/DeltaKroneckerGithub_Clash_12447,0,0,0
https://t.me/s/DeltaKroneckerGithub_Clash_12449,0,0,0
https://t.me/s/DeltaKroneckerGithub_Clash_1245,0,0,0
https://t.me/s/DeltaKroneckerGithub_Clash_12451,0,0,0
https://t.me/s/DeltaKroneckerGithub_Clash_12453,0,0,0
https://t.me/s/DeltaKroneckerGithub_Clash_12455,0,0,0
https://t.me/s/DeltaKroneckerGithub_Clash_12457,0,0,0
https://t.me/s/DeltaKroneckerGithub_Clash_12459,0,0,0
https://t.me/s/DeltaKroneckerGithub_Clash_12461,0,0,0
https://t.me/s/DeltaKroneckerGithub_Clash_12463,0,0,0
https://t.me/s/DeltaKroneckerGithub_Clash_12465,0,0,0
https://t.me/s/DeltaKroneckerGithub_Clash_12467,0,0,0
https://t.me/s/DeltaKroneckerGithub_Clash_12469,0,0,0
https://t.me/s/DeltaKroneckerGithub_Clash_1247,0,0,0
https://t.me/s/DeltaKroneckerGithub_Clash_12471,0,0,0
https://t.me/s/DeltaKroneckerGithub_Clash_12473,0,0,0
https://t.me/s/DeltaKroneckerGithub_Clash_12475,0,0,0
https://t.me/s/DeltaKroneckerGithub_Clash_12477,0,0,0
https://t.me/s/DeltaKroneckerGithub_Clash_12479,0,0,0
https://t.me/s/DeltaKroneckerGithub_Clash_12481,0,0,0
https://t.me/s/DeltaKroneckerGithub_Clash_12483,0,0,0
https://t.me/s/DeltaKroneckerGithub_Clash_12485,0,0,0
https://t.me/s/DeltaKroneckerGithub_Clash_12487,0,0,0
https://t.me/s/DeltaKroneckerGithub_Clash_12489,0,0,0
https://t.me/s/DeltaKroneckerGithub_Clash_1249,0,0,0
https://t.me/s/DeltaKroneckerGithub_Clash_12491,0,0,0
https://t.me/s/DeltaKroneckerGithub_Clash_12493,0,0,0
https://t.me/s/DeltaKroneckerGithub_Clash_12495,0,0,0
https://t.me/s/DeltaKroneckerGithub_Clash_12497,0,0,0
https://t.me/s/DeltaKroneckerGithub_Clash_12499,0,0,0
https://t.me/s/DeltaKroneckerGithub_Clash_125,0,0,0
https://t.me/s/DeltaKroneckerGithub_Clash_12501,0,0,0
https://t.me/s/DeltaKroneckerGithub_Clash_12503,0,0,0
https://t.me/s/DeltaKroneckerGithub_Clash_12505,0,0,0
https://t.me/s/DeltaKroneckerGithub_Clash_12507,0,0,0
https://t.me/s/DeltaKroneckerGithub_Clash_12509,0,0,0
https://t.me/s/DeltaKroneckerGithub_Clash_1251,0,0,0
https://t.me/s/DeltaKroneckerGithub_Clash_12511,0,0,0
https://t.me/s/DeltaKroneckerGithub_Clash_12513,0,0,0
https://t.me/s/DeltaKroneckerGithub_Clash_12515,0,0,0
https://t.me/s/DeltaKroneckerGithub_Clash_12517,0,0,0
https://t.me/s/DeltaKroneckerGithub_Clash_12519,0,0,0
https://t.me/s/DeltaKroneckerGithub_Clash_12521,0,0,0
https://t.me/s/DeltaKroneckerGithub_Clash_12523,0,0,0
https://t.me/s/DeltaKroneckerGithub_Clash_12525,0,0,0
https://t.me/s/DeltaKroneckerGithub_Clash_12527,0,0,0
https://t.me/s/DeltaKroneckerGithub_Clash_12529,0,0,0
https://t.me/s/DeltaKroneckerGithub_Clash_12531,0,0,0
https://t.me/s/DeltaKroneckerGithub_Clash_12533,0,0,0
https://t.me/s/DeltaKroneckerGithub_Clash_12535,0,0,0
https://t.me/s/DeltaKroneckerGithub_Clash_12537,0,0,0
https://t.me/s/DeltaKroneckerGithub_Clash_12539,0,0,0
https://t.me/s/DeltaKroneckerGithub_Clash_12541,0,0,0
https://t.me/s/DeltaKroneckerGithub_Clash_12543,0,0,0
https://t.me/s/DeltaKroneckerGithub_Clash_12545,0,0,0
https://t.me/s/DeltaKroneckerGithub_Clash_12547,0,0,0
https://t.me/s/DeltaKroneckerGithub_Clash_12549,0,0,0
https://t.me/s/DeltaKroneckerGithub_Clash_1255,0,0,0
https://t.me/s/DeltaKroneckerGithub_Clash_12551,0,0,0
https://t.me/s/DeltaKroneckerGithub_Clash_12553,0,0,0
https://t.me/s/DeltaKroneckerGithub_Clash_12555,0,0,0
https://t.me/s/DeltaKroneckerGithub_Clash_12557,0,0,0
https://t.me/s/DeltaKroneckerGithub_Clash_12559,0,0,0
https://t.me/s/DeltaKroneckerGithub_Clash_12561,0,0,0
https://t.me/s/DeltaKroneckerGithub_Clash_12563,0,0,0
https://t.me/s/DeltaKroneckerGithub_Clash_12565,0,0,0
https://t.me/s/DeltaKroneckerGithub_Clash_12567,0,0,0
https://t.me/s/DeltaKroneckerGithub_Clash_12569,0,0,0
https://t.me/s/DeltaKroneckerGithub_Clash_1257,0,0,0
https://t.me/s/DeltaKroneckerGithub_Clash_12571,0,0,0
https://t.me/s/DeltaKroneckerGithub_Clash_12573,0,0,0
https://t.me/s/DeltaKroneckerGithub_Clash_12575,0,0,0
https://t.me/s/DeltaKroneckerGithub_Clash_12577,0,0,0
https://t.me/s/DeltaKroneckerGithub_Clash_12579,0,0,0
https://t.me/s/DeltaKroneckerGithub_Clash_12581,0,0,0
https://t.me/s/DeltaKroneckerGithub_Clash_12583,0,0,0
https://t.me/s/DeltaKroneckerGithub_Clash_12585,0,0,0
https://t.me/s/DeltaKroneckerGithub_Clash_12587,0,0,0
https://t.me/s/DeltaKroneckerGithub_Clash_12589,0,0,0
https://t.me/s/DeltaKroneckerGithub_Clash_1259,0,0,0
https://t.me/s/DeltaKroneckerGithub_Clash_12591,0,0,0
https://t.me/s/DeltaKroneckerGithub_Clash_12593,0,0,0
https://t.me/s/DeltaKroneckerGithub_Clash_12595,0,0,0
https://t.me/s/DeltaKroneckerGithub_Clash_12597,0,0,0
https://t.me/s/DeltaKroneckerGithub_Clash_12599,0,0,0
https://t.me/s/DeltaKroneckerGithub_Clash_12601,0,0,0
https://t.me/s/DeltaKroneckerGithub_Clash_12603,0,0,0
https://t.me/s/DeltaKroneckerGithub_Clash_12605,0,0,0
https://t.me/s/DeltaKroneckerGithub_Clash_12607,0,0,0
https://t.me/s/DeltaKroneckerGithub_Clash_12609,0,0,0
https://t.me/s/DeltaKroneckerGithub_Clash_1261,0,0,0
https://t.me/s/DeltaKroneckerGithub_Clash_12611,0,0,0
https://t.me/s/DeltaKroneckerGithub_Clash_12613,0,0,0
https://t.me/s/DeltaKroneckerGithub_Clash_12615,0,0,0
https://t.me/s/DeltaKroneckerGithub_Clash_12617,0,0,0
https://t.me/s/DeltaKroneckerGithub_Clash_12619,0,0,0
https://t.me/s/DeltaKroneckerGithub_Clash_12621,0,0,0
https://t.me/s/DeltaKroneckerGithub_Clash_12623,0,0,0
https://t.me/s/DeltaKroneckerGithub_Clash_12625,0,0,0
https://t.me/s/DeltaKroneckerGithub_Clash_12627,0,0,0
https://t.me/s/DeltaKroneckerGithub_Clash_12629,0,0,0
https://t.me/s/DeltaKroneckerGithub_Clash_1263,0,0,0
https://t.me/s/DeltaKroneckerGithub_Clash_12631,0,0,0
https://t.me/s/DeltaKroneckerGithub_Clash_12633,0,0,0
https://t.me/s/DeltaKroneckerGithub_Clash_12635,0,0,0
https://t.me/s/DeltaKroneckerGithub_Clash_12637,0,0,0
https://t.me/s/DeltaKroneckerGithub_Clash_12639,0,0,0
https://t.me/s/DeltaKroneckerGithub_Clash_12641,0,0,0
https://t.me/s/DeltaKroneckerGithub_Clash_12643,0,0,0
https://t.me/s/DeltaKroneckerGithub_Clash_12645,0,0,0
https://t.me/s/DeltaKroneckerGithub_Clash_12647,0,0,0
https://t.me/s/DeltaKroneckerGithub_Clash_12649,0,0,0
https://t.me/s/DeltaKroneckerGithub_Clash_1265,0,0,0
https://t.me/s/DeltaKroneckerGithub_Clash_12651,0,0,0
https://t.me/s/DeltaKroneckerGithub_Clash_12653,0,0,0
https://t.me/s/DeltaKroneckerGithub_Clash_12655,0,0,0
https://t.me/s/DeltaKroneckerGithub_Clash_12657,0,0,0
https://t.me/s/DeltaKroneckerGithub_Clash_12659,0,0,0
https://t.me/s/DeltaKroneckerGithub_Clash_12661,0,0,0
https://t.me/s/DeltaKroneckerGithub_Clash_12663,0,0,0
https://t.me/s/DeltaKroneckerGithub_Clash_12665,0,0,0
https://t.me/s/DeltaKroneckerGithub_Clash_12667,0,0,0
https://t.me/s/DeltaKroneckerGithub_Clash_12669,0,0,0
https://t.me/s/DeltaKroneckerGithub_Clash_1267,0,0,0
https://t.me/s/DeltaKroneckerGithub_Clash_12671,0,0,0
https://t.me/s/DeltaKroneckerGithub_Clash_12673,0,0,0
https://t.me/s/DeltaKroneckerGithub_Clash_12675,0,0,0
https://t.me/s/DeltaKroneckerGithub_Clash_12677,0,0,0
https://t.me/s/DeltaKroneckerGithub_Clash_12679,0,0,0
https://t.me/s/DeltaKroneckerGithub_Clash_12681,0,0,0
https://t.me/s/DeltaKroneckerGithub_Clash_12683,0,0,0
https://t.me/s/DeltaKroneckerGithub_Clash_12685,0,0,0
https://t.me/s/DeltaKroneckerGithub_Clash_12687,0,0,0
https://t.me/s/DeltaKroneckerGithub_Clash_12689,0,0,0
https://t.me/s/DeltaKroneckerGithub_Clash_1269,0,0,0
https://t.me/s/DeltaKroneckerGithub_Clash_12691,0,0,0
https://t.me/s/DeltaKroneckerGithub_Clash_12693,0,0,0
https://t.me/s/DeltaKroneckerGithub_Clash_12695,0,0,0
https://t.me/s/DeltaKroneckerGithub_Clash_12697,0,0,0
https://t.me/s/DeltaKroneckerGithub_Clash_12699,0,0,0
https://t.me/s/DeltaKroneckerGithub_Clash_127,0,0,0
https://t.me/s/DeltaKroneckerGithub_Clash_12701,0,0,0
https://t.me/s/DeltaKroneckerGithub_Clash_12703,0,0,0
https://t.me/s/DeltaKroneckerGithub_Clash_12705,0,0,0
https://t.me/s/DeltaKroneckerGithub_Clash_12707,0,0,0
https://t.me/s/DeltaKroneckerGithub_Clash_12709,0,0,0
https://t.me/s/DeltaKroneckerGithub_Clash_1271,0,0,0
https://t.me/s/DeltaKroneckerGithub_Clash_12711,0,0,0
https://t.me/s/DeltaKroneckerGithub_Clash_12713,0,0,0
https://t.me/s/DeltaKroneckerGithub_Clash_12715,0,0,0
https://t.me/s/DeltaKroneckerGithub_Clash_12717,0,0,0
https://t.me/s/DeltaKroneckerGithub_Clash_12719,0,0,0
https://t.me/s/DeltaKroneckerGithub_Clash_12721,0,0,0
https://t.me/s/DeltaKroneckerGithub_Clash_12723,0,0,0
https://t.me/s/DeltaKroneckerGithub_Clash_12725,0,0,0
https://t.me/s/DeltaKroneckerGithub_Clash_12727,0,0,0
https://t.me/s/DeltaKroneckerGithub_Clash_12729,0,0,0
https://t.me/s/DeltaKroneckerGithub_Clash_12731,0,0,0
https://t.me/s/DeltaKroneckerGithub_Clash_12733,0,0,0
https://t.me/s/DeltaKroneckerGithub_Clash_12735,0,0,0
https://t.me/s/DeltaKroneckerGithub_Clash_12737,0,0,0
https://t.me/s/DeltaKroneckerGithub_Clash_12739,0,0,0
https://t.me/s/DeltaKroneckerGithub_Clash_12741,0,0,0
https://t.me/s/DeltaKroneckerGithub_Clash_12743,0,0,0
https://t.me/s/DeltaKroneckerGithub_Clash_12745,0,0,0
https://t.me/s/DeltaKroneckerGithub_Clash_12747,0,0,0
https://t.me/s/DeltaKroneckerGithub_Clash_12749,0,0,0
https://t.me/s/DeltaKroneckerGithub_Clash_1275,0,0,0
https://t.me/s/DeltaKroneckerGithub_Clash_12751,0,0,0
https://t.me/s/DeltaKroneckerGithub_Clash_12753,0,0,0
https://t.me/s/DeltaKroneckerGithub_Clash_12755,0,0,0
https://t.me/s/DeltaKroneckerGithub_Clash_12757,0,0,0
https://t.me/s/DeltaKroneckerGithub_Clash_12759,0,0,0
https://t.me/s/DeltaKroneckerGithub_Clash_12761,0,0,0
https://t.me/s/DeltaKroneckerGithub_Clash_12763,0,0,0
https://t.me/s/DeltaKroneckerGithub_Clash_12765,0,0,0
https://t.me/s/DeltaKroneckerGithub_Clash_12767,0,0,0
https://t.me/s/DeltaKroneckerGithub_Clash_12769,0,0,0
https://t.me/s/DeltaKroneckerGithub_Clash_1277,0,0,0
https://t.me/s/DeltaKroneckerGithub_Clash_12771,0,0,0
https://t.me/s/DeltaKroneckerGithub_Clash_12773,0,0,0
https://t.me/s/DeltaKroneckerGithub_Clash_12775,0,0,0
https://t.me/s/DeltaKroneckerGithub_Clash_12777,0,0,0
https://t.me/s/DeltaKroneckerGithub_Clash_12779,0,0,0
https://t.me/s/DeltaKroneckerGithub_Clash_12781,0,0,0
https://t.me/s/DeltaKroneckerGithub_Clash_12783,0,0,0
https://t.me/s/DeltaKroneckerGithub_Clash_12785,0,0,0
https://t.me/s/DeltaKroneckerGithub_Clash_12787,0,0,0
https://t.me/s/DeltaKroneckerGithub_Clash_12789,0,0,0
https://t.me/s/DeltaKroneckerGithub_Clash_1279,0,0,0
https://t.me/s/DeltaKroneckerGithub_Clash_12791,0,0,0
https://t.me/s/DeltaKroneckerGithub_Clash_12793,0,0,0
https://t.me/s/DeltaKroneckerGithub_Clash_12795,0,0,0
https://t.me/s/DeltaKroneckerGithub_Clash_12797,0,0,0
https://t.me/s/DeltaKroneckerGithub_Clash_12799,0,0,0
https://t.me/s/DeltaKroneckerGithub_Clash_12801,0,0,0
https://t.me/s/DeltaKroneckerGithub_Clash_12803,0,0,0
https://t.me/s/DeltaKroneckerGithub_Clash_12805,0,0,0
https://t.me/s/DeltaKroneckerGithub_Clash_12807,0,0,0
https://t.me/s/DeltaKroneckerGithub_Clash_12809,0,0,0
https://t.me/s/DeltaKroneckerGithub_Clash_1281,0,0,0
https://t.me/s/DeltaKroneckerGithub_Clash_12811,0,0,0
https://t.me/s/DeltaKroneckerGithub_Clash_12813,0,0,0
https://t.me/s/DeltaKroneckerGithub_Clash_12815,0,0,0
https://t.me/s/DeltaKroneckerGithub_Clash_12817,0,0,0
https://t.me/s/DeltaKroneckerGithub_Clash_12819,0,0,0
https://t.me/s/DeltaKroneckerGithub_Clash_12821,0,0,0
https://t.me/s/DeltaKroneckerGithub_Clash_12823,0,0,0
https://t.me/s/DeltaKroneckerGithub_Clash_12825,0,0,0
https://t.me/s/DeltaKroneckerGithub_Clash_12827,0,0,0
https://t.me/s/DeltaKroneckerGithub_Clash_12829,0,0,0
https://t.me/s/DeltaKroneckerGithub_Clash_1283,0,0,0
https://t.me/s/DeltaKroneckerGithub_Clash_12831,0,0,0
https://t.me/s/DeltaKroneckerGithub_Clash_12833,0,0,0
https://t.me/s/DeltaKroneckerGithub_Clash_12835,0,0,0
https://t.me/s/DeltaKroneckerGithub_Clash_12837,0,0,0
https://t.me/s/DeltaKroneckerGithub_Clash_12839,0,0,0
https://t.me/s/DeltaKroneckerGithub_Clash_12841,0,0,0
https://t.me/s/DeltaKroneckerGithub_Clash_12843,0,0,0
https://t.me/s/DeltaKroneckerGithub_Clash_12845,0,0,0
https://t.me/s/DeltaKroneckerGithub_Clash_12847,0,0,0
https://t.me/s/DeltaKroneckerGithub_Clash_12849,0,0,0
https://t.me/s/DeltaKroneckerGithub_Clash_1285,0,0,0
https://t.me/s/DeltaKroneckerGithub_Clash_12851,0,0,0
https://t.me/s/DeltaKroneckerGithub_Clash_12853,0,0,0
https://t.me/s/DeltaKroneckerGithub_Clash_12855,0,0,0
https://t.me/s/DeltaKroneckerGithub_Clash_12857,0,0,0
https://t.me/s/DeltaKroneckerGithub_Clash_12859,0,0,0
https://t.me/s/DeltaKroneckerGithub_Clash_12861,0,0,0
https://t.me/s/DeltaKroneckerGithub_Clash_12863,0,0,0
https://t.me/s/DeltaKroneckerGithub_Clash_12865,0,0,0
https://t.me/s/DeltaKroneckerGithub_Clash_12867,0,0,0
https://t.me/s/DeltaKroneckerGithub_Clash_12869,0,0,0
https://t.me/s/DeltaKroneckerGithub_Clash_1287,0,0,0
https://t.me/s/DeltaKroneckerGithub_Clash_12871,0,0,0
https://t.me/s/DeltaKroneckerGithub_Clash_12873,0,0,0
https://t.me/s/DeltaKroneckerGithub_Clash_12875,0,0,0
https://t.me/s/DeltaKroneckerGithub_Clash_12877,0,0,0
https://t.me/s/DeltaKroneckerGithub_Clash_12879,0,0,0
https://t.me/s/DeltaKroneckerGithub_Clash_12881,0,0,0
https://t.me/s/DeltaKroneckerGithub_Clash_12883,0,0,0
https://t.me/s/DeltaKroneckerGithub_Clash_12885,0,0,0
https://t.me/s/DeltaKroneckerGithub_Clash_12887,0,0,0
https://t.me/s/DeltaKroneckerGithub_Clash_12889,0,0,0
https://t.me/s/DeltaKroneckerGithub_Clash_1289,0,0,0
https://t.me/s/DeltaKroneckerGithub_Clash_12891,0,0,0
https://t.me/s/DeltaKroneckerGithub_Clash_12893,0,0,0
https://t.me/s/DeltaKroneckerGithub_Clash_12895,0,0,0
https://t.me/s/DeltaKroneckerGithub_Clash_12897,0,0,0
https://t.me/s/DeltaKroneckerGithub_Clash_12899,0,0,0
https://t.me/s/DeltaKroneckerGithub_Clash_129,0,0,0
https://t.me/s/DeltaKroneckerGithub_Clash_12901,0,0,0
https://t.me/s/DeltaKroneckerGithub_Clash_12903,0,0,0
https://t.me/s/DeltaKroneckerGithub_Clash_12905,0,0,0
https://t.me/s/DeltaKroneckerGithub_Clash_12907,0,0,0
https://t.me/s/DeltaKroneckerGithub_Clash_12909,0,0,0
https://t.me/s/DeltaKroneckerGithub_Clash_1291,0,0,0
https://t.me/s/DeltaKroneckerGithub_Clash_12911,0,0,0
https://t.me/s/DeltaKroneckerGithub_Clash_12913,0,0,0
https://t.me/s/DeltaKroneckerGithub_Clash_12915,0,0,0
https://t.me/s/DeltaKroneckerGithub_Clash_12917,0,0,0
https://t.me/s/DeltaKroneckerGithub_Clash_12919,0,0,0
https://t.me/s/DeltaKroneckerGithub_Clash_12921,0,0,0
https://t.me/s/DeltaKroneckerGithub_Clash_12923,0,0,0
https://t.me/s/DeltaKroneckerGithub_Clash_12925,0,0,0
https://t.me/s/DeltaKroneckerGithub_Clash_12927,0,0,0
https://t.me/s/DeltaKroneckerGithub_Clash_12929,0,0,0
https://t.me/s/DeltaKroneckerGithub_Clash_1293,0,0,0
https://t.me/s/DeltaKroneckerGithub_Clash_12931,0,0,0
https://t.me/s/DeltaKroneckerGithub_Clash_12933,0,0,0
https://t.me/s/DeltaKroneckerGithub_Clash_12935,0,0,0
https://t.me/s/DeltaKroneckerGithub_Clash_12937,0,0,0
https://t.me/s/DeltaKroneckerGithub_Clash_12939,0,0,0
https://t.me/s/DeltaKroneckerGithub_Clash_12941,0,0,0
https://t.me/s/DeltaKroneckerGithub_Clash_12943,0,0,0
https://t.me/s/DeltaKroneckerGithub_Clash_12945,0,0,0
https://t.me/s/DeltaKroneckerGithub_Clash_12947,0,0,0
https://t.me/s/DeltaKroneckerGithub_Clash_12949,0,0,0
https://t.me/s/DeltaKroneckerGithub_Clash_1295,0,0,0
https://t.me/s/DeltaKroneckerGithub_Clash_12951,0,0,0
https://t.me/s/DeltaKroneckerGithub_Clash_12953,0,0,0
https://t.me/s/DeltaKroneckerGithub_Clash_12955,0,0,0
https://t.me/s/DeltaKroneckerGithub_Clash_12957,0,0,0
https://t.me/s/DeltaKroneckerGithub_Clash_12959,0,0,0
https://t.me/s/DeltaKroneckerGithub_Clash_12961,0,0,0
https://t.me/s/DeltaKroneckerGithub_Clash_12963,0,0,0
https://t.me/s/DeltaKroneckerGithub_Clash_12965,0,0,0
https://t.me/s/DeltaKroneckerGithub_Clash_12967,0,0,0
https://t.me/s/DeltaKroneckerGithub_Clash_12969,0,0,0
https://t.me/s/DeltaKroneckerGithub_Clash_1297,0,0,0
https://t.me/s/DeltaKroneckerGithub_Clash_12971,0,0,0
https://t.me/s/DeltaKroneckerGithub_Clash_12973,0,0,0
https://t.me/s/DeltaKroneckerGithub_Clash_12975,0,0,0
https://t.me/s/DeltaKroneckerGithub_Clash_12977,0,0,0
https://t.me/s/DeltaKroneckerGithub_Clash_12979,0,0,0
https://t.me/s/DeltaKroneckerGithub_Clash_12981,0,0,0
https://t.me/s/DeltaKroneckerGithub_Clash_12983,0,0,0
https://t.me/s/DeltaKroneckerGithub_Clash_12985,0,0,0
https://t.me/s/DeltaKroneckerGithub_Clash_12987,0,0,0
https://t.me/s/DeltaKroneckerGithub_Clash_12989,0,0,0
https://t.me/s/DeltaKroneckerGithub_Clash_1299,0,0,0
https://t.me/s/DeltaKroneckerGithub_Clash_12991,0,0,0
https://t.me/s/DeltaKroneckerGithub_Clash_12993,0,0,0
https://t.me/s/DeltaKroneckerGithub_Clash_12995,0,0,0
https://t.me/s/DeltaKroneckerGithub_Clash_12997,0,0,0
https://t.me/s/DeltaKroneckerGithub_Clash_12999,0,0,0
https://t.me/s/DeltaKroneckerGithub_Clash_13,0,0,0
https://t.me/s/DeltaKroneckerGithub_Clash_13001,0,0,0
https://t.me/s/DeltaKroneckerGithub_Clash_13003,0,0,0
https://t.me/s/DeltaKroneckerGithub_Clash_13005,0,0,0
https://t.me/s/DeltaKroneckerGithub_Clash_13007,0,0,0
https://t.me/s/DeltaKroneckerGithub_Clash_13009,0,0,0
https://t.me/s/DeltaKroneckerGithub_Clash_1301,0,0,0
https://t.me/s/DeltaKroneckerGithub_Clash_13011,0,0,0
https://t.me/s/DeltaKroneckerGithub_Clash_13013,0,0,0
https://t.me/s/DeltaKroneckerGithub_Clash_13015,0,0,0
https://t.me/s/DeltaKroneckerGithub_Clash_13017,0,0,0
https://t.me/s/DeltaKroneckerGithub_Clash_13019,0,0,0
https://t.me/s/DeltaKroneckerGithub_Clash_13021,0,0,0
https://t.me/s/DeltaKroneckerGithub_Clash_13023,0,0,0
https://t.me/s/DeltaKroneckerGithub_Clash_13025,0,0,0
https://t.me/s/DeltaKroneckerGithub_Clash_13027,0,0,0
https://t.me/s/DeltaKroneckerGithub_Clash_13029,0,0,0
https://t.me/s/DeltaKroneckerGithub_Clash_1303,0,0,0
https://t.me/s/DeltaKroneckerGithub_Clash_13031,0,0,0
https://t.me/s/DeltaKroneckerGithub_Clash_13033,0,0,0
https://t.me/s/DeltaKroneckerGithub_Clash_13035,0,0,0
https://t.me/s/DeltaKroneckerGithub_Clash_13037,0,0,0
https://t.me/s/DeltaKroneckerGithub_Clash_13039,0,0,0
https://t.me/s/DeltaKroneckerGithub_Clash_13041,0,0,0
https://t.me/s/DeltaKroneckerGithub_Clash_13043,0,0,0
https://t.me/s/DeltaKroneckerGithub_Clash_13045,0,0,0
https://t.me/s/DeltaKroneckerGithub_Clash_13047,0,0,0
https://t.me/s/DeltaKroneckerGithub_Clash_13049,0,0,0
https://t.me/s/DeltaKroneckerGithub_Clash_1305,0,0,0
https://t.me/s/DeltaKroneckerGithub_Clash_13051,0,0,0
https://t.me/s/DeltaKroneckerGithub_Clash_13053,0,0,0
https://t.me/s/DeltaKroneckerGithub_Clash_13055,0,0,0
https://t.me/s/DeltaKroneckerGithub_Clash_13057,0,0,0
https://t.me/s/DeltaKroneckerGithub_Clash_13059,0,0,0
https://t.me/s/DeltaKroneckerGithub_Clash_13061,0,0,0
https://t.me/s/DeltaKroneckerGithub_Clash_13063,0,0,0
https://t.me/s/DeltaKroneckerGithub_Clash_13065,0,0,0
https://t.me/s/DeltaKroneckerGithub_Clash_13067,0,0,0
https://t.me/s/DeltaKroneckerGithub_Clash_13069,0,0,0
https://t.me/s/DeltaKroneckerGithub_Clash_1307,0,0,0
https://t.me/s/DeltaKroneckerGithub_Clash_13071,0,0,0
https://t.me/s/DeltaKroneckerGithub_Clash_13073,0,0,0
https://t.me/s/DeltaKroneckerGithub_Clash_13075,0,0,0
https://t.me/s/DeltaKroneckerGithub_Clash_13077,0,0,0
https://t.me/s/DeltaKroneckerGithub_Clash_13079,0,0,0
https://t.me/s/DeltaKroneckerGithub_Clash_13081,0,0,0
https://t.me/s/DeltaKroneckerGithub_Clash_13083,0,0,0
https://t.me/s/DeltaKroneckerGithub_Clash_13085,0,0,0
https://t.me/s/DeltaKroneckerGithub_Clash_13087,0,0,0
https://t.me/s/DeltaKroneckerGithub_Clash_13089,0,0,0
https://t.me/s/DeltaKroneckerGithub_Clash_1309,0,0,0
https://t.me/s/DeltaKroneckerGithub_Clash_13091,0,0,0
https://t.me/s/DeltaKroneckerGithub_Clash_13093,0,0,0
https://t.me/s/DeltaKroneckerGithub_Clash_13095,0,0,0
https://t.me/s/DeltaKroneckerGithub_Clash_13097,0,0,0
https://t.me/s/DeltaKroneckerGithub_Clash_13099,0,0,0
https://t.me/s/DeltaKroneckerGithub_Clash_131,0,0,0
https://t.me/s/DeltaKroneckerGithub_Clash_13101,0,0,0
https://t.me/s/DeltaKroneckerGithub_Clash_13103,0,0,0
https://t.me/s/DeltaKroneckerGithub_Clash_13105,0,0,0
https://t.me/s/DeltaKroneckerGithub_Clash_13107,0,0,0
https://t.me/s/DeltaKroneckerGithub_Clash_13109,0,0,0
https://t.me/s/DeltaKroneckerGithub_Clash_1311,0,0,0
https://t.me/s/DeltaKroneckerGithub_Clash_13111,0,0,0
https://t.me/s/DeltaKroneckerGithub_Clash_13113,0,0,0
https://t.me/s/DeltaKroneckerGithub_Clash_13115,0,0,0
https://t.me/s/DeltaKroneckerGithub_Clash_13117,0,0,0
https://t.me/s/DeltaKroneckerGithub_Clash_13119,0,0,0
https://t.me/s/DeltaKroneckerGithub_Clash_13121,0,0,0
https://t.me/s/DeltaKroneckerGithub_Clash_13123,0,0,0
https://t.me/s/DeltaKroneckerGithub_Clash_13125,0,0,0
https://t.me/s/DeltaKroneckerGithub_Clash_13127,0,0,0
https://t.me/s/DeltaKroneckerGithub_Clash_13129,0,0,0
https://t.me/s/DeltaKroneckerGithub_Clash_1313,0,0,0
https://t.me/s/DeltaKroneckerGithub_Clash_13131,0,0,0
https://t.me/s/DeltaKroneckerGithub_Clash_13133,0,0,0
https://t.me/s/DeltaKroneckerGithub_Clash_13135,0,0,0
https://t.me/s/DeltaKroneckerGithub_Clash_13137,0,0,0
https://t.me/s/DeltaKroneckerGithub_Clash_13139,0,0,0
https://t.me/s/DeltaKroneckerGithub_Clash_13141,0,0,0
https://t.me/s/DeltaKroneckerGithub_Clash_13143,0,0,0
https://t.me/s/DeltaKroneckerGithub_Clash_13145,0,0,0
https://t.me/s/DeltaKroneckerGithub_Clash_13147,0,0,0
https://t.me/s/DeltaKroneckerGithub_Clash_13149,0,0,0
https://t.me/s/DeltaKroneckerGithub_Clash_1315,0,0,0
https://t.me/s/DeltaKroneckerGithub_Clash_13151,0,0,0
https://t.me/s/DeltaKroneckerGithub_Clash_13153,0,0,0
https://t.me/s/DeltaKroneckerGithub_Clash_13155,0,0,0
https://t.me/s/DeltaKroneckerGithub_Clash_13157,0,0,0
https://t.me/s/DeltaKroneckerGithub_Clash_13159,0,0,0
https://t.me/s/DeltaKroneckerGithub_Clash_13161,0,0,0
https://t.me/s/DeltaKroneckerGithub_Clash_13163,0,0,0
https://t.me/s/DeltaKroneckerGithub_Clash_13165,0,0,0
https://t.me/s/DeltaKroneckerGithub_Clash_13167,0,0,0
https://t.me/s/DeltaKroneckerGithub_Clash_13169,0,0,0
https://t.me/s/DeltaKroneckerGithub_Clash_1317,0,0,0
https://t.me/s/DeltaKroneckerGithub_Clash_13171,0,0,0
https://t.me/s/DeltaKroneckerGithub_Clash_13173,0,0,0
https://t.me/s/DeltaKroneckerGithub_Clash_13175,0,0,0
https://t.me/s/DeltaKroneckerGithub_Clash_13177,0,0,0
https://t.me/s/DeltaKroneckerGithub_Clash_13179,0,0,0
https://t.me/s/DeltaKroneckerGithub_Clash_13181,0,0,0
https://t.me/s/DeltaKroneckerGithub_Clash_13183,0,0,0
https://t.me/s/DeltaKroneckerGithub_Clash_13185,0,0,0
https://t.me/s/DeltaKroneckerGithub_Clash_13187,0,0,0
https://t.me/s/DeltaKroneckerGithub_Clash_13189,0,0,0
https://t.me/s/DeltaKroneckerGithub_Clash_1319,0,0,0
https://t.me/s/DeltaKroneckerGithub_Clash_13191,0,0,0
https://t.me/s/DeltaKroneckerGithub_Clash_13193,0,0,0
https://t.me/s/DeltaKroneckerGithub_Clash_13195,0,0,0
https://t.me/s/DeltaKroneckerGithub_Clash_13197,0,0,0
https://t.me/s/DeltaKroneckerGithub_Clash_13199,0,0,0
https://t.me/s/DeltaKroneckerGithub_Clash_13201,0,0,0
https://t.me/s/DeltaKroneckerGithub_Clash_13203,0,0,0
https://t.me/s/DeltaKroneckerGithub_Clash_13205,0,0,0
https://t.me/s/DeltaKroneckerGithub_Clash_13207,0,0,0
https://t.me/s/DeltaKroneckerGithub_Clash_13209,0,0,0
https://t.me/s/DeltaKroneckerGithub_Clash_13211,0,0,0
https://t.me/s/DeltaKroneckerGithub_Clash_13213,0,0,0
https://t.me/s/DeltaKroneckerGithub_Clash_13215,0,0,0
https://t.me/s/DeltaKroneckerGithub_Clash_13217,0,0,0
https://t.me/s/DeltaKroneckerGithub_Clash_13219,0,0,0
https://t.me/s/DeltaKroneckerGithub_Clash_13221,0,0,0
https://t.me/s/DeltaKroneckerGithub_Clash_13223,0,0,0
https://t.me/s/DeltaKroneckerGithub_Clash_13225,0,0,0
https://t.me/s/DeltaKroneckerGithub_Clash_13227,0,0,0
https://t.me/s/DeltaKroneckerGithub_Clash_13229,0,0,0
https://t.me/s/DeltaKroneckerGithub_Clash_1323,0,0,0
https://t.me/s/DeltaKroneckerGithub_Clash_13231,0,0,0
https://t.me/s/DeltaKroneckerGithub_Clash_13233,0,0,0
https://t.me/s/DeltaKroneckerGithub_Clash_13235,0,0,0
https://t.me/s/DeltaKroneckerGithub_Clash_13237,0,0,0
https://t.me/s/DeltaKroneckerGithub_Clash_13239,0,0,0
https://t.me/s/DeltaKroneckerGithub_Clash_13241,0,0,0
https://t.me/s/DeltaKroneckerGithub_Clash_13243,0,0,0
https://t.me/s/DeltaKroneckerGithub_Clash_13245,0,0,0
https://t.me/s/DeltaKroneckerGithub_Clash_13247,0,0,0
https://t.me/s/DeltaKroneckerGithub_Clash_13249,0,0,0
https://t.me/s/DeltaKroneckerGithub_Clash_1325,0,0,0
https://t.me/s/DeltaKroneckerGithub_Clash_13251,0,0,0
https://t.me/s/DeltaKroneckerGithub_Clash_13253,0,0,0
https://t.me/s/DeltaKroneckerGithub_Clash_13255,0,0,0
https://t.me/s/DeltaKroneckerGithub_Clash_13257,0,0,0
https://t.me/s/DeltaKroneckerGithub_Clash_13259,0,0,0
https://t.me/s/DeltaKroneckerGithub_Clash_13261,0,0,0
https://t.me/s/DeltaKroneckerGithub_Clash_13263,0,0,0
https://t.me/s/DeltaKroneckerGithub_Clash_13265,0,0,0
https://t.me/s/DeltaKroneckerGithub_Clash_13267,0,0,0
https://t.me/s/DeltaKroneckerGithub_Clash_13269,0,0,0
https://t.me/s/DeltaKroneckerGithub_Clash_1327,0,0,0
https://t.me/s/DeltaKroneckerGithub_Clash_13271,0,0,0
https://t.me/s/DeltaKroneckerGithub_Clash_13273,0,0,0
https://t.me/s/DeltaKroneckerGithub_Clash_13275,0,0,0
https://t.me/s/DeltaKroneckerGithub_Clash_13277,0,0,0
https://t.me/s/DeltaKroneckerGithub_Clash_13279,0,0,0
https://t.me/s/DeltaKroneckerGithub_Clash_13281,0,0,0
https://t.me/s/DeltaKroneckerGithub_Clash_13283,0,0,0
https://t.me/s/DeltaKroneckerGithub_Clash_13285,0,0,0
https://t.me/s/DeltaKroneckerGithub_Clash_13287,0,0,0
https://t.me/s/DeltaKroneckerGithub_Clash_13289,0,0,0
https://t.me/s/DeltaKroneckerGithub_Clash_1329,0,0,0
https://t.me/s/DeltaKroneckerGithub_Clash_13291,0,0,0
https://t.me/s/DeltaKroneckerGithub_Clash_13293,0,0,0
https://t.me/s/DeltaKroneckerGithub_Clash_13295,0,0,0
https://t.me/s/DeltaKroneckerGithub_Clash_13297,0,0,0
https://t.me/s/DeltaKroneckerGithub_Clash_13299,0,0,0
https://t.me/s/DeltaKroneckerGithub_Clash_133,0,0,0
https://t.me/s/DeltaKroneckerGithub_Clash_13301,0,0,0
https://t.me/s/DeltaKroneckerGithub_Clash_13303,0,0,0
https://t.me/s/DeltaKroneckerGithub_Clash_13305,0,0,0
https://t.me/s/DeltaKroneckerGithub_Clash_13307,0,0,0
https://t.me/s/DeltaKroneckerGithub_Clash_13309,0,0,0
https://t.me/s/DeltaKroneckerGithub_Clash_13311,0,0,0
https://t.me/s/DeltaKroneckerGithub_Clash_13313,0,0,0
https://t.me/s/DeltaKroneckerGithub_Clash_13315,0,0,0
https://t.me/s/DeltaKroneckerGithub_Clash_13317,0,0,0
https://t.me/s/DeltaKroneckerGithub_Clash_13319,0,0,0
https://t.me/s/DeltaKroneckerGithub_Clash_13321,0,0,0
https://t.me/s/DeltaKroneckerGithub_Clash_13323,0,0,0
https://t.me/s/DeltaKroneckerGithub_Clash_13325,0,0,0
https://t.me/s/DeltaKroneckerGithub_Clash_13327,0,0,0
https://t.me/s/DeltaKroneckerGithub_Clash_13329,0,0,0
https://t.me/s/DeltaKroneckerGithub_Clash_1333,0,0,0
https://t.me/s/DeltaKroneckerGithub_Clash_13331,0,0,0
https://t.me/s/DeltaKroneckerGithub_Clash_13333,0,0,0
https://t.me/s/DeltaKroneckerGithub_Clash_13335,0,0,0
https://t.me/s/DeltaKroneckerGithub_Clash_13337,0,0,0
https://t.me/s/DeltaKroneckerGithub_Clash_13339,0,0,0
https://t.me/s/DeltaKroneckerGithub_Clash_13341,0,0,0
https://t.me/s/DeltaKroneckerGithub_Clash_13343,0,0,0
https://t.me/s/DeltaKroneckerGithub_Clash_13345,0,0,0
https://t.me/s/DeltaKroneckerGithub_Clash_13347,0,0,0
https://t.me/s/DeltaKroneckerGithub_Clash_13349,0,0,0
https://t.me/s/DeltaKroneckerGithub_Clash_1335,0,0,0
https://t.me/s/DeltaKroneckerGithub_Clash_13351,0,0,0
https://t.me/s/DeltaKroneckerGithub_Clash_13353,0,0,0
https://t.me/s/DeltaKroneckerGithub_Clash_13355,0,0,0
https://t.me/s/DeltaKroneckerGithub_Clash_13357,0,0,0
https://t.me/s/DeltaKroneckerGithub_Clash_13359,0,0,0
https://t.me/s/DeltaKroneckerGithub_Clash_13361,0,0,0
https://t.me/s/DeltaKroneckerGithub_Clash_13363,0,0,0
https://t.me/s/DeltaKroneckerGithub_Clash_13365,0,0,0
https://t.me/s/DeltaKroneckerGithub_Clash_13367,0,0,0
https://t.me/s/DeltaKroneckerGithub_Clash_13369,0,0,0
https://t.me/s/DeltaKroneckerGithub_Clash_1337,0,0,0
https://t.me/s/DeltaKroneckerGithub_Clash_13371,0,0,0
https://t.me/s/DeltaKroneckerGithub_Clash_13373,0,0,0
https://t.me/s/DeltaKroneckerGithub_Clash_13375,0,0,0
https://t.me/s/DeltaKroneckerGithub_Clash_13377,0,0,0
https://t.me/s/DeltaKroneckerGithub_Clash_13379,0,0,0
https://t.me/s/DeltaKroneckerGithub_Clash_13381,0,0,0
https://t.me/s/DeltaKroneckerGithub_Clash_13383,0,0,0
https://t.me/s/DeltaKroneckerGithub_Clash_13385,0,0,0
https://t.me/s/DeltaKroneckerGithub_Clash_13387,0,0,0
https://t.me/s/DeltaKroneckerGithub_Clash_13389,0,0,0
https://t.me/s/DeltaKroneckerGithub_Clash_1339,0,0,0
https://t.me/s/DeltaKroneckerGithub_Clash_13391,0,0,0
https://t.me/s/DeltaKroneckerGithub_Clash_13393,0,0,0
https://t.me/s/DeltaKroneckerGithub_Clash_13395,0,0,0
https://t.me/s/DeltaKroneckerGithub_Clash_13397,0,0,0
https://t.me/s/DeltaKroneckerGithub_Clash_13399,0,0,0
https://t.me/s/DeltaKroneckerGithub_Clash_13401,0,0,0
https://t.me/s/DeltaKroneckerGithub_Clash_13403,0,0,0
https://t.me/s/DeltaKroneckerGithub_Clash_13405,0,0,0
https://t.me/s/DeltaKroneckerGithub_Clash_13407,0,0,0
https://t.me/s/DeltaKroneckerGithub_Clash_13409,0,0,0
https://t.me/s/DeltaKroneckerGithub_Clash_13411,0,0,0
https://t.me/s/DeltaKroneckerGithub_Clash_13413,0,0,0
https://t.me/s/DeltaKroneckerGithub_Clash_13415,0,0,0
https://t.me/s/DeltaKroneckerGithub_Clash_13417,0,0,0
https://t.me/s/DeltaKroneckerGithub_Clash_13419,0,0,0
https://t.me/s/DeltaKroneckerGithub_Clash_13421,0,0,0
https://t.me/s/DeltaKroneckerGithub_Clash_13423,0,0,0
https://t.me/s/DeltaKroneckerGithub_Clash_13425,0,0,0
https://t.me/s/DeltaKroneckerGithub_Clash_13427,0,0,0
https://t.me/s/DeltaKroneckerGithub_Clash_13429,0,0,0
https://t.me/s/DeltaKroneckerGithub_Clash_1343,0,0,0
https://t.me/s/DeltaKroneckerGithub_Clash_13431,0,0,0
https://t.me/s/DeltaKroneckerGithub_Clash_13433,0,0,0
https://t.me/s/DeltaKroneckerGithub_Clash_13435,0,0,0
https://t.me/s/DeltaKroneckerGithub_Clash_13437,0,0,0
https://t.me/s/DeltaKroneckerGithub_Clash_13439,0,0,0
https://t.me/s/DeltaKroneckerGithub_Clash_13441,0,0,0
https://t.me/s/DeltaKroneckerGithub_Clash_13443,0,0,0
https://t.me/s/DeltaKroneckerGithub_Clash_13445,0,0,0
https://t.me/s/DeltaKroneckerGithub_Clash_13447,0,0,0
https://t.me/s/DeltaKroneckerGithub_Clash_13449,0,0,0
https://t.me/s/DeltaKroneckerGithub_Clash_1345,0,0,0
https://t.me/s/DeltaKroneckerGithub_Clash_13451,0,0,0
https://t.me/s/DeltaKroneckerGithub_Clash_13453,0,0,0
https://t.me/s/DeltaKroneckerGithub_Clash_13455,0,0,0
https://t.me/s/DeltaKroneckerGithub_Clash_13457,0,0,0
https://t.me/s/DeltaKroneckerGithub_Clash_13459,0,0,0
https://t.me/s/DeltaKroneckerGithub_Clash_13461,0,0,0
https://t.me/s/DeltaKroneckerGithub_Clash_13463,0,0,0
https://t.me/s/DeltaKroneckerGithub_Clash_13465,0,0,0
https://t.me/s/DeltaKroneckerGithub_Clash_13467,0,0,0
https://t.me/s/DeltaKroneckerGithub_Clash_13469,0,0,0
https://t.me/s/DeltaKroneckerGithub_Clash_1347,0,0,0
https://t.me/s/DeltaKroneckerGithub_Clash_13471,0,0,0
https://t.me/s/DeltaKroneckerGithub_Clash_13473,0,0,0
https://t.me/s/DeltaKroneckerGithub_Clash_13475,0,0,0
https://t.me/s/DeltaKroneckerGithub_Clash_13477,0,0,0
https://t.me/s/DeltaKroneckerGithub_Clash_13479,0,0,0
https://t.me/s/DeltaKroneckerGithub_Clash_13481,0,0,0
https://t.me/s/DeltaKroneckerGithub_Clash_13483,0,0,0
https://t.me/s/DeltaKroneckerGithub_Clash_13485,0,0,0
https://t.me/s/DeltaKroneckerGithub_Clash_13487,0,0,0
https://t.me/s/DeltaKroneckerGithub_Clash_13489,0,0,0
https://t.me/s/DeltaKroneckerGithub_Clash_13491,0,0,0
https://t.me/s/DeltaKroneckerGithub_Clash_13493,0,0,0
https://t.me/s/DeltaKroneckerGithub_Clash_13495,0,0,0
https://t.me/s/DeltaKroneckerGithub_Clash_13497,0,0,0
https://t.me/s/DeltaKroneckerGithub_Clash_13499,0,0,0
https://t.me/s/DeltaKroneckerGithub_Clash_135,0,0,0
https://t.me/s/DeltaKroneckerGithub_Clash_13501,0,0,0
https://t.me/s/DeltaKroneckerGithub_Clash_13503,0,0,0
https://t.me/s/DeltaKroneckerGithub_Clash_13505,0,0,0
https://t.me/s/DeltaKroneckerGithub_Clash_13507,0,0,0
https://t.me/s/DeltaKroneckerGithub_Clash_13509,0,0,0
https://t.me/s/DeltaKroneckerGithub_Clash_1351,0,0,0
https://t.me/s/DeltaKroneckerGithub_Clash_13511,0,0,0
https://t.me/s/DeltaKroneckerGithub_Clash_13513,0,0,0
https://t.me/s/DeltaKroneckerGithub_Clash_13515,0,0,0
https://t.me/s/DeltaKroneckerGithub_Clash_13517,0,0,0
https://t.me/s/DeltaKroneckerGithub_Clash_13519,0,0,0
https://t.me/s/DeltaKroneckerGithub_Clash_13521,0,0,0
https://t.me/s/DeltaKroneckerGithub_Clash_13523,0,0,0
https://t.me/s/DeltaKroneckerGithub_Clash_13525,0,0,0
https://t.me/s/DeltaKroneckerGithub_Clash_13527,0,0,0
https://t.me/s/DeltaKroneckerGithub_Clash_13529,0,0,0
https://t.me/s/DeltaKroneckerGithub_Clash_1353,0,0,0
https://t.me/s/DeltaKroneckerGithub_Clash_13531,0,0,0
https://t.me/s/DeltaKroneckerGithub_Clash_13533,0,0,0
https://t.me/s/DeltaKroneckerGithub_Clash_13535,0,0,0
https://t.me/s/DeltaKroneckerGithub_Clash_13537,0,0,0
https://t.me/s/DeltaKroneckerGithub_Clash_13539,0,0,0
https://t.me/s/DeltaKroneckerGithub_Clash_13541,0,0,0
https://t.me/s/DeltaKroneckerGithub_Clash_13543,0,0,0
https://t.me/s/DeltaKroneckerGithub_Clash_13545,0,0,0
https://t.me/s/DeltaKroneckerGithub_Clash_13547,0,0,0
https://t.me/s/DeltaKroneckerGithub_Clash_13549,0,0,0
https://t.me/s/DeltaKroneckerGithub_Clash_1355,0,0,0
https://t.me/s/DeltaKroneckerGithub_Clash_13551,0,0,0
https://t.me/s/DeltaKroneckerGithub_Clash_13553,0,0,0
https://t.me/s/DeltaKroneckerGithub_Clash_13555,0,0,0
https://t.me/s/DeltaKroneckerGithub_Clash_13557,0,0,0
https://t.me/s/DeltaKroneckerGithub_Clash_13559,0,0,0
https://t.me/s/DeltaKroneckerGithub_Clash_13561,0,0,0
https://t.me/s/DeltaKroneckerGithub_Clash_13563,0,0,0
https://t.me/s/DeltaKroneckerGithub_Clash_13565,0,0,0
https://t.me/s/DeltaKroneckerGithub_Clash_13567,0,0,0
https://t.me/s/DeltaKroneckerGithub_Clash_13569,0,0,0
https://t.me/s/DeltaKroneckerGithub_Clash_1357,0,0,0
https://t.me/s/DeltaKroneckerGithub_Clash_13571,0,0,0
https://t.me/s/DeltaKroneckerGithub_Clash_13573,0,0,0
https://t.me/s/DeltaKroneckerGithub_Clash_13575,0,0,0
https://t.me/s/DeltaKroneckerGithub_Clash_13577,0,0,0
https://t.me/s/DeltaKroneckerGithub_Clash_13579,0,0,0
https://t.me/s/DeltaKroneckerGithub_Clash_13581,0,0,0
https://t.me/s/DeltaKroneckerGithub_Clash_13583,0,0,0
https://t.me/s/DeltaKroneckerGithub_Clash_13585,0,0,0
https://t.me/s/DeltaKroneckerGithub_Clash_13587,0,0,0
https://t.me/s/DeltaKroneckerGithub_Clash_13589,0,0,0
https://t.me/s/DeltaKroneckerGithub_Clash_1359,0,0,0
https://t.me/s/DeltaKroneckerGithub_Clash_13591,0,0,0
https://t.me/s/DeltaKroneckerGithub_Clash_13593,0,0,0
https://t.me/s/DeltaKroneckerGithub_Clash_13595,0,0,0
https://t.me/s/DeltaKroneckerGithub_Clash_13597,0,0,0
https://t.me/s/DeltaKroneckerGithub_Clash_13599,0,0,0
https://t.me/s/DeltaKroneckerGithub_Clash_13601,0,0,0
https://t.me/s/DeltaKroneckerGithub_Clash_13603,0,0,0
https://t.me/s/DeltaKroneckerGithub_Clash_13605,0,0,0
https://t.me/s/DeltaKroneckerGithub_Clash_13607,0,0,0
https://t.me/s/DeltaKroneckerGithub_Clash_13609,0,0,0
https://t.me/s/DeltaKroneckerGithub_Clash_1361,0,0,0
https://t.me/s/DeltaKroneckerGithub_Clash_13611,0,0,0
https://t.me/s/DeltaKroneckerGithub_Clash_13613,0,0,0
https://t.me/s/DeltaKroneckerGithub_Clash_13615,0,0,0
https://t.me/s/DeltaKroneckerGithub_Clash_13617,0,0,0
https://t.me/s/DeltaKroneckerGithub_Clash_13619,0,0,0
https://t.me/s/DeltaKroneckerGithub_Clash_13621,0,0,0
https://t.me/s/DeltaKroneckerGithub_Clash_13623,0,0,0
https://t.me/s/DeltaKroneckerGithub_Clash_13625,0,0,0
https://t.me/s/DeltaKroneckerGithub_Clash_13627,0,0,0
https://t.me/s/DeltaKroneckerGithub_Clash_13629,0,0,0
https://t.me/s/DeltaKroneckerGithub_Clash_1363,0,0,0
https://t.me/s/DeltaKroneckerGithub_Clash_13631,0,0,0
https://t.me/s/DeltaKroneckerGithub_Clash_13633,0,0,0
https://t.me/s/DeltaKroneckerGithub_Clash_13635,0,0,0
https://t.me/s/DeltaKroneckerGithub_Clash_13637,0,0,0
https://t.me/s/DeltaKroneckerGithub_Clash_13639,0,0,0
https://t.me/s/DeltaKroneckerGithub_Clash_13641,0,0,0
https://t.me/s/DeltaKroneckerGithub_Clash_13643,0,0,0
https://t.me/s/DeltaKroneckerGithub_Clash_13645,0,0,0
https://t.me/s/DeltaKroneckerGithub_Clash_13647,0,0,0
https://t.me/s/DeltaKroneckerGithub_Clash_13649,0,0,0
https://t.me/s/DeltaKroneckerGithub_Clash_1365,0,0,0
https://t.me/s/DeltaKroneckerGithub_Clash_13651,0,0,0
https://t.me/s/DeltaKroneckerGithub_Clash_13653,0,0,0
https://t.me/s/DeltaKroneckerGithub_Clash_13655,0,0,0
https://t.me/s/DeltaKroneckerGithub_Clash_13657,0,0,0
https://t.me/s/DeltaKroneckerGithub_Clash_13659,0,0,0
https://t.me/s/DeltaKroneckerGithub_Clash_13661,0,0,0
https://t.me/s/DeltaKroneckerGithub_Clash_13663,0,0,0
https://t.me/s/DeltaKroneckerGithub_Clash_13665,0,0,0
https://t.me/s/DeltaKroneckerGithub_Clash_13667,0,0,0
https://t.me/s/DeltaKroneckerGithub_Clash_13669,0,0,0
https://t.me/s/DeltaKroneckerGithub_Clash_1367,0,0,0
https://t.me/s/DeltaKroneckerGithub_Clash_13671,0,0,0
https://t.me/s/DeltaKroneckerGithub_Clash_13673,0,0,0
https://t.me/s/DeltaKroneckerGithub_Clash_13675,0,0,0
https://t.me/s/DeltaKroneckerGithub_Clash_13677,0,0,0
https://t.me/s/DeltaKroneckerGithub_Clash_13679,0,0,0
https://t.me/s/DeltaKroneckerGithub_Clash_13681,0,0,0
https://t.me/s/DeltaKroneckerGithub_Clash_13683,0,0,0
https://t.me/s/DeltaKroneckerGithub_Clash_13685,0,0,0
https://t.me/s/DeltaKroneckerGithub_Clash_13687,0,0,0
https://t.me/s/DeltaKroneckerGithub_Clash_13689,0,0,0
https://t.me/s/DeltaKroneckerGithub_Clash_1369,0,0,0
https://t.me/s/DeltaKroneckerGithub_Clash_13691,0,0,0
https://t.me/s/DeltaKroneckerGithub_Clash_13693,0,0,0
https://t.me/s/DeltaKroneckerGithub_Clash_13695,0,0,0
https://t.me/s/DeltaKroneckerGithub_Clash_13697,0,0,0
https://t.me/s/DeltaKroneckerGithub_Clash_13699,0,0,0
https://t.me/s/DeltaKroneckerGithub_Clash_137,0,0,0
https://t.me/s/DeltaKroneckerGithub_Clash_13701,0,0,0
https://t.me/s/DeltaKroneckerGithub_Clash_13703,0,0,0
https://t.me/s/DeltaKroneckerGithub_Clash_13705,0,0,0
https://t.me/s/DeltaKroneckerGithub_Clash_13707,0,0,0
https://t.me/s/DeltaKroneckerGithub_Clash_13709,0,0,0
https://t.me/s/DeltaKroneckerGithub_Clash_1371,0,0,0
https://t.me/s/DeltaKroneckerGithub_Clash_13711,0,0,0
https://t.me/s/DeltaKroneckerGithub_Clash_13713,0,0,0
https://t.me/s/DeltaKroneckerGithub_Clash_13715,0,0,0
https://t.me/s/DeltaKroneckerGithub_Clash_13717,0,0,0
https://t.me/s/DeltaKroneckerGithub_Clash_13719,0,0,0
https://t.me/s/DeltaKroneckerGithub_Clash_13721,0,0,0
https://t.me/s/DeltaKroneckerGithub_Clash_13723,0,0,0
https://t.me/s/DeltaKroneckerGithub_Clash_13725,0,0,0
https://t.me/s/DeltaKroneckerGithub_Clash_13727,0,0,0
https://t.me/s/DeltaKroneckerGithub_Clash_13729,0,0,0
https://t.me/s/DeltaKroneckerGithub_Clash_13731,0,0,0
https://t.me/s/DeltaKroneckerGithub_Clash_13733,0,0,0
https://t.me/s/DeltaKroneckerGithub_Clash_13734,0,0,0
https://t.me/s/DeltaKroneckerGithub_Clash_13735,0,0,0
https://t.me/s/DeltaKroneckerGithub_Clash_13737,0,0,0
https://t.me/s/DeltaKroneckerGithub_Clash_13739,0,0,0
https://t.me/s/DeltaKroneckerGithub_Clash_13741,0,0,0
https://t.me/s/DeltaKroneckerGithub_Clash_13743,0,0,0
https://t.me/s/DeltaKroneckerGithub_Clash_13745,0,0,0
https://t.me/s/DeltaKroneckerGithub_Clash_13747,0,0,0
https://t.me/s/DeltaKroneckerGithub_Clash_13749,0,0,0
https://t.me/s/DeltaKroneckerGithub_Clash_1375,0,0,0
https://t.me/s/DeltaKroneckerGithub_Clash_13751,0,0,0
https://t.me/s/DeltaKroneckerGithub_Clash_13753,0,0,0
https://t.me/s/DeltaKroneckerGithub_Clash_13755,0,0,0
https://t.me/s/DeltaKroneckerGithub_Clash_13757,0,0,0
https://t.me/s/DeltaKroneckerGithub_Clash_13759,0,0,0
https://t.me/s/DeltaKroneckerGithub_Clash_13761,0,0,0
https://t.me/s/DeltaKroneckerGithub_Clash_13763,0,0,0
https://t.me/s/DeltaKroneckerGithub_Clash_13765,0,0,0
https://t.me/s/DeltaKroneckerGithub_Clash_13767,0,0,0
https://t.me/s/DeltaKroneckerGithub_Clash_13769,0,0,0
https://t.me/s/DeltaKroneckerGithub_Clash_1377,0,0,0
https://t.me/s/DeltaKroneckerGithub_Clash_13770,0,0,0
https://t.me/s/DeltaKroneckerGithub_Clash_13771,0,0,0
https://t.me/s/DeltaKroneckerGithub_Clash_13773,0,0,0
https://t.me/s/DeltaKroneckerGithub_Clash_13775,0,0,0
https://t.me/s/DeltaKroneckerGithub_Clash_13777,0,0,0
https://t.me/s/DeltaKroneckerGithub_Clash_13779,0,0,0
https://t.me/s/DeltaKroneckerGithub_Clash_13781,0,0,0
https://t.me/s/DeltaKroneckerGithub_Clash_13783,0,0,0
https://t.me/s/DeltaKroneckerGithub_Clash_13785,0,0,0
https://t.me/s/DeltaKroneckerGithub_Clash_13787,0,0,0
https://t.me/s/DeltaKroneckerGithub_Clash_13789,0,0,0
https://t.me/s/DeltaKroneckerGithub_Clash_1379,0,0,0
https://t.me/s/DeltaKroneckerGithub_Clash_13791,0,0,0
https://t.me/s/DeltaKroneckerGithub_Clash_13793,0,0,0
https://t.me/s/DeltaKroneckerGithub_Clash_13795,0,0,0
https://t.me/s/DeltaKroneckerGithub_Clash_13797,0,0,0
https://t.me/s/DeltaKroneckerGithub_Clash_13799,0,0,0
https://t.me/s/DeltaKroneckerGithub_Clash_13801,0,0,0
https://t.me/s/DeltaKroneckerGithub_Clash_13803,0,0,0
https://t.me/s/DeltaKroneckerGithub_Clash_13805,0,0,0
https://t.me/s/DeltaKroneckerGithub_Clash_13807,0,0,0
https://t.me/s/DeltaKroneckerGithub_Clash_13809,0,0,0
https://t.me/s/DeltaKroneckerGithub_Clash_13811,0,0,0
https://t.me/s/DeltaKroneckerGithub_Clash_13813,0,0,0
https://t.me/s/DeltaKroneckerGithub_Clash_13815,0,0,0
https://t.me/s/DeltaKroneckerGithub_Clash_13817,0,0,0
https://t.me/s/DeltaKroneckerGithub_Clash_13819,0,0,0
https://t.me/s/DeltaKroneckerGithub_Clash_13821,0,0,0
https://t.me/s/DeltaKroneckerGithub_Clash_13823,0,0,0
https://t.me/s/DeltaKroneckerGithub_Clash_13825,0,0,0
https://t.me/s/DeltaKroneckerGithub_Clash_13827,0,0,0
https://t.me/s/DeltaKroneckerGithub_Clash_13829,0,0,0
https://t.me/s/DeltaKroneckerGithub_Clash_1383,0,0,0
https://t.me/s/DeltaKroneckerGithub_Clash_13831,0,0,0
https://t.me/s/DeltaKroneckerGithub_Clash_13833,0,0,0
https://t.me/s/DeltaKroneckerGithub_Clash_13834,0,0,0
https://t.me/s/DeltaKroneckerGithub_Clash_13835,0,0,0
https://t.me/s/DeltaKroneckerGithub_Clash_13837,0,0,0
https://t.me/s/DeltaKroneckerGithub_Clash_13839,0,0,0
https://t.me/s/DeltaKroneckerGithub_Clash_13841,0,0,0
https://t.me/s/DeltaKroneckerGithub_Clash_13843,0,0,0
https://t.me/s/DeltaKroneckerGithub_Clash_13845,0,0,0
https://t.me/s/DeltaKroneckerGithub_Clash_13847,0,0,0
https://t.me/s/DeltaKroneckerGithub_Clash_13849,0,0,0
https://t.me/s/DeltaKroneckerGithub_Clash_1385,0,0,0
https://t.me/s/DeltaKroneckerGithub_Clash_13851,0,0,0
https://t.me/s/DeltaKroneckerGithub_Clash_13853,0,0,0
https://t.me/s/DeltaKroneckerGithub_Clash_13855,0,0,0
https://t.me/s/DeltaKroneckerGithub_Clash_13857,0,0,0
https://t.me/s/DeltaKroneckerGithub_Clash_13859,0,0,0
https://t.me/s/DeltaKroneckerGithub_Clash_13861,0,0,0
https://t.me/s/DeltaKroneckerGithub_Clash_13863,0,0,0
https://t.me/s/DeltaKroneckerGithub_Clash_13865,0,0,0
https://t.me/s/DeltaKroneckerGithub_Clash_13867,0,0,0
https://t.me/s/DeltaKroneckerGithub_Clash_13869,0,0,0
https://t.me/s/DeltaKroneckerGithub_Clash_1387,0,0,0
https://t.me/s/DeltaKroneckerGithub_Clash_13871,0,0,0
https://t.me/s/DeltaKroneckerGithub_Clash_13873,0,0,0
https://t.me/s/DeltaKroneckerGithub_Clash_13875,0,0,0
https://t.me/s/DeltaKroneckerGithub_Clash_13877,0,0,0
https://t.me/s/DeltaKroneckerGithub_Clash_13879,0,0,0
https://t.me/s/DeltaKroneckerGithub_Clash_13881,0,0,0
https://t.me/s/DeltaKroneckerGithub_Clash_13883,0,0,0
https://t.me/s/DeltaKroneckerGithub_Clash_13885,0,0,0
https://t.me/s/DeltaKroneckerGithub_Clash_13887,0,0,0
https://t.me/s/DeltaKroneckerGithub_Clash_13889,0,0,0
https://t.me/s/DeltaKroneckerGithub_Clash_1389,0,0,0
https://t.me/s/DeltaKroneckerGithub_Clash_13891,0,0,0
https://t.me/s/DeltaKroneckerGithub_Clash_13893,0,0,0
https://t.me/s/DeltaKroneckerGithub_Clash_13895,0,0,0
https://t.me/s/DeltaKroneckerGithub_Clash_13897,0,0,0
https://t.me/s/DeltaKroneckerGithub_Clash_13899,0,0,0
https://t.me/s/DeltaKroneckerGithub_Clash_139,0,0,0
https://t.me/s/DeltaKroneckerGithub_Clash_13901,0,0,0
https://t.me/s/DeltaKroneckerGithub_Clash_13903,0,0,0
https://t.me/s/DeltaKroneckerGithub_Clash_13905,0,0,0
https://t.me/s/DeltaKroneckerGithub_Clash_13907,0,0,0
https://t.me/s/DeltaKroneckerGithub_Clash_13909,0,0,0
https://t.me/s/DeltaKroneckerGithub_Clash_1391,0,0,0
https://t.me/s/DeltaKroneckerGithub_Clash_13911,0,0,0
https://t.me/s/DeltaKroneckerGithub_Clash_13913,0,0,0
https://t.me/s/DeltaKroneckerGithub_Clash_13915,0,0,0
https://t.me/s/DeltaKroneckerGithub_Clash_13917,0,0,0
https://t.me/s/DeltaKroneckerGithub_Clash_13919,0,0,0
https://t.me/s/DeltaKroneckerGithub_Clash_13921,0,0,0
https://t.me/s/DeltaKroneckerGithub_Clash_13923,0,0,0
https://t.me/s/DeltaKroneckerGithub_Clash_13924,0,0,0
https://t.me/s/DeltaKroneckerGithub_Clash_13925,0,0,0
https://t.me/s/DeltaKroneckerGithub_Clash_13927,0,0,0
https://t.me/s/DeltaKroneckerGithub_Clash_13929,0,0,0
https://t.me/s/DeltaKroneckerGithub_Clash_1393,0,0,0
https://t.me/s/DeltaKroneckerGithub_Clash_13931,0,0,0
https://t.me/s/DeltaKroneckerGithub_Clash_13933,0,0,0
https://t.me/s/DeltaKroneckerGithub_Clash_13935,0,0,0
https://t.me/s/DeltaKroneckerGithub_Clash_13937,0,0,0
https://t.me/s/DeltaKroneckerGithub_Clash_13939,0,0,0
https://t.me/s/DeltaKroneckerGithub_Clash_13941,0,0,0
https://t.me/s/DeltaKroneckerGithub_Clash_13943,0,0,0
https://t.me/s/DeltaKroneckerGithub_Clash_13945,0,0,0
https://t.me/s/DeltaKroneckerGithub_Clash_13947,0,0,0
https://t.me/s/DeltaKroneckerGithub_Clash_13949,0,0,0
https://t.me/s/DeltaKroneckerGithub_Clash_1395,0,0,0
https://t.me/s/DeltaKroneckerGithub_Clash_13951,0,0,0
https://t.me/s/DeltaKroneckerGithub_Clash_13953,0,0,0
https://t.me/s/DeltaKroneckerGithub_Clash_13955,0,0,0
https://t.me/s/DeltaKroneckerGithub_Clash_13957,0,0,0
https://t.me/s/DeltaKroneckerGithub_Clash_13959,0,0,0
https://t.me/s/DeltaKroneckerGithub_Clash_13961,0,0,0
https://t.me/s/DeltaKroneckerGithub_Clash_13963,0,0,0
https://t.me/s/DeltaKroneckerGithub_Clash_13964,0,0,0
https://t.me/s/DeltaKroneckerGithub_Clash_13965,0,0,0
https://t.me/s/DeltaKroneckerGithub_Clash_13967,0,0,0
https://t.me/s/DeltaKroneckerGithub_Clash_13969,0,0,0
https://t.me/s/DeltaKroneckerGithub_Clash_13971,0,0,0
https://t.me/s/DeltaKroneckerGithub_Clash_13973,0,0,0
https://t.me/s/DeltaKroneckerGithub_Clash_13975,0,0,0
https://t.me/s/DeltaKroneckerGithub_Clash_13977,0,0,0
https://t.me/s/DeltaKroneckerGithub_Clash_13979,0,0,0
https://t.me/s/DeltaKroneckerGithub_Clash_13981,0,0,0
https://t.me/s/DeltaKroneckerGithub_Clash_13983,0,0,0
https://t.me/s/DeltaKroneckerGithub_Clash_13985,0,0,0
https://t.me/s/DeltaKroneckerGithub_Clash_13987,0,0,0
https://t.me/s/DeltaKroneckerGithub_Clash_13989,0,0,0
https://t.me/s/DeltaKroneckerGithub_Clash_1399,0,0,0
https://t.me/s/DeltaKroneckerGithub_Clash_13991,0,0,0
https://t.me/s/DeltaKroneckerGithub_Clash_13993,0,0,0
https://t.me/s/DeltaKroneckerGithub_Clash_13995,0,0,0
https://t.me/s/DeltaKroneckerGithub_Clash_13997,0,0,0
https://t.me/s/DeltaKroneckerGithub_Clash_13999,0,0,0
https://t.me/s/DeltaKroneckerGithub_Clash_14001,0,0,0
https://t.me/s/DeltaKroneckerGithub_Clash_14003,0,0,0
https://t.me/s/DeltaKroneckerGithub_Clash_14005,0,0,0
https://t.me/s/DeltaKroneckerGithub_Clash_14007,0,0,0
https://t.me/s/DeltaKroneckerGithub_Clash_14009,0,0,0
https://t.me/s/DeltaKroneckerGithub_Clash_1401,0,0,0
https://t.me/s/DeltaKroneckerGithub_Clash_14011,0,0,0
https://t.me/s/DeltaKroneckerGithub_Clash_14013,0,0,0
https://t.me/s/DeltaKroneckerGithub_Clash_14015,0,0,0
https://t.me/s/DeltaKroneckerGithub_Clash_14017,0,0,0
https://t.me/s/DeltaKroneckerGithub_Clash_14019,0,0,0
https://t.me/s/DeltaKroneckerGithub_Clash_14021,0,0,0
https://t.me/s/DeltaKroneckerGithub_Clash_14023,0,0,0
https://t.me/s/DeltaKroneckerGithub_Clash_14025,0,0,0
https://t.me/s/DeltaKroneckerGithub_Clash_14027,0,0,0
https://t.me/s/DeltaKroneckerGithub_Clash_14029,0,0,0
https://t.me/s/DeltaKroneckerGithub_Clash_1403,0,0,0
https://t.me/s/DeltaKroneckerGithub_Clash_14031,0,0,0
https://t.me/s/DeltaKroneckerGithub_Clash_14033,0,0,0
https://t.me/s/DeltaKroneckerGithub_Clash_14035,0,0,0
https://t.me/s/DeltaKroneckerGithub_Clash_14037,0,0,0
https://t.me/s/DeltaKroneckerGithub_Clash_14039,0,0,0
https://t.me/s/DeltaKroneckerGithub_Clash_14041,0,0,0
https://t.me/s/DeltaKroneckerGithub_Clash_14043,0,0,0
https://t.me/s/DeltaKroneckerGithub_Clash_14045,0,0,0
https://t.me/s/DeltaKroneckerGithub_Clash_14047,0,0,0
https://t.me/s/DeltaKroneckerGithub_Clash_14049,0,0,0
https://t.me/s/DeltaKroneckerGithub_Clash_1405,0,0,0
https://t.me/s/DeltaKroneckerGithub_Clash_14051,0,0,0
https://t.me/s/DeltaKroneckerGithub_Clash_14053,0,0,0
https://t.me/s/DeltaKroneckerGithub_Clash_14055,0,0,0
https://t.me/s/DeltaKroneckerGithub_Clash_14057,0,0,0
https://t.me/s/DeltaKroneckerGithub_Clash_14059,0,0,0
https://t.me/s/DeltaKroneckerGithub_Clash_14061,0,0,0
https://t.me/s/DeltaKroneckerGithub_Clash_14063,0,0,0
https://t.me/s/DeltaKroneckerGithub_Clash_14065,0,0,0
https://t.me/s/DeltaKroneckerGithub_Clash_14067,0,0,0
https://t.me/s/DeltaKroneckerGithub_Clash_14069,0,0,0
https://t.me/s/DeltaKroneckerGithub_Clash_1407,0,0,0
https://t.me/s/DeltaKroneckerGithub_Clash_14071,0,0,0
https://t.me/s/DeltaKroneckerGithub_Clash_14073,0,0,0
https://t.me/s/DeltaKroneckerGithub_Clash_14075,0,0,0
https://t.me/s/DeltaKroneckerGithub_Clash_14077,0,0,0
https://t.me/s/DeltaKroneckerGithub_Clash_14079,0,0,0
https://t.me/s/DeltaKroneckerGithub_Clash_14081,0,0,0
https://t.me/s/DeltaKroneckerGithub_Clash_14083,0,0,0
https://t.me/s/DeltaKroneckerGithub_Clash_14085,0,0,0
https://t.me/s/DeltaKroneckerGithub_Clash_14087,0,0,0
https://t.me/s/DeltaKroneckerGithub_Clash_14089,0,0,0
https://t.me/s/DeltaKroneckerGithub_Clash_1409,0,0,0
https://t.me/s/DeltaKroneckerGithub_Clash_14091,0,0,0
https://t.me/s/DeltaKroneckerGithub_Clash_14093,0,0,0
https://t.me/s/DeltaKroneckerGithub_Clash_14095,0,0,0
https://t.me/s/DeltaKroneckerGithub_Clash_14097,0,0,0
https://t.me/s/DeltaKroneckerGithub_Clash_14099,0,0,0
https://t.me/s/DeltaKroneckerGithub_Clash_141,0,0,0
https://t.me/s/DeltaKroneckerGithub_Clash_14101,0,0,0
https://t.me/s/DeltaKroneckerGithub_Clash_14103,0,0,0
https://t.me/s/DeltaKroneckerGithub_Clash_14105,0,0,0
https://t.me/s/DeltaKroneckerGithub_Clash_14107,0,0,0
https://t.me/s/DeltaKroneckerGithub_Clash_14109,0,0,0
https://t.me/s/DeltaKroneckerGithub_Clash_1411,0,0,0
https://t.me/s/DeltaKroneckerGithub_Clash_14111,0,0,0
https://t.me/s/DeltaKroneckerGithub_Clash_14113,0,0,0
https://t.me/s/DeltaKroneckerGithub_Clash_14115,0,0,0
https://t.me/s/DeltaKroneckerGithub_Clash_14117,0,0,0
https://t.me/s/DeltaKroneckerGithub_Clash_14119,0,0,0
https://t.me/s/DeltaKroneckerGithub_Clash_14121,0,0,0
https://t.me/s/DeltaKroneckerGithub_Clash_14123,0,0,0
https://t.me/s/DeltaKroneckerGithub_Clash_14125,0,0,0
https://t.me/s/DeltaKroneckerGithub_Clash_14127,0,0,0
https://t.me/s/DeltaKroneckerGithub_Clash_14129,0,0,0
https://t.me/s/DeltaKroneckerGithub_Clash_1413,0,0,0
https://t.me/s/DeltaKroneckerGithub_Clash_14131,0,0,0
https://t.me/s/DeltaKroneckerGithub_Clash_14133,0,0,0
https://t.me/s/DeltaKroneckerGithub_Clash_14135,0,0,0
https://t.me/s/DeltaKroneckerGithub_Clash_14137,0,0,0
https://t.me/s/DeltaKroneckerGithub_Clash_14139,0,0,0
https://t.me/s/DeltaKroneckerGithub_Clash_14141,0,0,0
https://t.me/s/DeltaKroneckerGithub_Clash_14143,0,0,0
https://t.me/s/DeltaKroneckerGithub_Clash_14145,0,0,0
https://t.me/s/DeltaKroneckerGithub_Clash_14147,0,0,0
https://t.me/s/DeltaKroneckerGithub_Clash_14149,0,0,0
https://t.me/s/DeltaKroneckerGithub_Clash_1415,0,0,0
https://t.me/s/DeltaKroneckerGithub_Clash_14151,0,0,0
https://t.me/s/DeltaKroneckerGithub_Clash_14153,0,0,0
https://t.me/s/DeltaKroneckerGithub_Clash_14155,0,0,0
https://t.me/s/DeltaKroneckerGithub_Clash_14157,0,0,0
https://t.me/s/DeltaKroneckerGithub_Clash_14159,0,0,0
https://t.me/s/DeltaKroneckerGithub_Clash_14161,0,0,0
https://t.me/s/DeltaKroneckerGithub_Clash_14163,0,0,0
https://t.me/s/DeltaKroneckerGithub_Clash_14165,0,0,0
https://t.me/s/DeltaKroneckerGithub_Clash_14167,0,0,0
https://t.me/s/DeltaKroneckerGithub_Clash_14169,0,0,0
https://t.me/s/DeltaKroneckerGithub_Clash_1417,0,0,0
https://t.me/s/DeltaKroneckerGithub_Clash_14171,0,0,0
https://t.me/s/DeltaKroneckerGithub_Clash_14173,0,0,0
https://t.me/s/DeltaKroneckerGithub_Clash_14175,0,0,0
https://t.me/s/DeltaKroneckerGithub_Clash_14177,0,0,0
https://t.me/s/DeltaKroneckerGithub_Clash_14179,0,0,0
https://t.me/s/DeltaKroneckerGithub_Clash_14181,0,0,0
https://t.me/s/DeltaKroneckerGithub_Clash_14183,0,0,0
https://t.me/s/DeltaKroneckerGithub_Clash_14185,0,0,0
https://t.me/s/DeltaKroneckerGithub_Clash_14187,0,0,0
https://t.me/s/DeltaKroneckerGithub_Clash_14189,0,0,0
https://t.me/s/DeltaKroneckerGithub_Clash_1419,0,0,0
https://t.me/s/DeltaKroneckerGithub_Clash_14191,0,0,0
https://t.me/s/DeltaKroneckerGithub_Clash_14193,0,0,0
https://t.me/s/DeltaKroneckerGithub_Clash_14195,0,0,0
https://t.me/s/DeltaKroneckerGithub_Clash_14197,0,0,0
https://t.me/s/DeltaKroneckerGithub_Clash_14199,0,0,0
https://t.me/s/DeltaKroneckerGithub_Clash_14201,0,0,0
https://t.me/s/DeltaKroneckerGithub_Clash_14203,0,0,0
https://t.me/s/DeltaKroneckerGithub_Clash_14205,0,0,0
https://t.me/s/DeltaKroneckerGithub_Clash_14207,0,0,0
https://t.me/s/DeltaKroneckerGithub_Clash_14209,0,0,0
https://t.me/s/DeltaKroneckerGithub_Clash_1421,0,0,0
https://t.me/s/DeltaKroneckerGithub_Clash_14211,0,0,0
https://t.me/s/DeltaKroneckerGithub_Clash_14213,0,0,0
https://t.me/s/DeltaKroneckerGithub_Clash_14215,0,0,0
https://t.me/s/DeltaKroneckerGithub_Clash_14217,0,0,0
https://t.me/s/DeltaKroneckerGithub_Clash_14219,0,0,0
https://t.me/s/DeltaKroneckerGithub_Clash_14221,0,0,0
https://t.me/s/DeltaKroneckerGithub_Clash_14223,0,0,0
https://t.me/s/DeltaKroneckerGithub_Clash_14225,0,0,0
https://t.me/s/DeltaKroneckerGithub_Clash_14227,0,0,0
https://t.me/s/DeltaKroneckerGithub_Clash_14229,0,0,0
https://t.me/s/DeltaKroneckerGithub_Clash_1423,0,0,0
https://t.me/s/DeltaKroneckerGithub_Clash_14231,0,0,0
https://t.me/s/DeltaKroneckerGithub_Clash_14233,0,0,0
https://t.me/s/DeltaKroneckerGithub_Clash_14235,0,0,0
https://t.me/s/DeltaKroneckerGithub_Clash_14237,0,0,0
https://t.me/s/DeltaKroneckerGithub_Clash_14239,0,0,0
https://t.me/s/DeltaKroneckerGithub_Clash_14241,0,0,0
https://t.me/s/DeltaKroneckerGithub_Clash_14243,0,0,0
https://t.me/s/DeltaKroneckerGithub_Clash_14245,0,0,0
https://t.me/s/DeltaKroneckerGithub_Clash_14247,0,0,0
https://t.me/s/DeltaKroneckerGithub_Clash_14249,0,0,0
https://t.me/s/DeltaKroneckerGithub_Clash_14251,0,0,0
https://t.me/s/DeltaKroneckerGithub_Clash_14253,0,0,0
https://t.me/s/DeltaKroneckerGithub_Clash_14255,0,0,0
https://t.me/s/DeltaKroneckerGithub_Clash_14257,0,0,0
https://t.me/s/DeltaKroneckerGithub_Clash_14259,0,0,0
https://t.me/s/DeltaKroneckerGithub_Clash_14261,0,0,0
https://t.me/s/DeltaKroneckerGithub_Clash_14263,0,0,0
https://t.me/s/DeltaKroneckerGithub_Clash_14265,0,0,0
https://t.me/s/DeltaKroneckerGithub_Clash_14267,0,0,0
https://t.me/s/DeltaKroneckerGithub_Clash_14269,0,0,0
https://t.me/s/DeltaKroneckerGithub_Clash_14271,0,0,0
https://t.me/s/DeltaKroneckerGithub_Clash_14273,0,0,0
https://t.me/s/DeltaKroneckerGithub_Clash_14275,0,0,0
https://t.me/s/DeltaKroneckerGithub_Clash_14277,0,0,0
https://t.me/s/DeltaKroneckerGithub_Clash_14279,0,0,0
https://t.me/s/DeltaKroneckerGithub_Clash_14281,0,0,0
https://t.me/s/DeltaKroneckerGithub_Clash_14283,0,0,0
https://t.me/s/DeltaKroneckerGithub_Clash_14285,0,0,0
https://t.me/s/DeltaKroneckerGithub_Clash_14287,0,0,0
https://t.me/s/DeltaKroneckerGithub_Clash_14289,0,0,0
https://t.me/s/DeltaKroneckerGithub_Clash_1429,0,0,0
https://t.me/s/DeltaKroneckerGithub_Clash_14291,0,0,0
https://t.me/s/DeltaKroneckerGithub_Clash_14293,0,0,0
https://t.me/s/DeltaKroneckerGithub_Clash_14295,0,0,0
https://t.me/s/DeltaKroneckerGithub_Clash_14297,0,0,0
https://t.me/s/DeltaKroneckerGithub_Clash_14299,0,0,0
https://t.me/s/DeltaKroneckerGithub_Clash_143,0,0,0
https://t.me/s/DeltaKroneckerGithub_Clash_14301,0,0,0
https://t.me/s/DeltaKroneckerGithub_Clash_14303,0,0,0
https://t.me/s/DeltaKroneckerGithub_Clash_14305,0,0,0
https://t.me/s/DeltaKroneckerGithub_Clash_14307,0,0,0
https://t.me/s/DeltaKroneckerGithub_Clash_14309,0,0,0
https://t.me/s/DeltaKroneckerGithub_Clash_1431,0,0,0
https://t.me/s/DeltaKroneckerGithub_Clash_14311,0,0,0
https://t.me/s/DeltaKroneckerGithub_Clash_14313,0,0,0
https://t.me/s/DeltaKroneckerGithub_Clash_14315,0,0,0
https://t.me/s/DeltaKroneckerGithub_Clash_14317,0,0,0
https://t.me/s/DeltaKroneckerGithub_Clash_14319,0,0,0
https://t.me/s/DeltaKroneckerGithub_Clash_14321,0,0,0
https://t.me/s/DeltaKroneckerGithub_Clash_14323,0,0,0
https://t.me/s/DeltaKroneckerGithub_Clash_14325,0,0,0
https://t.me/s/DeltaKroneckerGithub_Clash_14327,0,0,0
https://t.me/s/DeltaKroneckerGithub_Clash_14329,0,0,0
https://t.me/s/DeltaKroneckerGithub_Clash_1433,0,0,0
https://t.me/s/DeltaKroneckerGithub_Clash_14331,0,0,0
https://t.me/s/DeltaKroneckerGithub_Clash_14333,0,0,0
https://t.me/s/DeltaKroneckerGithub_Clash_14335,0,0,0
https://t.me/s/DeltaKroneckerGithub_Clash_14337,0,0,0
https://t.me/s/DeltaKroneckerGithub_Clash_14339,0,0,0
https://t.me/s/DeltaKroneckerGithub_Clash_14341,0,0,0
https://t.me/s/DeltaKroneckerGithub_Clash_14343,0,0,0
https://t.me/s/DeltaKroneckerGithub_Clash_14345,0,0,0
https://t.me/s/DeltaKroneckerGithub_Clash_14347,0,0,0
https://t.me/s/DeltaKroneckerGithub_Clash_14349,0,0,0
https://t.me/s/DeltaKroneckerGithub_Clash_1435,0,0,0
https://t.me/s/DeltaKroneckerGithub_Clash_14351,0,0,0
https://t.me/s/DeltaKroneckerGithub_Clash_14353,0,0,0
https://t.me/s/DeltaKroneckerGithub_Clash_14355,0,0,0
https://t.me/s/DeltaKroneckerGithub_Clash_14357,0,0,0
https://t.me/s/DeltaKroneckerGithub_Clash_14359,0,0,0
https://t.me/s/DeltaKroneckerGithub_Clash_14361,0,0,0
https://t.me/s/DeltaKroneckerGithub_Clash_14363,0,0,0
https://t.me/s/DeltaKroneckerGithub_Clash_14365,0,0,0
https://t.me/s/DeltaKroneckerGithub_Clash_14367,0,0,0
https://t.me/s/DeltaKroneckerGithub_Clash_14369,0,0,0
https://t.me/s/DeltaKroneckerGithub_Clash_1437,0,0,0
https://t.me/s/DeltaKroneckerGithub_Clash_14371,0,0,0
https://t.me/s/DeltaKroneckerGithub_Clash_14373,0,0,0
https://t.me/s/DeltaKroneckerGithub_Clash_14375,0,0,0
https://t.me/s/DeltaKroneckerGithub_Clash_14377,0,0,0
https://t.me/s/DeltaKroneckerGithub_Clash_14379,0,0,0
https://t.me/s/DeltaKroneckerGithub_Clash_14381,0,0,0
https://t.me/s/DeltaKroneckerGithub_Clash_14383,0,0,0
https://t.me/s/DeltaKroneckerGithub_Clash_14385,0,0,0
https://t.me/s/DeltaKroneckerGithub_Clash_14387,0,0,0
https://t.me/s/DeltaKroneckerGithub_Clash_14389,0,0,0
https://t.me/s/DeltaKroneckerGithub_Clash_14391,0,0,0
https://t.me/s/DeltaKroneckerGithub_Clash_14393,0,0,0
https://t.me/s/DeltaKroneckerGithub_Clash_14395,0,0,0
https://t.me/s/DeltaKroneckerGithub_Clash_14397,0,0,0
https://t.me/s/DeltaKroneckerGithub_Clash_14399,0,0,0
https://t.me/s/DeltaKroneckerGithub_Clash_14401,0,0,0
https://t.me/s/DeltaKroneckerGithub_Clash_14403,0,0,0
https://t.me/s/DeltaKroneckerGithub_Clash_14405,0,0,0
https://t.me/s/DeltaKroneckerGithub_Clash_14407,0,0,0
https://t.me/s/DeltaKroneckerGithub_Clash_14409,0,0,0
https://t.me/s/DeltaKroneckerGithub_Clash_1441,0,0,0
https://t.me/s/DeltaKroneckerGithub_Clash_14411,0,0,0
https://t.me/s/DeltaKroneckerGithub_Clash_14413,0,0,0
https://t.me/s/DeltaKroneckerGithub_Clash_14415,0,0,0
https://t.me/s/DeltaKroneckerGithub_Clash_14417,0,0,0
https://t.me/s/DeltaKroneckerGithub_Clash_14419,0,0,0
https://t.me/s/DeltaKroneckerGithub_Clash_14421,0,0,0
https://t.me/s/DeltaKroneckerGithub_Clash_14423,0,0,0
https://t.me/s/DeltaKroneckerGithub_Clash_14425,0,0,0
https://t.me/s/DeltaKroneckerGithub_Clash_14427,0,0,0
https://t.me/s/DeltaKroneckerGithub_Clash_14429,0,0,0
https://t.me/s/DeltaKroneckerGithub_Clash_1443,0,0,0
https://t.me/s/DeltaKroneckerGithub_Clash_14431,0,0,0
https://t.me/s/DeltaKroneckerGithub_Clash_14433,0,0,0
https://t.me/s/DeltaKroneckerGithub_Clash_14435,0,0,0
https://t.me/s/DeltaKroneckerGithub_Clash_14437,0,0,0
https://t.me/s/DeltaKroneckerGithub_Clash_14439,0,0,0
https://t.me/s/DeltaKroneckerGithub_Clash_14441,0,0,0
https://t.me/s/DeltaKroneckerGithub_Clash_14443,0,0,0
https://t.me/s/DeltaKroneckerGithub_Clash_14445,0,0,0
https://t.me/s/DeltaKroneckerGithub_Clash_14447,0,0,0
https://t.me/s/DeltaKroneckerGithub_Clash_14449,0,0,0
https://t.me/s/DeltaKroneckerGithub_Clash_1445,0,0,0
https://t.me/s/DeltaKroneckerGithub_Clash_14451,0,0,0
https://t.me/s/DeltaKroneckerGithub_Clash_14453,0,0,0
https://t.me/s/DeltaKroneckerGithub_Clash_14455,0,0,0
https://t.me/s/DeltaKroneckerGithub_Clash_14457,0,0,0
https://t.me/s/DeltaKroneckerGithub_Clash_14459,0,0,0
https://t.me/s/DeltaKroneckerGithub_Clash_14461,0,0,0
https://t.me/s/DeltaKroneckerGithub_Clash_14463,0,0,0
https://t.me/s/DeltaKroneckerGithub_Clash_14465,0,0,0
https://t.me/s/DeltaKroneckerGithub_Clash_14467,0,0,0
https://t.me/s/DeltaKroneckerGithub_Clash_14469,0,0,0
https://t.me/s/DeltaKroneckerGithub_Clash_1447,0,0,0
https://t.me/s/DeltaKroneckerGithub_Clash_14471,0,0,0
https://t.me/s/DeltaKroneckerGithub_Clash_14473,0,0,0
https://t.me/s/DeltaKroneckerGithub_Clash_14475,0,0,0
https://t.me/s/DeltaKroneckerGithub_Clash_14477,0,0,0
https://t.me/s/DeltaKroneckerGithub_Clash_14479,0,0,0
https://t.me/s/DeltaKroneckerGithub_Clash_14481,0,0,0
https://t.me/s/DeltaKroneckerGithub_Clash_14483,0,0,0
https://t.me/s/DeltaKroneckerGithub_Clash_14485,0,0,0
https://t.me/s/DeltaKroneckerGithub_Clash_14487,0,0,0
https://t.me/s/DeltaKroneckerGithub_Clash_14489,0,0,0
https://t.me/s/DeltaKroneckerGithub_Clash_1449,0,0,0
https://t.me/s/DeltaKroneckerGithub_Clash_14491,0,0,0
https://t.me/s/DeltaKroneckerGithub_Clash_14493,0,0,0
https://t.me/s/DeltaKroneckerGithub_Clash_14495,0,0,0
https://t.me/s/DeltaKroneckerGithub_Clash_14497,0,0,0
https://t.me/s/DeltaKroneckerGithub_Clash_14499,0,0,0
https://t.me/s/DeltaKroneckerGithub_Clash_145,0,0,0
https://t.me/s/DeltaKroneckerGithub_Clash_14501,0,0,0
https://t.me/s/DeltaKroneckerGithub_Clash_14503,0,0,0
https://t.me/s/DeltaKroneckerGithub_Clash_14505,0,0,0
https://t.me/s/DeltaKroneckerGithub_Clash_14507,0,0,0
https://t.me/s/DeltaKroneckerGithub_Clash_14509,0,0,0
https://t.me/s/DeltaKroneckerGithub_Clash_1451,0,0,0
https://t.me/s/DeltaKroneckerGithub_Clash_14511,0,0,0
https://t.me/s/DeltaKroneckerGithub_Clash_14513,0,0,0
https://t.me/s/DeltaKroneckerGithub_Clash_14515,0,0,0
https://t.me/s/DeltaKroneckerGithub_Clash_14517,0,0,0
https://t.me/s/DeltaKroneckerGithub_Clash_14519,0,0,0
https://t.me/s/DeltaKroneckerGithub_Clash_14521,0,0,0
https://t.me/s/DeltaKroneckerGithub_Clash_14523,0,0,0
https://t.me/s/DeltaKroneckerGithub_Clash_14525,0,0,0
https://t.me/s/DeltaKroneckerGithub_Clash_14527,0,0,0
https://t.me/s/DeltaKroneckerGithub_Clash_14529,0,0,0
https://t.me/s/DeltaKroneckerGithub_Clash_1453,0,0,0
https://t.me/s/DeltaKroneckerGithub_Clash_14531,0,0,0
https://t.me/s/DeltaKroneckerGithub_Clash_14533,0,0,0
https://t.me/s/DeltaKroneckerGithub_Clash_14535,0,0,0
https://t.me/s/DeltaKroneckerGithub_Clash_14537,0,0,0
https://t.me/s/DeltaKroneckerGithub_Clash_14539,0,0,0
https://t.me/s/DeltaKroneckerGithub_Clash_14541,0,0,0
https://t.me/s/DeltaKroneckerGithub_Clash_14543,0,0,0
https://t.me/s/DeltaKroneckerGithub_Clash_14545,0,0,0
https://t.me/s/DeltaKroneckerGithub_Clash_14547,0,0,0
https://t.me/s/DeltaKroneckerGithub_Clash_14549,0,0,0
https://t.me/s/DeltaKroneckerGithub_Clash_1455,0,0,0
https://t.me/s/DeltaKroneckerGithub_Clash_14551,0,0,0
https://t.me/s/DeltaKroneckerGithub_Clash_14553,0,0,0
https://t.me/s/DeltaKroneckerGithub_Clash_14555,0,0,0
https://t.me/s/DeltaKroneckerGithub_Clash_14557,0,0,0
https://t.me/s/DeltaKroneckerGithub_Clash_14559,0,0,0
https://t.me/s/DeltaKroneckerGithub_Clash_14561,0,0,0
https://t.me/s/DeltaKroneckerGithub_Clash_14563,0,0,0
https://t.me/s/DeltaKroneckerGithub_Clash_14565,0,0,0
https://t.me/s/DeltaKroneckerGithub_Clash_14567,0,0,0
https://t.me/s/DeltaKroneckerGithub_Clash_14569,0,0,0
https://t.me/s/DeltaKroneckerGithub_Clash_14571,0,0,0
https://t.me/s/DeltaKroneckerGithub_Clash_14573,0,0,0
https://t.me/s/DeltaKroneckerGithub_Clash_14575,0,0,0
https://t.me/s/DeltaKroneckerGithub_Clash_14577,0,0,0
https://t.me/s/DeltaKroneckerGithub_Clash_14579,0,0,0
https://t.me/s/DeltaKroneckerGithub_Clash_14581,0,0,0
https://t.me/s/DeltaKroneckerGithub_Clash_14583,0,0,0
https://t.me/s/DeltaKroneckerGithub_Clash_14585,0,0,0
https://t.me/s/DeltaKroneckerGithub_Clash_14587,0,0,0
https://t.me/s/DeltaKroneckerGithub_Clash_14589,0,0,0
https://t.me/s/DeltaKroneckerGithub_Clash_1459,0,0,0
https://t.me/s/DeltaKroneckerGithub_Clash_14591,0,0,0
https://t.me/s/DeltaKroneckerGithub_Clash_14593,0,0,0
https://t.me/s/DeltaKroneckerGithub_Clash_14595,0,0,0
https://t.me/s/DeltaKroneckerGithub_Clash_14597,0,0,0
https://t.me/s/DeltaKroneckerGithub_Clash_14599,0,0,0
https://t.me/s/DeltaKroneckerGithub_Clash_14601,0,0,0
https://t.me/s/DeltaKroneckerGithub_Clash_14603,0,0,0
https://t.me/s/DeltaKroneckerGithub_Clash_14605,0,0,0
https://t.me/s/DeltaKroneckerGithub_Clash_14607,0,0,0
https://t.me/s/DeltaKroneckerGithub_Clash_14609,0,0,0
https://t.me/s/DeltaKroneckerGithub_Clash_1461,0,0,0
https://t.me/s/DeltaKroneckerGithub_Clash_14611,0,0,0
https://t.me/s/DeltaKroneckerGithub_Clash_14613,0,0,0
https://t.me/s/DeltaKroneckerGithub_Clash_14615,0,0,0
https://t.me/s/DeltaKroneckerGithub_Clash_14617,0,0,0
https://t.me/s/DeltaKroneckerGithub_Clash_14619,0,0,0
https://t.me/s/DeltaKroneckerGithub_Clash_14621,0,0,0
https://t.me/s/DeltaKroneckerGithub_Clash_14623,0,0,0
https://t.me/s/DeltaKroneckerGithub_Clash_14625,0,0,0
https://t.me/s/DeltaKroneckerGithub_Clash_14627,0,0,0
https://t.me/s/DeltaKroneckerGithub_Clash_14629,0,0,0
https://t.me/s/DeltaKroneckerGithub_Clash_14631,0,0,0
https://t.me/s/DeltaKroneckerGithub_Clash_14633,0,0,0
https://t.me/s/DeltaKroneckerGithub_Clash_14635,0,0,0
https://t.me/s/DeltaKroneckerGithub_Clash_14637,0,0,0
https://t.me/s/DeltaKroneckerGithub_Clash_14639,0,0,0
https://t.me/s/DeltaKroneckerGithub_Clash_14641,0,0,0
https://t.me/s/DeltaKroneckerGithub_Clash_14643,0,0,0
https://t.me/s/DeltaKroneckerGithub_Clash_14645,0,0,0
https://t.me/s/DeltaKroneckerGithub_Clash_14647,0,0,0
https://t.me/s/DeltaKroneckerGithub_Clash_14649,0,0,0
https://t.me/s/DeltaKroneckerGithub_Clash_14651,0,0,0
https://t.me/s/DeltaKroneckerGithub_Clash_14653,0,0,0
https://t.me/s/DeltaKroneckerGithub_Clash_14655,0,0,0
https://t.me/s/DeltaKroneckerGithub_Clash_14657,0,0,0
https://t.me/s/DeltaKroneckerGithub_Clash_14659,0,0,0
https://t.me/s/DeltaKroneckerGithub_Clash_14661,0,0,0
https://t.me/s/DeltaKroneckerGithub_Clash_14663,0,0,0
https://t.me/s/DeltaKroneckerGithub_Clash_14665,0,0,0
https://t.me/s/DeltaKroneckerGithub_Clash_14667,0,0,0
https://t.me/s/DeltaKroneckerGithub_Clash_14669,0,0,0
https://t.me/s/DeltaKroneckerGithub_Clash_1467,0,0,0
https://t.me/s/DeltaKroneckerGithub_Clash_14671,0,0,0
https://t.me/s/DeltaKroneckerGithub_Clash_14673,0,0,0
https://t.me/s/DeltaKroneckerGithub_Clash_14675,0,0,0
https://t.me/s/DeltaKroneckerGithub_Clash_14677,0,0,0
https://t.me/s/DeltaKroneckerGithub_Clash_14679,0,0,0
https://t.me/s/DeltaKroneckerGithub_Clash_14681,0,0,0
https://t.me/s/DeltaKroneckerGithub_Clash_14683,0,0,0
https://t.me/s/DeltaKroneckerGithub_Clash_14685,0,0,0
https://t.me/s/DeltaKroneckerGithub_Clash_14687,0,0,0
https://t.me/s/DeltaKroneckerGithub_Clash_14689,0,0,0
https://t.me/s/DeltaKroneckerGithub_Clash_1469,0,0,0
https://t.me/s/DeltaKroneckerGithub_Clash_14691,0,0,0
https://t.me/s/DeltaKroneckerGithub_Clash_14693,0,0,0
https://t.me/s/DeltaKroneckerGithub_Clash_14695,0,0,0
https://t.me/s/DeltaKroneckerGithub_Clash_14697,0,0,0
https://t.me/s/DeltaKroneckerGithub_Clash_14699,0,0,0
https://t.me/s/DeltaKroneckerGithub_Clash_147,0,0,0
https://t.me/s/DeltaKroneckerGithub_Clash_14701,0,0,0
https://t.me/s/DeltaKroneckerGithub_Clash_14703,0,0,0
https://t.me/s/DeltaKroneckerGithub_Clash_14705,0,0,0
https://t.me/s/DeltaKroneckerGithub_Clash_14707,0,0,0
https://t.me/s/DeltaKroneckerGithub_Clash_14709,0,0,0
https://t.me/s/DeltaKroneckerGithub_Clash_1471,0,0,0
https://t.me/s/DeltaKroneckerGithub_Clash_14711,0,0,0
https://t.me/s/DeltaKroneckerGithub_Clash_14713,0,0,0
https://t.me/s/DeltaKroneckerGithub_Clash_14715,0,0,0
https://t.me/s/DeltaKroneckerGithub_Clash_14717,0,0,0
https://t.me/s/DeltaKroneckerGithub_Clash_14719,0,0,0
https://t.me/s/DeltaKroneckerGithub_Clash_14721,0,0,0
https://t.me/s/DeltaKroneckerGithub_Clash_14723,0,0,0
https://t.me/s/DeltaKroneckerGithub_Clash_14725,0,0,0
https://t.me/s/DeltaKroneckerGithub_Clash_14727,0,0,0
https://t.me/s/DeltaKroneckerGithub_Clash_14729,0,0,0
https://t.me/s/DeltaKroneckerGithub_Clash_1473,0,0,0
https://t.me/s/DeltaKroneckerGithub_Clash_14731,0,0,0
https://t.me/s/DeltaKroneckerGithub_Clash_14733,0,0,0
https://t.me/s/DeltaKroneckerGithub_Clash_14735,0,0,0
https://t.me/s/DeltaKroneckerGithub_Clash_14737,0,0,0
https://t.me/s/DeltaKroneckerGithub_Clash_14739,0,0,0
https://t.me/s/DeltaKroneckerGithub_Clash_14741,0,0,0
https://t.me/s/DeltaKroneckerGithub_Clash_14743,0,0,0
https://t.me/s/DeltaKroneckerGithub_Clash_14745,0,0,0
https://t.me/s/DeltaKroneckerGithub_Clash_14747,0,0,0
https://t.me/s/DeltaKroneckerGithub_Clash_14749,0,0,0
https://t.me/s/DeltaKroneckerGithub_Clash_1475,0,0,0
https://t.me/s/DeltaKroneckerGithub_Clash_14751,0,0,0
https://t.me/s/DeltaKroneckerGithub_Clash_14753,0,0,0
https://t.me/s/DeltaKroneckerGithub_Clash_14755,0,0,0
https://t.me/s/DeltaKroneckerGithub_Clash_14757,0,0,0
https://t.me/s/DeltaKroneckerGithub_Clash_14759,0,0,0
https://t.me/s/DeltaKroneckerGithub_Clash_14761,0,0,0
https://t.me/s/DeltaKroneckerGithub_Clash_14763,0,0,0
https://t.me/s/DeltaKroneckerGithub_Clash_14765,0,0,0
https://t.me/s/DeltaKroneckerGithub_Clash_14767,0,0,0
https://t.me/s/DeltaKroneckerGithub_Clash_14769,0,0,0
https://t.me/s/DeltaKroneckerGithub_Clash_1477,0,0,0
https://t.me/s/DeltaKroneckerGithub_Clash_14771,0,0,0
https://t.me/s/DeltaKroneckerGithub_Clash_14773,0,0,0
https://t.me/s/DeltaKroneckerGithub_Clash_14775,0,0,0
https://t.me/s/DeltaKroneckerGithub_Clash_14777,0,0,0
https://t.me/s/DeltaKroneckerGithub_Clash_14779,0,0,0
https://t.me/s/DeltaKroneckerGithub_Clash_14781,0,0,0
https://t.me/s/DeltaKroneckerGithub_Clash_14783,0,0,0
https://t.me/s/DeltaKroneckerGithub_Clash_14785,0,0,0
https://t.me/s/DeltaKroneckerGithub_Clash_14787,0,0,0
https://t.me/s/DeltaKroneckerGithub_Clash_14789,0,0,0
https://t.me/s/DeltaKroneckerGithub_Clash_1479,0,0,0
https://t.me/s/DeltaKroneckerGithub_Clash_14791,0,0,0
https://t.me/s/DeltaKroneckerGithub_Clash_14793,0,0,0
https://t.me/s/DeltaKroneckerGithub_Clash_14795,0,0,0
https://t.me/s/DeltaKroneckerGithub_Clash_14797,0,0,0
https://t.me/s/DeltaKroneckerGithub_Clash_14799,0,0,0
https://t.me/s/DeltaKroneckerGithub_Clash_14801,0,0,0
https://t.me/s/DeltaKroneckerGithub_Clash_14803,0,0,0
https://t.me/s/DeltaKroneckerGithub_Clash_14805,0,0,0
https://t.me/s/DeltaKroneckerGithub_Clash_14807,0,0,0
https://t.me/s/DeltaKroneckerGithub_Clash_14809,0,0,0
https://t.me/s/DeltaKroneckerGithub_Clash_1481,0,0,0
https://t.me/s/DeltaKroneckerGithub_Clash_14811,0,0,0
https://t.me/s/DeltaKroneckerGithub_Clash_14813,0,0,0
https://t.me/s/DeltaKroneckerGithub_Clash_14815,0,0,0
https://t.me/s/DeltaKroneckerGithub_Clash_14817,0,0,0
https://t.me/s/DeltaKroneckerGithub_Clash_14819,0,0,0
https://t.me/s/DeltaKroneckerGithub_Clash_14821,0,0,0
https://t.me/s/DeltaKroneckerGithub_Clash_14823,0,0,0
https://t.me/s/DeltaKroneckerGithub_Clash_14825,0,0,0
https://t.me/s/DeltaKroneckerGithub_Clash_14827,0,0,0
https://t.me/s/DeltaKroneckerGithub_Clash_14829,0,0,0
https://t.me/s/DeltaKroneckerGithub_Clash_14831,0,0,0
https://t.me/s/DeltaKroneckerGithub_Clash_14833,0,0,0
https://t.me/s/DeltaKroneckerGithub_Clash_14835,0,0,0
https://t.me/s/DeltaKroneckerGithub_Clash_14837,0,0,0
https://t.me/s/DeltaKroneckerGithub_Clash_14839,0,0,0
https://t.me/s/DeltaKroneckerGithub_Clash_14841,0,0,0
https://t.me/s/DeltaKroneckerGithub_Clash_14843,0,0,0
https://t.me/s/DeltaKroneckerGithub_Clash_14845,0,0,0
https://t.me/s/DeltaKroneckerGithub_Clash_14847,0,0,0
https://t.me/s/DeltaKroneckerGithub_Clash_14849,0,0,0
https://t.me/s/DeltaKroneckerGithub_Clash_1485,0,0,0
https://t.me/s/DeltaKroneckerGithub_Clash_14851,0,0,0
https://t.me/s/DeltaKroneckerGithub_Clash_14853,0,0,0
https://t.me/s/DeltaKroneckerGithub_Clash_14855,0,0,0
https://t.me/s/DeltaKroneckerGithub_Clash_14857,0,0,0
https://t.me/s/DeltaKroneckerGithub_Clash_14859,0,0,0
https://t.me/s/DeltaKroneckerGithub_Clash_14861,0,0,0
https://t.me/s/DeltaKroneckerGithub_Clash_14863,0,0,0
https://t.me/s/DeltaKroneckerGithub_Clash_14865,0,0,0
https://t.me/s/DeltaKroneckerGithub_Clash_14867,0,0,0
https://t.me/s/DeltaKroneckerGithub_Clash_14869,0,0,0
https://t.me/s/DeltaKroneckerGithub_Clash_14871,0,0,0
https://t.me/s/DeltaKroneckerGithub_Clash_14873,0,0,0
https://t.me/s/DeltaKroneckerGithub_Clash_14875,0,0,0
https://t.me/s/DeltaKroneckerGithub_Clash_14877,0,0,0
https://t.me/s/DeltaKroneckerGithub_Clash_14879,0,0,0
https://t.me/s/DeltaKroneckerGithub_Clash_14881,0,0,0
https://t.me/s/DeltaKroneckerGithub_Clash_14883,0,0,0
https://t.me/s/DeltaKroneckerGithub_Clash_14885,0,0,0
https://t.me/s/DeltaKroneckerGithub_Clash_14887,0,0,0
https://t.me/s/DeltaKroneckerGithub_Clash_14889,0,0,0
https://t.me/s/DeltaKroneckerGithub_Clash_1489,0,0,0
https://t.me/s/DeltaKroneckerGithub_Clash_14891,0,0,0
https://t.me/s/DeltaKroneckerGithub_Clash_14893,0,0,0
https://t.me/s/DeltaKroneckerGithub_Clash_14895,0,0,0
https://t.me/s/DeltaKroneckerGithub_Clash_14897,0,0,0
https://t.me/s/DeltaKroneckerGithub_Clash_14899,0,0,0
https://t.me/s/DeltaKroneckerGithub_Clash_149,0,0,0
https://t.me/s/DeltaKroneckerGithub_Clash_14901,0,0,0
https://t.me/s/DeltaKroneckerGithub_Clash_14903,0,0,0
https://t.me/s/DeltaKroneckerGithub_Clash_14905,0,0,0
https://t.me/s/DeltaKroneckerGithub_Clash_14907,0,0,0
https://t.me/s/DeltaKroneckerGithub_Clash_14909,0,0,0
https://t.me/s/DeltaKroneckerGithub_Clash_1491,0,0,0
https://t.me/s/DeltaKroneckerGithub_Clash_14911,0,0,0
https://t.me/s/DeltaKroneckerGithub_Clash_14913,0,0,0
https://t.me/s/DeltaKroneckerGithub_Clash_14915,0,0,0
https://t.me/s/DeltaKroneckerGithub_Clash_14917,0,0,0
https://t.me/s/DeltaKroneckerGithub_Clash_14919,0,0,0
https://t.me/s/DeltaKroneckerGithub_Clash_14921,0,0,0
https://t.me/s/DeltaKroneckerGithub_Clash_14923,0,0,0
https://t.me/s/DeltaKroneckerGithub_Clash_14925,0,0,0
https://t.me/s/DeltaKroneckerGithub_Clash_14927,0,0,0
https://t.me/s/DeltaKroneckerGithub_Clash_14929,0,0,0
https://t.me/s/DeltaKroneckerGithub_Clash_1493,0,0,0
https://t.me/s/DeltaKroneckerGithub_Clash_14931,0,0,0
https://t.me/s/DeltaKroneckerGithub_Clash_14933,0,0,0
https://t.me/s/DeltaKroneckerGithub_Clash_14935,0,0,0
https://t.me/s/DeltaKroneckerGithub_Clash_14937,0,0,0
https://t.me/s/DeltaKroneckerGithub_Clash_14939,0,0,0
https://t.me/s/DeltaKroneckerGithub_Clash_14941,0,0,0
https://t.me/s/DeltaKroneckerGithub_Clash_14943,0,0,0
https://t.me/s/DeltaKroneckerGithub_Clash_14945,0,0,0
https://t.me/s/DeltaKroneckerGithub_Clash_14947,0,0,0
https://t.me/s/DeltaKroneckerGithub_Clash_14949,0,0,0
https://t.me/s/DeltaKroneckerGithub_Clash_1495,0,0,0
https://t.me/s/DeltaKroneckerGithub_Clash_14951,0,0,0
https://t.me/s/DeltaKroneckerGithub_Clash_14953,0,0,0
https://t.me/s/DeltaKroneckerGithub_Clash_14955,0,0,0
https://t.me/s/DeltaKroneckerGithub_Clash_14957,0,0,0
https://t.me/s/DeltaKroneckerGithub_Clash_14959,0,0,0
https://t.me/s/DeltaKroneckerGithub_Clash_14961,0,0,0
https://t.me/s/DeltaKroneckerGithub_Clash_14963,0,0,0
https://t.me/s/DeltaKroneckerGithub_Clash_14965,0,0,0
https://t.me/s/DeltaKroneckerGithub_Clash_14967,0,0,0
https://t.me/s/DeltaKroneckerGithub_Clash_14969,0,0,0
https://t.me/s/DeltaKroneckerGithub_Clash_1497,0,0,0
https://t.me/s/DeltaKroneckerGithub_Clash_14971,0,0,0
https://t.me/s/DeltaKroneckerGithub_Clash_14973,0,0,0
https://t.me/s/DeltaKroneckerGithub_Clash_14975,0,0,0
https://t.me/s/DeltaKroneckerGithub_Clash_14977,0,0,0
https://t.me/s/DeltaKroneckerGithub_Clash_14979,0,0,0
https://t.me/s/DeltaKroneckerGithub_Clash_14981,0,0,0
https://t.me/s/DeltaKroneckerGithub_Clash_14983,0,0,0
https://t.me/s/DeltaKroneckerGithub_Clash_14985,0,0,0
https://t.me/s/DeltaKroneckerGithub_Clash_14987,0,0,0
https://t.me/s/DeltaKroneckerGithub_Clash_14989,0,0,0
https://t.me/s/DeltaKroneckerGithub_Clash_14991,0,0,0
https://t.me/s/DeltaKroneckerGithub_Clash_14993,0,0,0
https://t.me/s/DeltaKroneckerGithub_Clash_14995,0,0,0
https://t.me/s/DeltaKroneckerGithub_Clash_14997,0,0,0
https://t.me/s/DeltaKroneckerGithub_Clash_14999,0,0,0
https://t.me/s/DeltaKroneckerGithub_Clash_15,0,0,0
https://t.me/s/DeltaKroneckerGithub_Clash_15001,0,0,0
https://t.me/s/DeltaKroneckerGithub_Clash_15003,0,0,0
https://t.me/s/DeltaKroneckerGithub_Clash_15005,0,0,0
https://t.me/s/DeltaKroneckerGithub_Clash_15007,0,0,0
https://t.me/s/DeltaKroneckerGithub_Clash_15009,0,0,0
https://t.me/s/DeltaKroneckerGithub_Clash_15011,0,0,0
https://t.me/s/DeltaKroneckerGithub_Clash_15013,0,0,0
https://t.me/s/DeltaKroneckerGithub_Clash_15015,0,0,0
https://t.me/s/DeltaKroneckerGithub_Clash_15017,0,0,0
https://t.me/s/DeltaKroneckerGithub_Clash_15019,0,0,0
https://t.me/s/DeltaKroneckerGithub_Clash_15021,0,0,0
https://t.me/s/DeltaKroneckerGithub_Clash_15023,0,0,0
https://t.me/s/DeltaKroneckerGithub_Clash_15025,0,0,0
https://t.me/s/DeltaKroneckerGithub_Clash_15027,0,0,0
https://t.me/s/DeltaKroneckerGithub_Clash_15029,0,0,0
https://t.me/s/DeltaKroneckerGithub_Clash_15031,0,0,0
https://t.me/s/DeltaKroneckerGithub_Clash_15033,0,0,0
https://t.me/s/DeltaKroneckerGithub_Clash_1505,0,0,0
https://t.me/s/DeltaKroneckerGithub_Clash_15056,0,0,0
https://t.me/s/DeltaKroneckerGithub_Clash_1507,0,0,0
https://t.me/s/DeltaKroneckerGithub_Clash_1509,0,0,0
https://t.me/s/DeltaKroneckerGithub_Clash_151,0,0,0
https://t.me/s/DeltaKroneckerGithub_Clash_15102,0,0,0
https://t.me/s/DeltaKroneckerGithub_Clash_1511,0,0,0
https://t.me/s/DeltaKroneckerGithub_Clash_1515,0,0,0
https://t.me/s/DeltaKroneckerGithub_Clash_1517,0,0,0
https://t.me/s/DeltaKroneckerGithub_Clash_1519,0,0,0
https://t.me/s/DeltaKroneckerGithub_Clash_15209,0,0,0
https://t.me/s/DeltaKroneckerGithub_Clash_1521,0,0,0
https://t.me/s/DeltaKroneckerGithub_Clash_15235,0,0,0
https://t.me/s/DeltaKroneckerGithub_Clash_1525,0,0,0
https://t.me/s/DeltaKroneckerGithub_Clash_1527,0,0,0
https://t.me/s/DeltaKroneckerGithub_Clash_15278,0,0,0
https://t.me/s/DeltaKroneckerGithub_Clash_15289,0,0,0
https://t.me/s/DeltaKroneckerGithub_Clash_1529,0,0,0
https://t.me/s/DeltaKroneckerGithub_Clash_15292,0,0,0
https://t.me/s/DeltaKroneckerGithub_Clash_15294,0,0,0
https://t.me/s/DeltaKroneckerGithub_Clash_15299,0,0,0
https://t.me/s/DeltaKroneckerGithub_Clash_153,0,0,0
https://t.me/s/DeltaKroneckerGithub_Clash_1531,0,0,0
https://t.me/s/DeltaKroneckerGithub_Clash_1533,0,0,0
https://t.me/s/DeltaKroneckerGithub_Clash_1535,0,0,0
https://t.me/s/DeltaKroneckerGithub_Clash_15354,0,0,0
https://t.me/s/DeltaKroneckerGithub_Clash_1537,0,0,0
https://t.me/s/DeltaKroneckerGithub_Clash_1539,0,0,0
https://t.me/s/DeltaKroneckerGithub_Clash_1541,0,0,0
https://t.me/s/DeltaKroneckerGithub_Clash_1543,0,0,0
https://t.me/s/DeltaKroneckerGithub_Clash_1547,0,0,0
https://t.me/s/DeltaKroneckerGithub_Clash_1549,0,0,0
https://t.me/s/DeltaKroneckerGithub_Clash_155,0,0,0
https://t.me/s/DeltaKroneckerGithub_Clash_1553,0,0,0
https://t.me/s/DeltaKroneckerGithub_Clash_1555,0,0,0
https://t.me/s/DeltaKroneckerGithub_Clash_1557,0,0,0
https://t.me/s/DeltaKroneckerGithub_Clash_1559,0,0,0
https://t.me/s/DeltaKroneckerGithub_Clash_1561,0,0,0
https://t.me/s/DeltaKroneckerGithub_Clash_1563,0,0,0
https://t.me/s/DeltaKroneckerGithub_Clash_1569,0,0,0
https://t.me/s/DeltaKroneckerGithub_Clash_157,0,0,0
https://t.me/s/DeltaKroneckerGithub_Clash_1571,0,0,0
https://t.me/s/DeltaKroneckerGithub_Clash_1575,0,0,0
https://t.me/s/DeltaKroneckerGithub_Clash_1579,0,0,0
https://t.me/s/DeltaKroneckerGithub_Clash_1581,0,0,0
https://t.me/s/DeltaKroneckerGithub_Clash_1585,0,0,0
https://t.me/s/DeltaKroneckerGithub_Clash_1587,0,0,0
https://t.me/s/DeltaKroneckerGithub_Clash_1589,0,0,0
https://t.me/s/DeltaKroneckerGithub_Clash_159,0,0,0
https://t.me/s/DeltaKroneckerGithub_Clash_1591,0,0,0
https://t.me/s/DeltaKroneckerGithub_Clash_1593,0,0,0
https://t.me/s/DeltaKroneckerGithub_Clash_1595,0,0,0
https://t.me/s/DeltaKroneckerGithub_Clash_1597,0,0,0
https://t.me/s/DeltaKroneckerGithub_Clash_1599,0,0,0
https://t.me/s/DeltaKroneckerGithub_Clash_1601,0,0,0
https://t.me/s/DeltaKroneckerGithub_Clash_1603,0,0,0
https://t.me/s/DeltaKroneckerGithub_Clash_1605,0,0,0
https://t.me/s/DeltaKroneckerGithub_Clash_1609,0,0,0
https://t.me/s/DeltaKroneckerGithub_Clash_161,0,0,0
https://t.me/s/DeltaKroneckerGithub_Clash_1611,0,0,0
https://t.me/s/DeltaKroneckerGithub_Clash_1613,0,0,0
https://t.me/s/DeltaKroneckerGithub_Clash_1615,0,0,0
https://t.me/s/DeltaKroneckerGithub_Clash_1617,0,0,0
https://t.me/s/DeltaKroneckerGithub_Clash_1619,0,0,0
https://t.me/s/DeltaKroneckerGithub_Clash_1621,0,0,0
https://t.me/s/DeltaKroneckerGithub_Clash_1623,0,0,0
https://t.me/s/DeltaKroneckerGithub_Clash_1625,0,0,0
https://t.me/s/DeltaKroneckerGithub_Clash_1627,0,0,0
https://t.me/s/DeltaKroneckerGithub_Clash_1629,0,0,0
https://t.me/s/DeltaKroneckerGithub_Clash_163,0,0,0
https://t.me/s/DeltaKroneckerGithub_Clash_1637,0,0,0
https://t.me/s/DeltaKroneckerGithub_Clash_1639,0,0,0
https://t.me/s/DeltaKroneckerGithub_Clash_1641,0,0,0
https://t.me/s/DeltaKroneckerGithub_Clash_1643,0,0,0
https://t.me/s/DeltaKroneckerGithub_Clash_1645,0,0,0
https://t.me/s/DeltaKroneckerGithub_Clash_1649,0,0,0
https://t.me/s/DeltaKroneckerGithub_Clash_165,0,0,0
https://t.me/s/DeltaKroneckerGithub_Clash_1651,0,0,0
https://t.me/s/DeltaKroneckerGithub_Clash_1653,0,0,0
https://t.me/s/DeltaKroneckerGithub_Clash_1655,0,0,0
https://t.me/s/DeltaKroneckerGithub_Clash_1657,0,0,0
https://t.me/s/DeltaKroneckerGithub_Clash_1659,0,0,0
https://t.me/s/DeltaKroneckerGithub_Clash_1663,0,0,0
https://t.me/s/DeltaKroneckerGithub_Clash_1665,0,0,0
https://t.me/s/DeltaKroneckerGithub_Clash_1667,0,0,0
https://t.me/s/DeltaKroneckerGithub_Clash_1669,0,0,0
https://t.me/s/DeltaKroneckerGithub_Clash_167,0,0,0
https://t.me/s/DeltaKroneckerGithub_Clash_1671,0,0,0
https://t.me/s/DeltaKroneckerGithub_Clash_1673,0,0,0
https://t.me/s/DeltaKroneckerGithub_Clash_1675,0,0,0
https://t.me/s/DeltaKroneckerGithub_Clash_1677,0,0,0
https://t.me/s/DeltaKroneckerGithub_Clash_1681,0,0,0
https://t.me/s/DeltaKroneckerGithub_Clash_1683,0,0,0
https://t.me/s/DeltaKroneckerGithub_Clash_1685,0,0,0
https://t.me/s/DeltaKroneckerGithub_Clash_1687,0,0,0
https://t.me/s/DeltaKroneckerGithub_Clash_1689,0,0,0
https://t.me/s/DeltaKroneckerGithub_Clash_169,0,0,0
https://t.me/s/DeltaKroneckerGithub_Clash_1691,0,0,0
https://t.me/s/DeltaKroneckerGithub_Clash_1693,0,0,0
https://t.me/s/DeltaKroneckerGithub_Clash_1697,0,0,0
https://t.me/s/DeltaKroneckerGithub_Clash_1699,0,0,0
https://t.me/s/DeltaKroneckerGithub_Clash_17,0,0,0
https://t.me/s/DeltaKroneckerGithub_Clash_1701,0,0,0
https://t.me/s/DeltaKroneckerGithub_Clash_1703,0,0,0
https://t.me/s/DeltaKroneckerGithub_Clash_1705,0,0,0
https://t.me/s/DeltaKroneckerGithub_Clash_1707,0,0,0
https://t.me/s/DeltaKroneckerGithub_Clash_1709,0,0,0
https://t.me/s/DeltaKroneckerGithub_Clash_171,0,0,0
https://t.me/s/DeltaKroneckerGithub_Clash_1715,0,0,0
https://t.me/s/DeltaKroneckerGithub_Clash_1717,0,0,0
https://t.me/s/DeltaKroneckerGithub_Clash_1719,0,0,0
https://t.me/s/DeltaKroneckerGithub_Clash_1721,0,0,0
https://t.me/s/DeltaKroneckerGithub_Clash_1723,0,0,0
https://t.me/s/DeltaKroneckerGithub_Clash_1725,0,0,0
https://t.me/s/DeltaKroneckerGithub_Clash_1727,0,0,0
https://t.me/s/DeltaKroneckerGithub_Clash_1729,0,0,0
https://t.me/s/DeltaKroneckerGithub_Clash_173,0,0,0
https://t.me/s/DeltaKroneckerGithub_Clash_1731,0,0,0
https://t.me/s/DeltaKroneckerGithub_Clash_1735,0,0,0
https://t.me/s/DeltaKroneckerGithub_Clash_1737,0,0,0
https://t.me/s/DeltaKroneckerGithub_Clash_1739,0,0,0
https://t.me/s/DeltaKroneckerGithub_Clash_1741,0,0,0
https://t.me/s/DeltaKroneckerGithub_Clash_1743,0,0,0
https://t.me/s/DeltaKroneckerGithub_Clash_1745,0,0,0
https://t.me/s/DeltaKroneckerGithub_Clash_1747,0,0,0
https://t.me/s/DeltaKroneckerGithub_Clash_1749,0,0,0
https://t.me/s/DeltaKroneckerGithub_Clash_175,0,0,0
https://t.me/s/DeltaKroneckerGithub_Clash_1751,0,0,0
https://t.me/s/DeltaKroneckerGithub_Clash_1753,0,0,0
https://t.me/s/DeltaKroneckerGithub_Clash_1755,0,0,0
https://t.me/s/DeltaKroneckerGithub_Clash_1757,0,0,0
https://t.me/s/DeltaKroneckerGithub_Clash_1759,0,0,0
https://t.me/s/DeltaKroneckerGithub_Clash_1761,0,0,0
https://t.me/s/DeltaKroneckerGithub_Clash_1763,0,0,0
https://t.me/s/DeltaKroneckerGithub_Clash_1765,0,0,0
https://t.me/s/DeltaKroneckerGithub_Clash_1769,0,0,0
https://t.me/s/DeltaKroneckerGithub_Clash_177,0,0,0
https://t.me/s/DeltaKroneckerGithub_Clash_1773,0,0,0
https://t.me/s/DeltaKroneckerGithub_Clash_1775,0,0,0
https://t.me/s/DeltaKroneckerGithub_Clash_1777,0,0,0
https://t.me/s/DeltaKroneckerGithub_Clash_1779,0,0,0
https://t.me/s/DeltaKroneckerGithub_Clash_1781,0,0,0
https://t.me/s/DeltaKroneckerGithub_Clash_1783,0,0,0
https://t.me/s/DeltaKroneckerGithub_Clash_1785,0,0,0
https://t.me/s/DeltaKroneckerGithub_Clash_1787,0,0,0
https://t.me/s/DeltaKroneckerGithub_Clash_1789,0,0,0
https://t.me/s/DeltaKroneckerGithub_Clash_179,0,0,0
https://t.me/s/DeltaKroneckerGithub_Clash_1793,0,0,0
https://t.me/s/DeltaKroneckerGithub_Clash_1795,0,0,0
https://t.me/s/DeltaKroneckerGithub_Clash_1797,0,0,0
https://t.me/s/DeltaKroneckerGithub_Clash_1799,0,0,0
https://t.me/s/DeltaKroneckerGithub_Clash_1801,0,0,0
https://t.me/s/DeltaKroneckerGithub_Clash_1803,0,0,0
https://t.me/s/DeltaKroneckerGithub_Clash_1805,0,0,0
https://t.me/s/DeltaKroneckerGithub_Clash_1807,0,0,0
https://t.me/s/DeltaKroneckerGithub_Clash_1809,0,0,0
https://t.me/s/DeltaKroneckerGithub_Clash_181,0,0,0
https://t.me/s/DeltaKroneckerGithub_Clash_1811,0,0,0
https://t.me/s/DeltaKroneckerGithub_Clash_1813,0,0,0
https://t.me/s/DeltaKroneckerGithub_Clash_1815,0,0,0
https://t.me/s/DeltaKroneckerGithub_Clash_1817,0,0,0
https://t.me/s/DeltaKroneckerGithub_Clash_1819,0,0,0
https://t.me/s/DeltaKroneckerGithub_Clash_1823,0,0,0
https://t.me/s/DeltaKroneckerGithub_Clash_1825,0,0,0
https://t.me/s/DeltaKroneckerGithub_Clash_1827,0,0,0
https://t.me/s/DeltaKroneckerGithub_Clash_1829,0,0,0
https://t.me/s/DeltaKroneckerGithub_Clash_183,0,0,0
https://t.me/s/DeltaKroneckerGithub_Clash_1831,0,0,0
https://t.me/s/DeltaKroneckerGithub_Clash_1833,0,0,0
https://t.me/s/DeltaKroneckerGithub_Clash_1835,0,0,0
https://t.me/s/DeltaKroneckerGithub_Clash_1839,0,0,0
https://t.me/s/DeltaKroneckerGithub_Clash_1841,0,0,0
https://t.me/s/DeltaKroneckerGithub_Clash_1843,0,0,0
https://t.me/s/DeltaKroneckerGithub_Clash_1845,0,0,0
https://t.me/s/DeltaKroneckerGithub_Clash_1847,0,0,0
https://t.me/s/DeltaKroneckerGithub_Clash_1849,0,0,0
https://t.me/s/DeltaKroneckerGithub_Clash_185,0,0,0
https://t.me/s/DeltaKroneckerGithub_Clash_1851,0,0,0
https://t.me/s/DeltaKroneckerGithub_Clash_1853,0,0,0
https://t.me/s/DeltaKroneckerGithub_Clash_1855,0,0,0
https://t.me/s/DeltaKroneckerGithub_Clash_1857,0,0,0
https://t.me/s/DeltaKroneckerGithub_Clash_1859,0,0,0
https://t.me/s/DeltaKroneckerGithub_Clash_1861,0,0,0
https://t.me/s/DeltaKroneckerGithub_Clash_1863,0,0,0
https://t.me/s/DeltaKroneckerGithub_Clash_187,0,0,0
https://t.me/s/DeltaKroneckerGithub_Clash_1871,0,0,0
https://t.me/s/DeltaKroneckerGithub_Clash_1873,0,0,0
https://t.me/s/DeltaKroneckerGithub_Clash_1875,0,0,0
https://t.me/s/DeltaKroneckerGithub_Clash_1877,0,0,0
https://t.me/s/DeltaKroneckerGithub_Clash_1879,0,0,0
https://t.me/s/DeltaKroneckerGithub_Clash_1881,0,0,0
https://t.me/s/DeltaKroneckerGithub_Clash_1883,0,0,0
https://t.me/s/DeltaKroneckerGithub_Clash_1885,0,0,0
https://t.me/s/DeltaKroneckerGithub_Clash_1887,0,0,0
https://t.me/s/DeltaKroneckerGithub_Clash_1889,0,0,0
https://t.me/s/DeltaKroneckerGithub_Clash_189,0,0,0
https://t.me/s/DeltaKroneckerGithub_Clash_1891,0,0,0
https://t.me/s/DeltaKroneckerGithub_Clash_1895,0,0,0
https://t.me/s/DeltaKroneckerGithub_Clash_1897,0,0,0
https://t.me/s/DeltaKroneckerGithub_Clash_19,0,0,0
https://t.me/s/DeltaKroneckerGithub_Clash_1901,0,0,0
https://t.me/s/DeltaKroneckerGithub_Clash_1903,0,0,0
https://t.me/s/DeltaKroneckerGithub_Clash_1905,0,0,0
https://t.me/s/DeltaKroneckerGithub_Clash_1907,0,0,0
https://t.me/s/DeltaKroneckerGithub_Clash_1909,0,0,0
https://t.me/s/DeltaKroneckerGithub_Clash_191,0,0,0
https://t.me/s/DeltaKroneckerGithub_Clash_1911,0,0,0
https://t.me/s/DeltaKroneckerGithub_Clash_1913,0,0,0
https://t.me/s/DeltaKroneckerGithub_Clash_1915,0,0,0
https://t.me/s/DeltaKroneckerGithub_Clash_1917,0,0,0
https://t.me/s/DeltaKroneckerGithub_Clash_1919,0,0,0
https://t.me/s/DeltaKroneckerGithub_Clash_1921,0,0,0
https://t.me/s/DeltaKroneckerGithub_Clash_1923,0,0,0
https://t.me/s/DeltaKroneckerGithub_Clash_1929,0,0,0
https://t.me/s/DeltaKroneckerGithub_Clash_193,0,0,0
https://t.me/s/DeltaKroneckerGithub_Clash_1931,0,0,0
https://t.me/s/DeltaKroneckerGithub_Clash_1937,0,0,0
https://t.me/s/DeltaKroneckerGithub_Clash_1939,0,0,0
https://t.me/s/DeltaKroneckerGithub_Clash_1941,0,0,0
https://t.me/s/DeltaKroneckerGithub_Clash_1943,0,0,0
https://t.me/s/DeltaKroneckerGithub_Clash_1945,0,0,0
https://t.me/s/DeltaKroneckerGithub_Clash_1947,0,0,0
https://t.me/s/DeltaKroneckerGithub_Clash_1949,0,0,0
https://t.me/s/DeltaKroneckerGithub_Clash_195,0,0,0
https://t.me/s/DeltaKroneckerGithub_Clash_1951,0,0,0
https://t.me/s/DeltaKroneckerGithub_Clash_1953,0,0,0
https://t.me/s/DeltaKroneckerGithub_Clash_1955,0,0,0
https://t.me/s/DeltaKroneckerGithub_Clash_1957,0,0,0
https://t.me/s/DeltaKroneckerGithub_Clash_1959,0,0,0
https://t.me/s/DeltaKroneckerGithub_Clash_1961,0,0,0
https://t.me/s/DeltaKroneckerGithub_Clash_1963,0,0,0
https://t.me/s/DeltaKroneckerGithub_Clash_1965,0,0,0
https://t.me/s/DeltaKroneckerGithub_Clash_1967,0,0,0
https://t.me/s/DeltaKroneckerGithub_Clash_1969,0,0,0
https://t.me/s/DeltaKroneckerGithub_Clash_197,0,0,0
https://t.me/s/DeltaKroneckerGithub_Clash_1971,0,0,0
https://t.me/s/DeltaKroneckerGithub_Clash_1975,0,0,0
https://t.me/s/DeltaKroneckerGithub_Clash_1977,0,0,0
https://t.me/s/DeltaKroneckerGithub_Clash_1979,0,0,0
https://t.me/s/DeltaKroneckerGithub_Clash_1981,0,0,0
https://t.me/s/DeltaKroneckerGithub_Clash_1985,0,0,0
https://t.me/s/DeltaKroneckerGithub_Clash_1987,0,0,0
https://t.me/s/DeltaKroneckerGithub_Clash_199,0,0,0
https://t.me/s/DeltaKroneckerGithub_Clash_1991,0,0,0
https://t.me/s/DeltaKroneckerGithub_Clash_1993,0,0,0
https://t.me/s/DeltaKroneckerGithub_Clash_1995,0,0,0
https://t.me/s/DeltaKroneckerGithub_Clash_1999,0,0,0
https://t.me/s/DeltaKroneckerGithub_Clash_2001,0,0,0
https://t.me/s/DeltaKroneckerGithub_Clash_2003,0,0,0
https://t.me/s/DeltaKroneckerGithub_Clash_2005,0,0,0
https://t.me/s/DeltaKroneckerGithub_Clash_2007,0,0,0
https://t.me/s/DeltaKroneckerGithub_Clash_2009,0,0,0
https://t.me/s/DeltaKroneckerGithub_Clash_201,0,0,0
https://t.me/s/DeltaKroneckerGithub_Clash_2011,0,0,0
https://t.me/s/DeltaKroneckerGithub_Clash_2013,0,0,0
https://t.me/s/DeltaKroneckerGithub_Clash_2015,0,0,0
https://t.me/s/DeltaKroneckerGithub_Clash_2017,0,0,0
https://t.me/s/DeltaKroneckerGithub_Clash_2021,0,0,0
https://t.me/s/DeltaKroneckerGithub_Clash_2023,0,0,0
https://t.me/s/DeltaKroneckerGithub_Clash_2025,0,0,0
https://t.me/s/DeltaKroneckerGithub_Clash_2027,0,0,0
https://t.me/s/DeltaKroneckerGithub_Clash_203,0,0,0
https://t.me/s/DeltaKroneckerGithub_Clash_2031,0,0,0
https://t.me/s/DeltaKroneckerGithub_Clash_2033,0,0,0
https://t.me/s/DeltaKroneckerGithub_Clash_2035,0,0,0
https://t.me/s/DeltaKroneckerGithub_Clash_2037,0,0,0
https://t.me/s/DeltaKroneckerGithub_Clash_2039,0,0,0
https://t.me/s/DeltaKroneckerGithub_Clash_2043,0,0,0
https://t.me/s/DeltaKroneckerGithub_Clash_2045,0,0,0
https://t.me/s/DeltaKroneckerGithub_Clash_2047,0,0,0
https://t.me/s/DeltaKroneckerGithub_Clash_2049,0,0,0
https://t.me/s/DeltaKroneckerGithub_Clash_205,0,0,0
https://t.me/s/DeltaKroneckerGithub_Clash_2055,0,0,0
https://t.me/s/DeltaKroneckerGithub_Clash_2057,0,0,0
https://t.me/s/DeltaKroneckerGithub_Clash_2059,0,0,0
https://t.me/s/DeltaKroneckerGithub_Clash_2061,0,0,0
https://t.me/s/DeltaKroneckerGithub_Clash_2063,0,0,0
https://t.me/s/DeltaKroneckerGithub_Clash_2067,0,0,0
https://t.me/s/DeltaKroneckerGithub_Clash_207,0,0,0
https://t.me/s/DeltaKroneckerGithub_Clash_2071,0,0,0
https://t.me/s/DeltaKroneckerGithub_Clash_2073,0,0,0
https://t.me/s/DeltaKroneckerGithub_Clash_2077,0,0,0
https://t.me/s/DeltaKroneckerGithub_Clash_2079,0,0,0
https://t.me/s/DeltaKroneckerGithub_Clash_2081,0,0,0
https://t.me/s/DeltaKroneckerGithub_Clash_2089,0,0,0
https://t.me/s/DeltaKroneckerGithub_Clash_209,0,0,0
https://t.me/s/DeltaKroneckerGithub_Clash_2091,0,0,0
https://t.me/s/DeltaKroneckerGithub_Clash_2093,0,0,0
https://t.me/s/DeltaKroneckerGithub_Clash_2095,0,0,0
https://t.me/s/DeltaKroneckerGithub_Clash_2097,0,0,0
https://t.me/s/DeltaKroneckerGithub_Clash_21,0,0,0
https://t.me/s/DeltaKroneckerGithub_Clash_2101,0,0,0
https://t.me/s/DeltaKroneckerGithub_Clash_2105,0,0,0
https://t.me/s/DeltaKroneckerGithub_Clash_2107,0,0,0
https://t.me/s/DeltaKroneckerGithub_Clash_2109,0,0,0
https://t.me/s/DeltaKroneckerGithub_Clash_211,0,0,0
https://t.me/s/DeltaKroneckerGithub_Clash_2111,0,0,0
https://t.me/s/DeltaKroneckerGithub_Clash_2113,0,0,0
https://t.me/s/DeltaKroneckerGithub_Clash_2115,0,0,0
https://t.me/s/DeltaKroneckerGithub_Clash_2117,0,0,0
https://t.me/s/DeltaKroneckerGithub_Clash_2119,0,0,0
https://t.me/s/DeltaKroneckerGithub_Clash_2121,0,0,0
https://t.me/s/DeltaKroneckerGithub_Clash_213,0,0,0
https://t.me/s/DeltaKroneckerGithub_Clash_2131,0,0,0
https://t.me/s/DeltaKroneckerGithub_Clash_2133,0,0,0
https://t.me/s/DeltaKroneckerGithub_Clash_2135,0,0,0
https://t.me/s/DeltaKroneckerGithub_Clash_2137,0,0,0
https://t.me/s/DeltaKroneckerGithub_Clash_2139,0,0,0
https://t.me/s/DeltaKroneckerGithub_Clash_2141,0,0,0
https://t.me/s/DeltaKroneckerGithub_Clash_2145,0,0,0
https://t.me/s/DeltaKroneckerGithub_Clash_2147,0,0,0
https://t.me/s/DeltaKroneckerGithub_Clash_2149,0,0,0
https://t.me/s/DeltaKroneckerGithub_Clash_215,0,0,0
https://t.me/s/DeltaKroneckerGithub_Clash_2151,0,0,0
https://t.me/s/DeltaKroneckerGithub_Clash_2155,0,0,0
https://t.me/s/DeltaKroneckerGithub_Clash_2157,0,0,0
https://t.me/s/DeltaKroneckerGithub_Clash_2159,0,0,0
https://t.me/s/DeltaKroneckerGithub_Clash_2161,0,0,0
https://t.me/s/DeltaKroneckerGithub_Clash_2163,0,0,0
https://t.me/s/DeltaKroneckerGithub_Clash_2167,0,0,0
https://t.me/s/DeltaKroneckerGithub_Clash_2169,0,0,0
https://t.me/s/DeltaKroneckerGithub_Clash_217,0,0,0
https://t.me/s/DeltaKroneckerGithub_Clash_2177,0,0,0
https://t.me/s/DeltaKroneckerGithub_Clash_2179,0,0,0
https://t.me/s/DeltaKroneckerGithub_Clash_2181,0,0,0
https://t.me/s/DeltaKroneckerGithub_Clash_2183,0,0,0
https://t.me/s/DeltaKroneckerGithub_Clash_2185,0,0,0
https://t.me/s/DeltaKroneckerGithub_Clash_2187,0,0,0
https://t.me/s/DeltaKroneckerGithub_Clash_219,0,0,0
https://t.me/s/DeltaKroneckerGithub_Clash_2191,0,0,0
https://t.me/s/DeltaKroneckerGithub_Clash_2195,0,0,0
https://t.me/s/DeltaKroneckerGithub_Clash_2197,0,0,0
https://t.me/s/DeltaKroneckerGithub_Clash_2199,0,0,0
https://t.me/s/DeltaKroneckerGithub_Clash_2203,0,0,0
https://t.me/s/DeltaKroneckerGithub_Clash_2205,0,0,0
https://t.me/s/DeltaKroneckerGithub_Clash_2209,0,0,0
https://t.me/s/DeltaKroneckerGithub_Clash_221,0,0,0
https://t.me/s/DeltaKroneckerGithub_Clash_2215,0,0,0
https://t.me/s/DeltaKroneckerGithub_Clash_2217,0,0,0
https://t.me/s/DeltaKroneckerGithub_Clash_2223,0,0,0
https://t.me/s/DeltaKroneckerGithub_Clash_2227,0,0,0
https://t.me/s/DeltaKroneckerGithub_Clash_2229,0,0,0
https://t.me/s/DeltaKroneckerGithub_Clash_223,0,0,0
https://t.me/s/DeltaKroneckerGithub_Clash_2233,0,0,0
https://t.me/s/DeltaKroneckerGithub_Clash_2235,0,0,0
https://t.me/s/DeltaKroneckerGithub_Clash_2239,0,0,0
https://t.me/s/DeltaKroneckerGithub_Clash_2241,0,0,0
https://t.me/s/DeltaKroneckerGithub_Clash_2243,0,0,0
https://t.me/s/DeltaKroneckerGithub_Clash_2245,0,0,0
https://t.me/s/DeltaKroneckerGithub_Clash_2249,0,0,0
https://t.me/s/DeltaKroneckerGithub_Clash_225,0,0,0
https://t.me/s/DeltaKroneckerGithub_Clash_2251,0,0,0
https://t.me/s/DeltaKroneckerGithub_Clash_2253,0,0,0
https://t.me/s/DeltaKroneckerGithub_Clash_2259,0,0,0
https://t.me/s/DeltaKroneckerGithub_Clash_2263,0,0,0
https://t.me/s/DeltaKroneckerGithub_Clash_2267,0,0,0
https://t.me/s/DeltaKroneckerGithub_Clash_2269,0,0,0
https://t.me/s/DeltaKroneckerGithub_Clash_227,0,0,0
https://t.me/s/DeltaKroneckerGithub_Clash_2271,0,0,0
https://t.me/s/DeltaKroneckerGithub_Clash_2273,0,0,0
https://t.me/s/DeltaKroneckerGithub_Clash_2275,0,0,0
https://t.me/s/DeltaKroneckerGithub_Clash_2277,0,0,0
https://t.me/s/DeltaKroneckerGithub_Clash_2279,0,0,0
https://t.me/s/DeltaKroneckerGithub_Clash_2283,0,0,0
https://t.me/s/DeltaKroneckerGithub_Clash_2285,0,0,0
https://t.me/s/DeltaKroneckerGithub_Clash_2289,0,0,0
https://t.me/s/DeltaKroneckerGithub_Clash_229,0,0,0
https://t.me/s/DeltaKroneckerGithub_Clash_2293,0,0,0
https://t.me/s/DeltaKroneckerGithub_Clash_2295,0,0,0
https://t.me/s/DeltaKroneckerGithub_Clash_2299,0,0,0
https://t.me/s/DeltaKroneckerGithub_Clash_23,0,0,0
https://t.me/s/DeltaKroneckerGithub_Clash_2301,0,0,0
https://t.me/s/DeltaKroneckerGithub_Clash_2303,0,0,0
https://t.me/s/DeltaKroneckerGithub_Clash_2307,0,0,0
https://t.me/s/DeltaKroneckerGithub_Clash_231,0,0,0
https://t.me/s/DeltaKroneckerGithub_Clash_2311,0,0,0
https://t.me/s/DeltaKroneckerGithub_Clash_2313,0,0,0
https://t.me/s/DeltaKroneckerGithub_Clash_2315,0,0,0
https://t.me/s/DeltaKroneckerGithub_Clash_2317,0,0,0
https://t.me/s/DeltaKroneckerGithub_Clash_2319,0,0,0
https://t.me/s/DeltaKroneckerGithub_Clash_2321,0,0,0
https://t.me/s/DeltaKroneckerGithub_Clash_2327,0,0,0
https://t.me/s/DeltaKroneckerGithub_Clash_2329,0,0,0
https://t.me/s/DeltaKroneckerGithub_Clash_2331,0,0,0
https://t.me/s/DeltaKroneckerGithub_Clash_2333,0,0,0
https://t.me/s/DeltaKroneckerGithub_Clash_2335,0,0,0
https://t.me/s/DeltaKroneckerGithub_Clash_2337,0,0,0
https://t.me/s/DeltaKroneckerGithub_Clash_2339,0,0,0
https://t.me/s/DeltaKroneckerGithub_Clash_2341,0,0,0
https://t.me/s/DeltaKroneckerGithub_Clash_2347,0,0,0
https://t.me/s/DeltaKroneckerGithub_Clash_2349,0,0,0
https://t.me/s/DeltaKroneckerGithub_Clash_235,0,0,0
https://t.me/s/DeltaKroneckerGithub_Clash_2351,0,0,0
https://t.me/s/DeltaKroneckerGithub_Clash_2353,0,0,0
https://t.me/s/DeltaKroneckerGithub_Clash_2357,0,0,0
https://t.me/s/DeltaKroneckerGithub_Clash_2359,0,0,0
https://t.me/s/DeltaKroneckerGithub_Clash_2361,0,0,0
https://t.me/s/DeltaKroneckerGithub_Clash_2363,0,0,0
https://t.me/s/DeltaKroneckerGithub_Clash_2365,0,0,0
https://t.me/s/DeltaKroneckerGithub_Clash_2367,0,0,0
https://t.me/s/DeltaKroneckerGithub_Clash_237,0,0,0
https://t.me/s/DeltaKroneckerGithub_Clash_2373,0,0,0
https://t.me/s/DeltaKroneckerGithub_Clash_2375,0,0,0
https://t.me/s/DeltaKroneckerGithub_Clash_2377,0,0,0
https://t.me/s/DeltaKroneckerGithub_Clash_2379,0,0,0
https://t.me/s/DeltaKroneckerGithub_Clash_2381,0,0,0
https://t.me/s/DeltaKroneckerGithub_Clash_2383,0,0,0
https://t.me/s/DeltaKroneckerGithub_Clash_2387,0,0,0
https://t.me/s/DeltaKroneckerGithub_Clash_239,0,0,0
https://t.me/s/DeltaKroneckerGithub_Clash_2393,0,0,0
https://t.me/s/DeltaKroneckerGithub_Clash_2395,0,0,0
https://t.me/s/DeltaKroneckerGithub_Clash_2397,0,0,0
https://t.me/s/DeltaKroneckerGithub_Clash_2399,0,0,0
https://t.me/s/DeltaKroneckerGithub_Clash_2401,0,0,0
https://t.me/s/DeltaKroneckerGithub_Clash_2403,0,0,0
https://t.me/s/DeltaKroneckerGithub_Clash_2405,0,0,0
https://t.me/s/DeltaKroneckerGithub_Clash_2407,0,0,0
https://t.me/s/DeltaKroneckerGithub_Clash_2409,0,0,0
https://t.me/s/DeltaKroneckerGithub_Clash_241,0,0,0
https://t.me/s/DeltaKroneckerGithub_Clash_2411,0,0,0
https://t.me/s/DeltaKroneckerGithub_Clash_2413,0,0,0
https://t.me/s/DeltaKroneckerGithub_Clash_2417,0,0,0
https://t.me/s/DeltaKroneckerGithub_Clash_2419,0,0,0
https://t.me/s/DeltaKroneckerGithub_Clash_2421,0,0,0
https://t.me/s/DeltaKroneckerGithub_Clash_2425,0,0,0
https://t.me/s/DeltaKroneckerGithub_Clash_2427,0,0,0
https://t.me/s/DeltaKroneckerGithub_Clash_2429,0,0,0
https://t.me/s/DeltaKroneckerGithub_Clash_243,0,0,0
https://t.me/s/DeltaKroneckerGithub_Clash_2431,0,0,0
https://t.me/s/DeltaKroneckerGithub_Clash_2435,0,0,0
https://t.me/s/DeltaKroneckerGithub_Clash_2437,0,0,0
https://t.me/s/DeltaKroneckerGithub_Clash_2439,0,0,0
https://t.me/s/DeltaKroneckerGithub_Clash_2441,0,0,0
https://t.me/s/DeltaKroneckerGithub_Clash_2445,0,0,0
https://t.me/s/DeltaKroneckerGithub_Clash_2447,0,0,0
https://t.me/s/DeltaKroneckerGithub_Clash_2449,0,0,0
https://t.me/s/DeltaKroneckerGithub_Clash_245,0,0,0
https://t.me/s/DeltaKroneckerGithub_Clash_2451,0,0,0
https://t.me/s/DeltaKroneckerGithub_Clash_2455,0,0,0
https://t.me/s/DeltaKroneckerGithub_Clash_2457,0,0,0
https://t.me/s/DeltaKroneckerGithub_Clash_2459,0,0,0
https://t.me/s/DeltaKroneckerGithub_Clash_2461,0,0,0
https://t.me/s/DeltaKroneckerGithub_Clash_2463,0,0,0
https://t.me/s/DeltaKroneckerGithub_Clash_2465,0,0,0
https://t.me/s/DeltaKroneckerGithub_Clash_2467,0,0,0
https://t.me/s/DeltaKroneckerGithub_Clash_2469,0,0,0
https://t.me/s/DeltaKroneckerGithub_Clash_247,0,0,0
https://t.me/s/DeltaKroneckerGithub_Clash_2473,0,0,0
https://t.me/s/DeltaKroneckerGithub_Clash_2475,0,0,0
https://t.me/s/DeltaKroneckerGithub_Clash_2477,0,0,0
https://t.me/s/DeltaKroneckerGithub_Clash_2479,0,0,0
https://t.me/s/DeltaKroneckerGithub_Clash_2481,0,0,0
https://t.me/s/DeltaKroneckerGithub_Clash_2483,0,0,0
https://t.me/s/DeltaKroneckerGithub_Clash_2485,0,0,0
https://t.me/s/DeltaKroneckerGithub_Clash_2487,0,0,0
https://t.me/s/DeltaKroneckerGithub_Clash_2489,0,0,0
https://t.me/s/DeltaKroneckerGithub_Clash_249,0,0,0
https://t.me/s/DeltaKroneckerGithub_Clash_2491,0,0,0
https://t.me/s/DeltaKroneckerGithub_Clash_2493,0,0,0
https://t.me/s/DeltaKroneckerGithub_Clash_2495,0,0,0
https://t.me/s/DeltaKroneckerGithub_Clash_2497,0,0,0
https://t.me/s/DeltaKroneckerGithub_Clash_2499,0,0,0
https://t.me/s/DeltaKroneckerGithub_Clash_25,0,0,0
https://t.me/s/DeltaKroneckerGithub_Clash_2501,0,0,0
https://t.me/s/DeltaKroneckerGithub_Clash_2503,0,0,0
https://t.me/s/DeltaKroneckerGithub_Clash_2505,0,0,0
https://t.me/s/DeltaKroneckerGithub_Clash_2507,0,0,0
https://t.me/s/DeltaKroneckerGithub_Clash_251,0,0,0
https://t.me/s/DeltaKroneckerGithub_Clash_2513,0,0,0
https://t.me/s/DeltaKroneckerGithub_Clash_2515,0,0,0
https://t.me/s/DeltaKroneckerGithub_Clash_2517,0,0,0
https://t.me/s/DeltaKroneckerGithub_Clash_2519,0,0,0
https://t.me/s/DeltaKroneckerGithub_Clash_2521,0,0,0
https://t.me/s/DeltaKroneckerGithub_Clash_2523,0,0,0
https://t.me/s/DeltaKroneckerGithub_Clash_2525,0,0,0
https://t.me/s/DeltaKroneckerGithub_Clash_2527,0,0,0
https://t.me/s/DeltaKroneckerGithub_Clash_2529,0,0,0
https://t.me/s/DeltaKroneckerGithub_Clash_253,0,0,0
https://t.me/s/DeltaKroneckerGithub_Clash_2531,0,0,0
https://t.me/s/DeltaKroneckerGithub_Clash_2533,0,0,0
https://t.me/s/DeltaKroneckerGithub_Clash_2535,0,0,0
https://t.me/s/DeltaKroneckerGithub_Clash_2537,0,0,0
https://t.me/s/DeltaKroneckerGithub_Clash_2541,0,0,0
https://t.me/s/DeltaKroneckerGithub_Clash_2543,0,0,0
https://t.me/s/DeltaKroneckerGithub_Clash_2545,0,0,0
https://t.me/s/DeltaKroneckerGithub_Clash_2547,0,0,0
https://t.me/s/DeltaKroneckerGithub_Clash_2549,0,0,0
https://t.me/s/DeltaKroneckerGithub_Clash_255,0,0,0
https://t.me/s/DeltaKroneckerGithub_Clash_2551,0,0,0
https://t.me/s/DeltaKroneckerGithub_Clash_2555,0,0,0
https://t.me/s/DeltaKroneckerGithub_Clash_2557,0,0,0
https://t.me/s/DeltaKroneckerGithub_Clash_2559,0,0,0
https://t.me/s/DeltaKroneckerGithub_Clash_2561,0,0,0
https://t.me/s/DeltaKroneckerGithub_Clash_2565,0,0,0
https://t.me/s/DeltaKroneckerGithub_Clash_2569,0,0,0
https://t.me/s/DeltaKroneckerGithub_Clash_257,0,0,0
https://t.me/s/DeltaKroneckerGithub_Clash_2573,0,0,0
https://t.me/s/DeltaKroneckerGithub_Clash_2575,0,0,0
https://t.me/s/DeltaKroneckerGithub_Clash_2577,0,0,0
https://t.me/s/DeltaKroneckerGithub_Clash_2581,0,0,0
https://t.me/s/DeltaKroneckerGithub_Clash_2583,0,0,0
https://t.me/s/DeltaKroneckerGithub_Clash_2587,0,0,0
https://t.me/s/DeltaKroneckerGithub_Clash_2589,0,0,0
https://t.me/s/DeltaKroneckerGithub_Clash_259,0,0,0
https://t.me/s/DeltaKroneckerGithub_Clash_2591,0,0,0
https://t.me/s/DeltaKroneckerGithub_Clash_2593,0,0,0
https://t.me/s/DeltaKroneckerGithub_Clash_2595,0,0,0
https://t.me/s/DeltaKroneckerGithub_Clash_2597,0,0,0
https://t.me/s/DeltaKroneckerGithub_Clash_2599,0,0,0
https://t.me/s/DeltaKroneckerGithub_Clash_2601,0,0,0
https://t.me/s/DeltaKroneckerGithub_Clash_2603,0,0,0
https://t.me/s/DeltaKroneckerGithub_Clash_2605,0,0,0
https://t.me/s/DeltaKroneckerGithub_Clash_2607,0,0,0
https://t.me/s/DeltaKroneckerGithub_Clash_2609,0,0,0
https://t.me/s/DeltaKroneckerGithub_Clash_261,0,0,0
https://t.me/s/DeltaKroneckerGithub_Clash_2613,0,0,0
https://t.me/s/DeltaKroneckerGithub_Clash_2617,0,0,0
https://t.me/s/DeltaKroneckerGithub_Clash_2619,0,0,0
https://t.me/s/DeltaKroneckerGithub_Clash_2621,0,0,0
https://t.me/s/DeltaKroneckerGithub_Clash_2623,0,0,0
https://t.me/s/DeltaKroneckerGithub_Clash_2625,0,0,0
https://t.me/s/DeltaKroneckerGithub_Clash_2627,0,0,0
https://t.me/s/DeltaKroneckerGithub_Clash_2629,0,0,0
https://t.me/s/DeltaKroneckerGithub_Clash_263,0,0,0
https://t.me/s/DeltaKroneckerGithub_Clash_2631,0,0,0
https://t.me/s/DeltaKroneckerGithub_Clash_2635,0,0,0
https://t.me/s/DeltaKroneckerGithub_Clash_2639,0,0,0
https://t.me/s/DeltaKroneckerGithub_Clash_2641,0,0,0
https://t.me/s/DeltaKroneckerGithub_Clash_2643,0,0,0
https://t.me/s/DeltaKroneckerGithub_Clash_2645,0,0,0
https://t.me/s/DeltaKroneckerGithub_Clash_2647,0,0,0
https://t.me/s/DeltaKroneckerGithub_Clash_265,0,0,0
https://t.me/s/DeltaKroneckerGithub_Clash_2655,0,0,0
https://t.me/s/DeltaKroneckerGithub_Clash_2657,0,0,0
https://t.me/s/DeltaKroneckerGithub_Clash_2659,0,0,0
https://t.me/s/DeltaKroneckerGithub_Clash_2665,0,0,0
https://t.me/s/DeltaKroneckerGithub_Clash_2667,0,0,0
https://t.me/s/DeltaKroneckerGithub_Clash_2669,0,0,0
https://t.me/s/DeltaKroneckerGithub_Clash_267,0,0,0
https://t.me/s/DeltaKroneckerGithub_Clash_2671,0,0,0
https://t.me/s/DeltaKroneckerGithub_Clash_2675,0,0,0
https://t.me/s/DeltaKroneckerGithub_Clash_2679,0,0,0
https://t.me/s/DeltaKroneckerGithub_Clash_2685,0,0,0
https://t.me/s/DeltaKroneckerGithub_Clash_2687,0,0,0
https://t.me/s/DeltaKroneckerGithub_Clash_269,0,0,0
https://t.me/s/DeltaKroneckerGithub_Clash_2691,0,0,0
https://t.me/s/DeltaKroneckerGithub_Clash_2693,0,0,0
https://t.me/s/DeltaKroneckerGithub_Clash_2695,0,0,0
https://t.me/s/DeltaKroneckerGithub_Clash_2697,0,0,0
https://t.me/s/DeltaKroneckerGithub_Clash_2699,0,0,0
https://t.me/s/DeltaKroneckerGithub_Clash_27,0,0,0
https://t.me/s/DeltaKroneckerGithub_Clash_2703,0,0,0
https://t.me/s/DeltaKroneckerGithub_Clash_2705,0,0,0
https://t.me/s/DeltaKroneckerGithub_Clash_2707,0,0,0
https://t.me/s/DeltaKroneckerGithub_Clash_271,0,0,0
https://t.me/s/DeltaKroneckerGithub_Clash_2711,0,0,0
https://t.me/s/DeltaKroneckerGithub_Clash_2713,0,0,0
https://t.me/s/DeltaKroneckerGithub_Clash_2717,0,0,0
https://t.me/s/DeltaKroneckerGithub_Clash_2719,0,0,0
https://t.me/s/DeltaKroneckerGithub_Clash_2723,0,0,0
https://t.me/s/DeltaKroneckerGithub_Clash_2727,0,0,0
https://t.me/s/DeltaKroneckerGithub_Clash_2729,0,0,0
https://t.me/s/DeltaKroneckerGithub_Clash_273,0,0,0
https://t.me/s/DeltaKroneckerGithub_Clash_2731,0,0,0
https://t.me/s/DeltaKroneckerGithub_Clash_2735,0,0,0
https://t.me/s/DeltaKroneckerGithub_Clash_2737,0,0,0
https://t.me/s/DeltaKroneckerGithub_Clash_2739,0,0,0
https://t.me/s/DeltaKroneckerGithub_Clash_2741,0,0,0
https://t.me/s/DeltaKroneckerGithub_Clash_2743,0,0,0
https://t.me/s/DeltaKroneckerGithub_Clash_2747,0,0,0
https://t.me/s/DeltaKroneckerGithub_Clash_2749,0,0,0
https://t.me/s/DeltaKroneckerGithub_Clash_275,0,0,0
https://t.me/s/DeltaKroneckerGithub_Clash_2753,0,0,0
https://t.me/s/DeltaKroneckerGithub_Clash_2755,0,0,0
https://t.me/s/DeltaKroneckerGithub_Clash_2757,0,0,0
https://t.me/s/DeltaKroneckerGithub_Clash_2763,0,0,0
https://t.me/s/DeltaKroneckerGithub_Clash_2765,0,0,0
https://t.me/s/DeltaKroneckerGithub_Clash_2767,0,0,0
https://t.me/s/DeltaKroneckerGithub_Clash_2769,0,0,0
https://t.me/s/DeltaKroneckerGithub_Clash_277,0,0,0
https://t.me/s/DeltaKroneckerGithub_Clash_2771,0,0,0
https://t.me/s/DeltaKroneckerGithub_Clash_2773,0,0,0
https://t.me/s/DeltaKroneckerGithub_Clash_2777,0,0,0
https://t.me/s/DeltaKroneckerGithub_Clash_2779,0,0,0
https://t.me/s/DeltaKroneckerGithub_Clash_2781,0,0,0
https://t.me/s/DeltaKroneckerGithub_Clash_2783,0,0,0
https://t.me/s/DeltaKroneckerGithub_Clash_2785,0,0,0
https://t.me/s/DeltaKroneckerGithub_Clash_2787,0,0,0
https://t.me/s/DeltaKroneckerGithub_Clash_279,0,0,0
https://t.me/s/DeltaKroneckerGithub_Clash_2791,0,0,0
https://t.me/s/DeltaKroneckerGithub_Clash_2793,0,0,0
https://t.me/s/DeltaKroneckerGithub_Clash_2797,0,0,0
https://t.me/s/DeltaKroneckerGithub_Clash_2799,0,0,0
https://t.me/s/DeltaKroneckerGithub_Clash_2801,0,0,0
https://t.me/s/DeltaKroneckerGithub_Clash_2803,0,0,0
https://t.me/s/DeltaKroneckerGithub_Clash_2805,0,0,0
https://t.me/s/DeltaKroneckerGithub_Clash_2807,0,0,0
https://t.me/s/DeltaKroneckerGithub_Clash_2809,0,0,0
https://t.me/s/DeltaKroneckerGithub_Clash_281,0,0,0
https://t.me/s/DeltaKroneckerGithub_Clash_2813,0,0,0
https://t.me/s/DeltaKroneckerGithub_Clash_2815,0,0,0
https://t.me/s/DeltaKroneckerGithub_Clash_2817,0,0,0
https://t.me/s/DeltaKroneckerGithub_Clash_2819,0,0,0
https://t.me/s/DeltaKroneckerGithub_Clash_2821,0,0,0
https://t.me/s/DeltaKroneckerGithub_Clash_2823,0,0,0
https://t.me/s/DeltaKroneckerGithub_Clash_2827,0,0,0
https://t.me/s/DeltaKroneckerGithub_Clash_2829,0,0,0
https://t.me/s/DeltaKroneckerGithub_Clash_283,0,0,0
https://t.me/s/DeltaKroneckerGithub_Clash_2833,0,0,0
https://t.me/s/DeltaKroneckerGithub_Clash_2835,0,0,0
https://t.me/s/DeltaKroneckerGithub_Clash_2839,0,0,0
https://t.me/s/DeltaKroneckerGithub_Clash_2843,0,0,0
https://t.me/s/DeltaKroneckerGithub_Clash_2845,0,0,0
https://t.me/s/DeltaKroneckerGithub_Clash_2849,0,0,0
https://t.me/s/DeltaKroneckerGithub_Clash_285,0,0,0
https://t.me/s/DeltaKroneckerGithub_Clash_2851,0,0,0
https://t.me/s/DeltaKroneckerGithub_Clash_2857,0,0,0
https://t.me/s/DeltaKroneckerGithub_Clash_2861,0,0,0
https://t.me/s/DeltaKroneckerGithub_Clash_2867,0,0,0
https://t.me/s/DeltaKroneckerGithub_Clash_2869,0,0,0
https://t.me/s/DeltaKroneckerGithub_Clash_287,0,0,0
https://t.me/s/DeltaKroneckerGithub_Clash_2871,0,0,0
https://t.me/s/DeltaKroneckerGithub_Clash_2877,0,0,0
https://t.me/s/DeltaKroneckerGithub_Clash_2881,0,0,0
https://t.me/s/DeltaKroneckerGithub_Clash_2883,0,0,0
https://t.me/s/DeltaKroneckerGithub_Clash_2885,0,0,0
https://t.me/s/DeltaKroneckerGithub_Clash_2887,0,0,0
https://t.me/s/DeltaKroneckerGithub_Clash_2889,0,0,0
https://t.me/s/DeltaKroneckerGithub_Clash_289,0,0,0
https://t.me/s/DeltaKroneckerGithub_Clash_2895,0,0,0
https://t.me/s/DeltaKroneckerGithub_Clash_2897,0,0,0
https://t.me/s/DeltaKroneckerGithub_Clash_29,0,0,0
https://t.me/s/DeltaKroneckerGithub_Clash_2901,0,0,0
https://t.me/s/DeltaKroneckerGithub_Clash_2903,0,0,0
https://t.me/s/DeltaKroneckerGithub_Clash_2909,0,0,0
https://t.me/s/DeltaKroneckerGithub_Clash_291,0,0,0
https://t.me/s/DeltaKroneckerGithub_Clash_2911,0,0,0
https://t.me/s/DeltaKroneckerGithub_Clash_2913,0,0,0
https://t.me/s/DeltaKroneckerGithub_Clash_2917,0,0,0
https://t.me/s/DeltaKroneckerGithub_Clash_2919,0,0,0
https://t.me/s/DeltaKroneckerGithub_Clash_2921,0,0,0
https://t.me/s/DeltaKroneckerGithub_Clash_2923,0,0,0
https://t.me/s/DeltaKroneckerGithub_Clash_2925,0,0,0
https://t.me/s/DeltaKroneckerGithub_Clash_2929,0,0,0
https://t.me/s/DeltaKroneckerGithub_Clash_293,0,0,0
https://t.me/s/DeltaKroneckerGithub_Clash_2937,0,0,0
https://t.me/s/DeltaKroneckerGithub_Clash_2939,0,0,0
https://t.me/s/DeltaKroneckerGithub_Clash_2941,0,0,0
https://t.me/s/DeltaKroneckerGithub_Clash_2943,0,0,0
https://t.me/s/DeltaKroneckerGithub_Clash_2945,0,0,0
https://t.me/s/DeltaKroneckerGithub_Clash_2947,0,0,0
https://t.me/s/DeltaKroneckerGithub_Clash_295,0,0,0
https://t.me/s/DeltaKroneckerGithub_Clash_2951,0,0,0
https://t.me/s/DeltaKroneckerGithub_Clash_2955,0,0,0
https://t.me/s/DeltaKroneckerGithub_Clash_2957,0,0,0
https://t.me/s/DeltaKroneckerGithub_Clash_2963,0,0,0
https://t.me/s/DeltaKroneckerGithub_Clash_2969,0,0,0
https://t.me/s/DeltaKroneckerGithub_Clash_297,0,0,0
https://t.me/s/DeltaKroneckerGithub_Clash_2971,0,0,0
https://t.me/s/DeltaKroneckerGithub_Clash_2973,0,0,0
https://t.me/s/DeltaKroneckerGithub_Clash_2975,0,0,0
https://t.me/s/DeltaKroneckerGithub_Clash_2977,0,0,0
https://t.me/s/DeltaKroneckerGithub_Clash_2983,0,0,0
https://t.me/s/DeltaKroneckerGithub_Clash_2985,0,0,0
https://t.me/s/DeltaKroneckerGithub_Clash_2987,0,0,0
https://t.me/s/DeltaKroneckerGithub_Clash_2989,0,0,0
https://t.me/s/DeltaKroneckerGithub_Clash_299,0,0,0
https://t.me/s/DeltaKroneckerGithub_Clash_2991,0,0,0
https://t.me/s/DeltaKroneckerGithub_Clash_2993,0,0,0
https://t.me/s/DeltaKroneckerGithub_Clash_2995,0,0,0
https://t.me/s/DeltaKroneckerGithub_Clash_2997,0,0,0
https://t.me/s/DeltaKroneckerGithub_Clash_2999,0,0,0
https://t.me/s/DeltaKroneckerGithub_Clash_3,0,0,0
https://t.me/s/DeltaKroneckerGithub_Clash_3003,0,0,0
https://t.me/s/DeltaKroneckerGithub_Clash_3005,0,0,0
https://t.me/s/DeltaKroneckerGithub_Clash_301,0,0,0
https://t.me/s/DeltaKroneckerGithub_Clash_3011,0,0,0
https://t.me/s/DeltaKroneckerGithub_Clash_3013,0,0,0
https://t.me/s/DeltaKroneckerGithub_Clash_3015,0,0,0
https://t.me/s/DeltaKroneckerGithub_Clash_3017,0,0,0
https://t.me/s/DeltaKroneckerGithub_Clash_3019,0,0,0
https://t.me/s/DeltaKroneckerGithub_Clash_3021,0,0,0
https://t.me/s/DeltaKroneckerGithub_Clash_3023,0,0,0
https://t.me/s/DeltaKroneckerGithub_Clash_3029,0,0,0
https://t.me/s/DeltaKroneckerGithub_Clash_303,0,0,0
https://t.me/s/DeltaKroneckerGithub_Clash_3031,0,0,0
https://t.me/s/DeltaKroneckerGithub_Clash_3037,0,0,0
https://t.me/s/DeltaKroneckerGithub_Clash_3039,0,0,0
https://t.me/s/DeltaKroneckerGithub_Clash_3041,0,0,0
https://t.me/s/DeltaKroneckerGithub_Clash_3043,0,0,0
https://t.me/s/DeltaKroneckerGithub_Clash_3047,0,0,0
https://t.me/s/DeltaKroneckerGithub_Clash_3049,0,0,0
https://t.me/s/DeltaKroneckerGithub_Clash_305,0,0,0
https://t.me/s/DeltaKroneckerGithub_Clash_3051,0,0,0
https://t.me/s/DeltaKroneckerGithub_Clash_3053,0,0,0
https://t.me/s/DeltaKroneckerGithub_Clash_3057,0,0,0
https://t.me/s/DeltaKroneckerGithub_Clash_3063,0,0,0
https://t.me/s/DeltaKroneckerGithub_Clash_3065,0,0,0
https://t.me/s/DeltaKroneckerGithub_Clash_3067,0,0,0
https://t.me/s/DeltaKroneckerGithub_Clash_307,0,0,0
https://t.me/s/DeltaKroneckerGithub_Clash_3073,0,0,0
https://t.me/s/DeltaKroneckerGithub_Clash_3077,0,0,0
https://t.me/s/DeltaKroneckerGithub_Clash_3081,0,0,0
https://t.me/s/DeltaKroneckerGithub_Clash_3085,0,0,0
https://t.me/s/DeltaKroneckerGithub_Clash_3089,0,0,0
https://t.me/s/DeltaKroneckerGithub_Clash_309,0,0,0
https://t.me/s/DeltaKroneckerGithub_Clash_3093,0,0,0
https://t.me/s/DeltaKroneckerGithub_Clash_3095,0,0,0
https://t.me/s/DeltaKroneckerGithub_Clash_3097,0,0,0
https://t.me/s/DeltaKroneckerGithub_Clash_31,0,0,0
https://t.me/s/DeltaKroneckerGithub_Clash_3101,0,0,0
https://t.me/s/DeltaKroneckerGithub_Clash_3103,0,0,0
https://t.me/s/DeltaKroneckerGithub_Clash_3105,0,0,0
https://t.me/s/DeltaKroneckerGithub_Clash_3109,0,0,0
https://t.me/s/DeltaKroneckerGithub_Clash_311,0,0,0
https://t.me/s/DeltaKroneckerGithub_Clash_3113,0,0,0
https://t.me/s/DeltaKroneckerGithub_Clash_3115,0,0,0
https://t.me/s/DeltaKroneckerGithub_Clash_3119,0,0,0
https://t.me/s/DeltaKroneckerGithub_Clash_3121,0,0,0
https://t.me/s/DeltaKroneckerGithub_Clash_3123,0,0,0
https://t.me/s/DeltaKroneckerGithub_Clash_3125,0,0,0
https://t.me/s/DeltaKroneckerGithub_Clash_3127,0,0,0
https://t.me/s/DeltaKroneckerGithub_Clash_3129,0,0,0
https://t.me/s/DeltaKroneckerGithub_Clash_313,0,0,0
https://t.me/s/DeltaKroneckerGithub_Clash_3131,0,0,0
https://t.me/s/DeltaKroneckerGithub_Clash_3133,0,0,0
https://t.me/s/DeltaKroneckerGithub_Clash_3135,0,0,0
https://t.me/s/DeltaKroneckerGithub_Clash_3139,0,0,0
https://t.me/s/DeltaKroneckerGithub_Clash_3141,0,0,0
https://t.me/s/DeltaKroneckerGithub_Clash_3143,0,0,0
https://t.me/s/DeltaKroneckerGithub_Clash_315,0,0,0
https://t.me/s/DeltaKroneckerGithub_Clash_3153,0,0,0
https://t.me/s/DeltaKroneckerGithub_Clash_3155,0,0,0
https://t.me/s/DeltaKroneckerGithub_Clash_3159,0,0,0
https://t.me/s/DeltaKroneckerGithub_Clash_3161,0,0,0
https://t.me/s/DeltaKroneckerGithub_Clash_3163,0,0,0
https://t.me/s/DeltaKroneckerGithub_Clash_3165,0,0,0
https://t.me/s/DeltaKroneckerGithub_Clash_3167,0,0,0
https://t.me/s/DeltaKroneckerGithub_Clash_3169,0,0,0
https://t.me/s/DeltaKroneckerGithub_Clash_317,0,0,0
https://t.me/s/DeltaKroneckerGithub_Clash_3171,0,0,0
https://t.me/s/DeltaKroneckerGithub_Clash_3175,0,0,0
https://t.me/s/DeltaKroneckerGithub_Clash_3177,0,0,0
https://t.me/s/DeltaKroneckerGithub_Clash_3179,0,0,0
https://t.me/s/DeltaKroneckerGithub_Clash_3181,0,0,0
https://t.me/s/DeltaKroneckerGithub_Clash_3183,0,0,0
https://t.me/s/DeltaKroneckerGithub_Clash_3185,0,0,0
https://t.me/s/DeltaKroneckerGithub_Clash_3187,0,0,0
https://t.me/s/DeltaKroneckerGithub_Clash_3189,0,0,0
https://t.me/s/DeltaKroneckerGithub_Clash_319,0,0,0
https://t.me/s/DeltaKroneckerGithub_Clash_3191,0,0,0
https://t.me/s/DeltaKroneckerGithub_Clash_3195,0,0,0
https://t.me/s/DeltaKroneckerGithub_Clash_3197,0,0,0
https://t.me/s/DeltaKroneckerGithub_Clash_3199,0,0,0
https://t.me/s/DeltaKroneckerGithub_Clash_3203,0,0,0
https://t.me/s/DeltaKroneckerGithub_Clash_3205,0,0,0
https://t.me/s/DeltaKroneckerGithub_Clash_3207,0,0,0
https://t.me/s/DeltaKroneckerGithub_Clash_3209,0,0,0
https://t.me/s/DeltaKroneckerGithub_Clash_321,0,0,0
https://t.me/s/DeltaKroneckerGithub_Clash_3211,0,0,0
https://t.me/s/DeltaKroneckerGithub_Clash_3217,0,0,0
https://t.me/s/DeltaKroneckerGithub_Clash_3219,0,0,0
https://t.me/s/DeltaKroneckerGithub_Clash_3221,0,0,0
https://t.me/s/DeltaKroneckerGithub_Clash_3225,0,0,0
https://t.me/s/DeltaKroneckerGithub_Clash_3227,0,0,0
https://t.me/s/DeltaKroneckerGithub_Clash_3229,0,0,0
https://t.me/s/DeltaKroneckerGithub_Clash_323,0,0,0
https://t.me/s/DeltaKroneckerGithub_Clash_3231,0,0,0
https://t.me/s/DeltaKroneckerGithub_Clash_3235,0,0,0
https://t.me/s/DeltaKroneckerGithub_Clash_3239,0,0,0
https://t.me/s/DeltaKroneckerGithub_Clash_3245,0,0,0
https://t.me/s/DeltaKroneckerGithub_Clash_3247,0,0,0
https://t.me/s/DeltaKroneckerGithub_Clash_3249,0,0,0
https://t.me/s/DeltaKroneckerGithub_Clash_325,0,0,0
https://t.me/s/DeltaKroneckerGithub_Clash_3253,0,0,0
https://t.me/s/DeltaKroneckerGithub_Clash_3255,0,0,0
https://t.me/s/DeltaKroneckerGithub_Clash_3257,0,0,0
https://t.me/s/DeltaKroneckerGithub_Clash_3263,0,0,0
https://t.me/s/DeltaKroneckerGithub_Clash_3265,0,0,0
https://t.me/s/DeltaKroneckerGithub_Clash_3269,0,0,0
https://t.me/s/DeltaKroneckerGithub_Clash_327,0,0,0
https://t.me/s/DeltaKroneckerGithub_Clash_3271,0,0,0
https://t.me/s/DeltaKroneckerGithub_Clash_3275,0,0,0
https://t.me/s/DeltaKroneckerGithub_Clash_3281,0,0,0
https://t.me/s/DeltaKroneckerGithub_Clash_3285,0,0,0
https://t.me/s/DeltaKroneckerGithub_Clash_3287,0,0,0
https://t.me/s/DeltaKroneckerGithub_Clash_3289,0,0,0
https://t.me/s/DeltaKroneckerGithub_Clash_329,0,0,0
https://t.me/s/DeltaKroneckerGithub_Clash_3293,0,0,0
https://t.me/s/DeltaKroneckerGithub_Clash_3295,0,0,0
https://t.me/s/DeltaKroneckerGithub_Clash_3297,0,0,0
https://t.me/s/DeltaKroneckerGithub_Clash_3299,0,0,0
https://t.me/s/DeltaKroneckerGithub_Clash_33,0,0,0
https://t.me/s/DeltaKroneckerGithub_Clash_3301,0,0,0
https://t.me/s/DeltaKroneckerGithub_Clash_3303,0,0,0
https://t.me/s/DeltaKroneckerGithub_Clash_3307,0,0,0
https://t.me/s/DeltaKroneckerGithub_Clash_331,0,0,0
https://t.me/s/DeltaKroneckerGithub_Clash_3311,0,0,0
https://t.me/s/DeltaKroneckerGithub_Clash_3315,0,0,0
https://t.me/s/DeltaKroneckerGithub_Clash_3317,0,0,0
https://t.me/s/DeltaKroneckerGithub_Clash_3321,0,0,0
https://t.me/s/DeltaKroneckerGithub_Clash_3323,0,0,0
https://t.me/s/DeltaKroneckerGithub_Clash_3325,0,0,0
https://t.me/s/DeltaKroneckerGithub_Clash_3327,0,0,0
https://t.me/s/DeltaKroneckerGithub_Clash_333,0,0,0
https://t.me/s/DeltaKroneckerGithub_Clash_3331,0,0,0
https://t.me/s/DeltaKroneckerGithub_Clash_3333,0,0,0
https://t.me/s/DeltaKroneckerGithub_Clash_3335,0,0,0
https://t.me/s/DeltaKroneckerGithub_Clash_3337,0,0,0
https://t.me/s/DeltaKroneckerGithub_Clash_3339,0,0,0
https://t.me/s/DeltaKroneckerGithub_Clash_3341,0,0,0
https://t.me/s/DeltaKroneckerGithub_Clash_3343,0,0,0
https://t.me/s/DeltaKroneckerGithub_Clash_335,0,0,0
https://t.me/s/DeltaKroneckerGithub_Clash_3351,0,0,0
https://t.me/s/DeltaKroneckerGithub_Clash_3353,0,0,0
https://t.me/s/DeltaKroneckerGithub_Clash_3355,0,0,0
https://t.me/s/DeltaKroneckerGithub_Clash_3357,0,0,0
https://t.me/s/DeltaKroneckerGithub_Clash_3359,0,0,0
https://t.me/s/DeltaKroneckerGithub_Clash_3361,0,0,0
https://t.me/s/DeltaKroneckerGithub_Clash_3363,0,0,0
https://t.me/s/DeltaKroneckerGithub_Clash_3365,0,0,0
https://t.me/s/DeltaKroneckerGithub_Clash_3367,0,0,0
https://t.me/s/DeltaKroneckerGithub_Clash_3369,0,0,0
https://t.me/s/DeltaKroneckerGithub_Clash_337,0,0,0
https://t.me/s/DeltaKroneckerGithub_Clash_3371,0,0,0
https://t.me/s/DeltaKroneckerGithub_Clash_3373,0,0,0
https://t.me/s/DeltaKroneckerGithub_Clash_3379,0,0,0
https://t.me/s/DeltaKroneckerGithub_Clash_3385,0,0,0
https://t.me/s/DeltaKroneckerGithub_Clash_3387,0,0,0
https://t.me/s/DeltaKroneckerGithub_Clash_3389,0,0,0
https://t.me/s/DeltaKroneckerGithub_Clash_339,0,0,0
https://t.me/s/DeltaKroneckerGithub_Clash_3393,0,0,0
https://t.me/s/DeltaKroneckerGithub_Clash_3395,0,0,0
https://t.me/s/DeltaKroneckerGithub_Clash_3399,0,0,0
https://t.me/s/DeltaKroneckerGithub_Clash_3403,0,0,0
https://t.me/s/DeltaKroneckerGithub_Clash_3405,0,0,0
https://t.me/s/DeltaKroneckerGithub_Clash_3409,0,0,0
https://t.me/s/DeltaKroneckerGithub_Clash_341,0,0,0
https://t.me/s/DeltaKroneckerGithub_Clash_3413,0,0,0
https://t.me/s/DeltaKroneckerGithub_Clash_3415,0,0,0
https://t.me/s/DeltaKroneckerGithub_Clash_3417,0,0,0
https://t.me/s/DeltaKroneckerGithub_Clash_3419,0,0,0
https://t.me/s/DeltaKroneckerGithub_Clash_3421,0,0,0
https://t.me/s/DeltaKroneckerGithub_Clash_3425,0,0,0
https://t.me/s/DeltaKroneckerGithub_Clash_3427,0,0,0
https://t.me/s/DeltaKroneckerGithub_Clash_3429,0,0,0
https://t.me/s/DeltaKroneckerGithub_Clash_343,0,0,0
https://t.me/s/DeltaKroneckerGithub_Clash_3435,0,0,0
https://t.me/s/DeltaKroneckerGithub_Clash_3437,0,0,0
https://t.me/s/DeltaKroneckerGithub_Clash_3439,0,0,0
https://t.me/s/DeltaKroneckerGithub_Clash_3441,0,0,0
https://t.me/s/DeltaKroneckerGithub_Clash_3447,0,0,0
https://t.me/s/DeltaKroneckerGithub_Clash_3449,0,0,0
https://t.me/s/DeltaKroneckerGithub_Clash_345,0,0,0
https://t.me/s/DeltaKroneckerGithub_Clash_3451,0,0,0
https://t.me/s/DeltaKroneckerGithub_Clash_3453,0,0,0
https://t.me/s/DeltaKroneckerGithub_Clash_3457,0,0,0
https://t.me/s/DeltaKroneckerGithub_Clash_3461,0,0,0
https://t.me/s/DeltaKroneckerGithub_Clash_3463,0,0,0
https://t.me/s/DeltaKroneckerGithub_Clash_3469,0,0,0
https://t.me/s/DeltaKroneckerGithub_Clash_347,0,0,0
https://t.me/s/DeltaKroneckerGithub_Clash_3473,0,0,0
https://t.me/s/DeltaKroneckerGithub_Clash_3475,0,0,0
https://t.me/s/DeltaKroneckerGithub_Clash_3481,0,0,0
https://t.me/s/DeltaKroneckerGithub_Clash_3483,0,0,0
https://t.me/s/DeltaKroneckerGithub_Clash_3485,0,0,0
https://t.me/s/DeltaKroneckerGithub_Clash_3487,0,0,0
https://t.me/s/DeltaKroneckerGithub_Clash_3489,0,0,0
https://t.me/s/DeltaKroneckerGithub_Clash_349,0,0,0
https://t.me/s/DeltaKroneckerGithub_Clash_3491,0,0,0
https://t.me/s/DeltaKroneckerGithub_Clash_3493,0,0,0
https://t.me/s/DeltaKroneckerGithub_Clash_3495,0,0,0
https://t.me/s/DeltaKroneckerGithub_Clash_3497,0,0,0
https://t.me/s/DeltaKroneckerGithub_Clash_3499,0,0,0
https://t.me/s/DeltaKroneckerGithub_Clash_35,0,0,0
https://t.me/s/DeltaKroneckerGithub_Clash_3507,0,0,0
https://t.me/s/DeltaKroneckerGithub_Clash_3509,0,0,0
https://t.me/s/DeltaKroneckerGithub_Clash_351,0,0,0
https://t.me/s/DeltaKroneckerGithub_Clash_3511,0,0,0
https://t.me/s/DeltaKroneckerGithub_Clash_3517,0,0,0
https://t.me/s/DeltaKroneckerGithub_Clash_3519,0,0,0
https://t.me/s/DeltaKroneckerGithub_Clash_3523,0,0,0
https://t.me/s/DeltaKroneckerGithub_Clash_3525,0,0,0
https://t.me/s/DeltaKroneckerGithub_Clash_3527,0,0,0
https://t.me/s/DeltaKroneckerGithub_Clash_353,0,0,0
https://t.me/s/DeltaKroneckerGithub_Clash_3533,0,0,0
https://t.me/s/DeltaKroneckerGithub_Clash_3535,0,0,0
https://t.me/s/DeltaKroneckerGithub_Clash_3537,0,0,0
https://t.me/s/DeltaKroneckerGithub_Clash_3541,0,0,0
https://t.me/s/DeltaKroneckerGithub_Clash_3543,0,0,0
https://t.me/s/DeltaKroneckerGithub_Clash_3549,0,0,0
https://t.me/s/DeltaKroneckerGithub_Clash_3555,0,0,0
https://t.me/s/DeltaKroneckerGithub_Clash_3563,0,0,0
https://t.me/s/DeltaKroneckerGithub_Clash_3565,0,0,0
https://t.me/s/DeltaKroneckerGithub_Clash_357,0,0,0
https://t.me/s/DeltaKroneckerGithub_Clash_3571,0,0,0
https://t.me/s/DeltaKroneckerGithub_Clash_3573,0,0,0
https://t.me/s/DeltaKroneckerGithub_Clash_3575,0,0,0
https://t.me/s/DeltaKroneckerGithub_Clash_3577,0,0,0
https://t.me/s/DeltaKroneckerGithub_Clash_3581,0,0,0
https://t.me/s/DeltaKroneckerGithub_Clash_3585,0,0,0
https://t.me/s/DeltaKroneckerGithub_Clash_3587,0,0,0
https://t.me/s/DeltaKroneckerGithub_Clash_359,0,0,0
https://t.me/s/DeltaKroneckerGithub_Clash_3591,0,0,0
https://t.me/s/DeltaKroneckerGithub_Clash_3593,0,0,0
https://t.me/s/DeltaKroneckerGithub_Clash_3597,0,0,0
https://t.me/s/DeltaKroneckerGithub_Clash_3599,0,0,0
https://t.me/s/DeltaKroneckerGithub_Clash_3601,0,0,0
https://t.me/s/DeltaKroneckerGithub_Clash_3605,0,0,0
https://t.me/s/DeltaKroneckerGithub_Clash_3609,0,0,0
https://t.me/s/DeltaKroneckerGithub_Clash_361,0,0,0
https://t.me/s/DeltaKroneckerGithub_Clash_3611,0,0,0
https://t.me/s/DeltaKroneckerGithub_Clash_3613,0,0,0
https://t.me/s/DeltaKroneckerGithub_Clash_3617,0,0,0
https://t.me/s/DeltaKroneckerGithub_Clash_3619,0,0,0
https://t.me/s/DeltaKroneckerGithub_Clash_3621,0,0,0
https://t.me/s/DeltaKroneckerGithub_Clash_3623,0,0,0
https://t.me/s/DeltaKroneckerGithub_Clash_3627,0,0,0
https://t.me/s/DeltaKroneckerGithub_Clash_3629,0,0,0
https://t.me/s/DeltaKroneckerGithub_Clash_3631,0,0,0
https://t.me/s/DeltaKroneckerGithub_Clash_3633,0,0,0
https://t.me/s/DeltaKroneckerGithub_Clash_3637,0,0,0
https://t.me/s/DeltaKroneckerGithub_Clash_3639,0,0,0
https://t.me/s/DeltaKroneckerGithub_Clash_3641,0,0,0
https://t.me/s/DeltaKroneckerGithub_Clash_3645,0,0,0
https://t.me/s/DeltaKroneckerGithub_Clash_3647,0,0,0
https://t.me/s/DeltaKroneckerGithub_Clash_3649,0,0,0
https://t.me/s/DeltaKroneckerGithub_Clash_365,0,0,0
https://t.me/s/DeltaKroneckerGithub_Clash_3651,0,0,0
https://t.me/s/DeltaKroneckerGithub_Clash_3653,0,0,0
https://t.me/s/DeltaKroneckerGithub_Clash_3657,0,0,0
https://t.me/s/DeltaKroneckerGithub_Clash_3659,0,0,0
https://t.me/s/DeltaKroneckerGithub_Clash_3661,0,0,0
https://t.me/s/DeltaKroneckerGithub_Clash_3663,0,0,0
https://t.me/s/DeltaKroneckerGithub_Clash_3665,0,0,0
https://t.me/s/DeltaKroneckerGithub_Clash_3667,0,0,0
https://t.me/s/DeltaKroneckerGithub_Clash_3669,0,0,0
https://t.me/s/DeltaKroneckerGithub_Clash_367,0,0,0
https://t.me/s/DeltaKroneckerGithub_Clash_3673,0,0,0
https://t.me/s/DeltaKroneckerGithub_Clash_3675,0,0,0
https://t.me/s/DeltaKroneckerGithub_Clash_3679,0,0,0
https://t.me/s/DeltaKroneckerGithub_Clash_3681,0,0,0
https://t.me/s/DeltaKroneckerGithub_Clash_3683,0,0,0
https://t.me/s/DeltaKroneckerGithub_Clash_3685,0,0,0
https://t.me/s/DeltaKroneckerGithub_Clash_3687,0,0,0
https://t.me/s/DeltaKroneckerGithub_Clash_369,0,0,0
https://t.me/s/DeltaKroneckerGithub_Clash_3691,0,0,0
https://t.me/s/DeltaKroneckerGithub_Clash_3693,0,0,0
https://t.me/s/DeltaKroneckerGithub_Clash_3695,0,0,0
https://t.me/s/DeltaKroneckerGithub_Clash_3697,0,0,0
https://t.me/s/DeltaKroneckerGithub_Clash_3699,0,0,0
https://t.me/s/DeltaKroneckerGithub_Clash_37,0,0,0
https://t.me/s/DeltaKroneckerGithub_Clash_3703,0,0,0
https://t.me/s/DeltaKroneckerGithub_Clash_3705,0,0,0
https://t.me/s/DeltaKroneckerGithub_Clash_3707,0,0,0
https://t.me/s/DeltaKroneckerGithub_Clash_3709,0,0,0
https://t.me/s/DeltaKroneckerGithub_Clash_371,0,0,0
https://t.me/s/DeltaKroneckerGithub_Clash_3711,0,0,0
https://t.me/s/DeltaKroneckerGithub_Clash_3713,0,0,0
https://t.me/s/DeltaKroneckerGithub_Clash_3715,0,0,0
https://t.me/s/DeltaKroneckerGithub_Clash_3717,0,0,0
https://t.me/s/DeltaKroneckerGithub_Clash_3721,0,0,0
https://t.me/s/DeltaKroneckerGithub_Clash_3723,0,0,0
https://t.me/s/DeltaKroneckerGithub_Clash_3725,0,0,0
https://t.me/s/DeltaKroneckerGithub_Clash_3727,0,0,0
https://t.me/s/DeltaKroneckerGithub_Clash_3729,0,0,0
https://t.me/s/DeltaKroneckerGithub_Clash_373,0,0,0
https://t.me/s/DeltaKroneckerGithub_Clash_3731,0,0,0
https://t.me/s/DeltaKroneckerGithub_Clash_3735,0,0,0
https://t.me/s/DeltaKroneckerGithub_Clash_3741,0,0,0
https://t.me/s/DeltaKroneckerGithub_Clash_3745,0,0,0
https://t.me/s/DeltaKroneckerGithub_Clash_3747,0,0,0
https://t.me/s/DeltaKroneckerGithub_Clash_3749,0,0,0
https://t.me/s/DeltaKroneckerGithub_Clash_375,0,0,0
https://t.me/s/DeltaKroneckerGithub_Clash_3755,0,0,0
https://t.me/s/DeltaKroneckerGithub_Clash_3757,0,0,0
https://t.me/s/DeltaKroneckerGithub_Clash_3761,0,0,0
https://t.me/s/DeltaKroneckerGithub_Clash_3763,0,0,0
https://t.me/s/DeltaKroneckerGithub_Clash_3765,0,0,0
https://t.me/s/DeltaKroneckerGithub_Clash_3769,0,0,0
https://t.me/s/DeltaKroneckerGithub_Clash_377,0,0,0
https://t.me/s/DeltaKroneckerGithub_Clash_3771,0,0,0
https://t.me/s/DeltaKroneckerGithub_Clash_3773,0,0,0
https://t.me/s/DeltaKroneckerGithub_Clash_3775,0,0,0
https://t.me/s/DeltaKroneckerGithub_Clash_3777,0,0,0
https://t.me/s/DeltaKroneckerGithub_Clash_3779,0,0,0
https://t.me/s/DeltaKroneckerGithub_Clash_3781,0,0,0
https://t.me/s/DeltaKroneckerGithub_Clash_3783,0,0,0
https://t.me/s/DeltaKroneckerGithub_Clash_3785,0,0,0
https://t.me/s/DeltaKroneckerGithub_Clash_3787,0,0,0
https://t.me/s/DeltaKroneckerGithub_Clash_3793,0,0,0
https://t.me/s/DeltaKroneckerGithub_Clash_3795,0,0,0
https://t.me/s/DeltaKroneckerGithub_Clash_3797,0,0,0
https://t.me/s/DeltaKroneckerGithub_Clash_3799,0,0,0
https://t.me/s/DeltaKroneckerGithub_Clash_3803,0,0,0
https://t.me/s/DeltaKroneckerGithub_Clash_3805,0,0,0
https://t.me/s/DeltaKroneckerGithub_Clash_3807,0,0,0
https://t.me/s/DeltaKroneckerGithub_Clash_381,0,0,0
https://t.me/s/DeltaKroneckerGithub_Clash_3811,0,0,0
https://t.me/s/DeltaKroneckerGithub_Clash_3813,0,0,0
https://t.me/s/DeltaKroneckerGithub_Clash_3815,0,0,0
https://t.me/s/DeltaKroneckerGithub_Clash_3817,0,0,0
https://t.me/s/DeltaKroneckerGithub_Clash_3819,0,0,0
https://t.me/s/DeltaKroneckerGithub_Clash_3821,0,0,0
https://t.me/s/DeltaKroneckerGithub_Clash_3823,0,0,0
https://t.me/s/DeltaKroneckerGithub_Clash_3825,0,0,0
https://t.me/s/DeltaKroneckerGithub_Clash_3827,0,0,0
https://t.me/s/DeltaKroneckerGithub_Clash_3829,0,0,0
https://t.me/s/DeltaKroneckerGithub_Clash_383,0,0,0
https://t.me/s/DeltaKroneckerGithub_Clash_3831,0,0,0
https://t.me/s/DeltaKroneckerGithub_Clash_3839,0,0,0
https://t.me/s/DeltaKroneckerGithub_Clash_3841,0,0,0
https://t.me/s/DeltaKroneckerGithub_Clash_3843,0,0,0
https://t.me/s/DeltaKroneckerGithub_Clash_3845,0,0,0
https://t.me/s/DeltaKroneckerGithub_Clash_3847,0,0,0
https://t.me/s/DeltaKroneckerGithub_Clash_3849,0,0,0
https://t.me/s/DeltaKroneckerGithub_Clash_385,0,0,0
https://t.me/s/DeltaKroneckerGithub_Clash_3851,0,0,0
https://t.me/s/DeltaKroneckerGithub_Clash_3853,0,0,0
https://t.me/s/DeltaKroneckerGithub_Clash_3855,0,0,0
https://t.me/s/DeltaKroneckerGithub_Clash_3857,0,0,0
https://t.me/s/DeltaKroneckerGithub_Clash_3859,0,0,0
https://t.me/s/DeltaKroneckerGithub_Clash_3865,0,0,0
https://t.me/s/DeltaKroneckerGithub_Clash_3867,0,0,0
https://t.me/s/DeltaKroneckerGithub_Clash_387,0,0,0
https://t.me/s/DeltaKroneckerGithub_Clash_3871,0,0,0
https://t.me/s/DeltaKroneckerGithub_Clash_3877,0,0,0
https://t.me/s/DeltaKroneckerGithub_Clash_3881,0,0,0
https://t.me/s/DeltaKroneckerGithub_Clash_3883,0,0,0
https://t.me/s/DeltaKroneckerGithub_Clash_3885,0,0,0
https://t.me/s/DeltaKroneckerGithub_Clash_3887,0,0,0
https://t.me/s/DeltaKroneckerGithub_Clash_3889,0,0,0
https://t.me/s/DeltaKroneckerGithub_Clash_389,0,0,0
https://t.me/s/DeltaKroneckerGithub_Clash_3893,0,0,0
https://t.me/s/DeltaKroneckerGithub_Clash_39,0,0,0
https://t.me/s/DeltaKroneckerGithub_Clash_3903,0,0,0
https://t.me/s/DeltaKroneckerGithub_Clash_391,0,0,0
https://t.me/s/DeltaKroneckerGithub_Clash_3913,0,0,0
https://t.me/s/DeltaKroneckerGithub_Clash_3915,0,0,0
https://t.me/s/DeltaKroneckerGithub_Clash_3917,0,0,0
https://t.me/s/DeltaKroneckerGithub_Clash_3919,0,0,0
https://t.me/s/DeltaKroneckerGithub_Clash_3921,0,0,0
https://t.me/s/DeltaKroneckerGithub_Clash_393,0,0,0
https://t.me/s/DeltaKroneckerGithub_Clash_3931,0,0,0
https://t.me/s/DeltaKroneckerGithub_Clash_3933,0,0,0
https://t.me/s/DeltaKroneckerGithub_Clash_3937,0,0,0
https://t.me/s/DeltaKroneckerGithub_Clash_3939,0,0,0
https://t.me/s/DeltaKroneckerGithub_Clash_3945,0,0,0
https://t.me/s/DeltaKroneckerGithub_Clash_3947,0,0,0
https://t.me/s/DeltaKroneckerGithub_Clash_395,0,0,0
https://t.me/s/DeltaKroneckerGithub_Clash_3951,0,0,0
https://t.me/s/DeltaKroneckerGithub_Clash_3953,0,0,0
https://t.me/s/DeltaKroneckerGithub_Clash_3955,0,0,0
https://t.me/s/DeltaKroneckerGithub_Clash_3957,0,0,0
https://t.me/s/DeltaKroneckerGithub_Clash_3959,0,0,0
https://t.me/s/DeltaKroneckerGithub_Clash_3961,0,0,0
https://t.me/s/DeltaKroneckerGithub_Clash_3965,0,0,0
https://t.me/s/DeltaKroneckerGithub_Clash_3967,0,0,0
https://t.me/s/DeltaKroneckerGithub_Clash_3969,0,0,0
https://t.me/s/DeltaKroneckerGithub_Clash_397,0,0,0
https://t.me/s/DeltaKroneckerGithub_Clash_3973,0,0,0
https://t.me/s/DeltaKroneckerGithub_Clash_3975,0,0,0
https://t.me/s/DeltaKroneckerGithub_Clash_3979,0,0,0
https://t.me/s/DeltaKroneckerGithub_Clash_3981,0,0,0
https://t.me/s/DeltaKroneckerGithub_Clash_3983,0,0,0
https://t.me/s/DeltaKroneckerGithub_Clash_3985,0,0,0
https://t.me/s/DeltaKroneckerGithub_Clash_3987,0,0,0
https://t.me/s/DeltaKroneckerGithub_Clash_3989,0,0,0
https://t.me/s/DeltaKroneckerGithub_Clash_399,0,0,0
https://t.me/s/DeltaKroneckerGithub_Clash_3993,0,0,0
https://t.me/s/DeltaKroneckerGithub_Clash_3997,0,0,0
https://t.me/s/DeltaKroneckerGithub_Clash_4001,0,0,0
https://t.me/s/DeltaKroneckerGithub_Clash_4003,0,0,0
https://t.me/s/DeltaKroneckerGithub_Clash_4005,0,0,0
https://t.me/s/DeltaKroneckerGithub_Clash_4007,0,0,0
https://t.me/s/DeltaKroneckerGithub_Clash_401,0,0,0
https://t.me/s/DeltaKroneckerGithub_Clash_4013,0,0,0
https://t.me/s/DeltaKroneckerGithub_Clash_4017,0,0,0
https://t.me/s/DeltaKroneckerGithub_Clash_4019,0,0,0
https://t.me/s/DeltaKroneckerGithub_Clash_4021,0,0,0
https://t.me/s/DeltaKroneckerGithub_Clash_4023,0,0,0
https://t.me/s/DeltaKroneckerGithub_Clash_4025,0,0,0
https://t.me/s/DeltaKroneckerGithub_Clash_4029,0,0,0
https://t.me/s/DeltaKroneckerGithub_Clash_403,0,0,0
https://t.me/s/DeltaKroneckerGithub_Clash_4033,0,0,0
https://t.me/s/DeltaKroneckerGithub_Clash_4035,0,0,0
https://t.me/s/DeltaKroneckerGithub_Clash_4039,0,0,0
https://t.me/s/DeltaKroneckerGithub_Clash_4041,0,0,0
https://t.me/s/DeltaKroneckerGithub_Clash_4043,0,0,0
https://t.me/s/DeltaKroneckerGithub_Clash_4045,0,0,0
https://t.me/s/DeltaKroneckerGithub_Clash_4047,0,0,0
https://t.me/s/DeltaKroneckerGithub_Clash_4049,0,0,0
https://t.me/s/DeltaKroneckerGithub_Clash_405,0,0,0
https://t.me/s/DeltaKroneckerGithub_Clash_4053,0,0,0
https://t.me/s/DeltaKroneckerGithub_Clash_4055,0,0,0
https://t.me/s/DeltaKroneckerGithub_Clash_4057,0,0,0
https://t.me/s/DeltaKroneckerGithub_Clash_4059,0,0,0
https://t.me/s/DeltaKroneckerGithub_Clash_4061,0,0,0
https://t.me/s/DeltaKroneckerGithub_Clash_4063,0,0,0
https://t.me/s/DeltaKroneckerGithub_Clash_4065,0,0,0
https://t.me/s/DeltaKroneckerGithub_Clash_4067,0,0,0
https://t.me/s/DeltaKroneckerGithub_Clash_4069,0,0,0
https://t.me/s/DeltaKroneckerGithub_Clash_407,0,0,0
https://t.me/s/DeltaKroneckerGithub_Clash_4073,0,0,0
https://t.me/s/DeltaKroneckerGithub_Clash_4077,0,0,0
https://t.me/s/DeltaKroneckerGithub_Clash_4083,0,0,0
https://t.me/s/DeltaKroneckerGithub_Clash_4085,0,0,0
https://t.me/s/DeltaKroneckerGithub_Clash_4091,0,0,0
https://t.me/s/DeltaKroneckerGithub_Clash_4093,0,0,0
https://t.me/s/DeltaKroneckerGithub_Clash_4095,0,0,0
https://t.me/s/DeltaKroneckerGithub_Clash_4097,0,0,0
https://t.me/s/DeltaKroneckerGithub_Clash_41,0,0,0
https://t.me/s/DeltaKroneckerGithub_Clash_4103,0,0,0
https://t.me/s/DeltaKroneckerGithub_Clash_4105,0,0,0
https://t.me/s/DeltaKroneckerGithub_Clash_411,0,0,0
https://t.me/s/DeltaKroneckerGithub_Clash_4115,0,0,0
https://t.me/s/DeltaKroneckerGithub_Clash_4117,0,0,0
https://t.me/s/DeltaKroneckerGithub_Clash_4123,0,0,0
https://t.me/s/DeltaKroneckerGithub_Clash_4127,0,0,0
https://t.me/s/DeltaKroneckerGithub_Clash_413,0,0,0
https://t.me/s/DeltaKroneckerGithub_Clash_4133,0,0,0
https://t.me/s/DeltaKroneckerGithub_Clash_4135,0,0,0
https://t.me/s/DeltaKroneckerGithub_Clash_4137,0,0,0
https://t.me/s/DeltaKroneckerGithub_Clash_4139,0,0,0
https://t.me/s/DeltaKroneckerGithub_Clash_4141,0,0,0
https://t.me/s/DeltaKroneckerGithub_Clash_4143,0,0,0
https://t.me/s/DeltaKroneckerGithub_Clash_4145,0,0,0
https://t.me/s/DeltaKroneckerGithub_Clash_4147,0,0,0
https://t.me/s/DeltaKroneckerGithub_Clash_415,0,0,0
https://t.me/s/DeltaKroneckerGithub_Clash_4151,0,0,0
https://t.me/s/DeltaKroneckerGithub_Clash_4159,0,0,0
https://t.me/s/DeltaKroneckerGithub_Clash_4165,0,0,0
https://t.me/s/DeltaKroneckerGithub_Clash_4167,0,0,0
https://t.me/s/DeltaKroneckerGithub_Clash_4169,0,0,0
https://t.me/s/DeltaKroneckerGithub_Clash_417,0,0,0
https://t.me/s/DeltaKroneckerGithub_Clash_4171,0,0,0
https://t.me/s/DeltaKroneckerGithub_Clash_4173,0,0,0
https://t.me/s/DeltaKroneckerGithub_Clash_4175,0,0,0
https://t.me/s/DeltaKroneckerGithub_Clash_4177,0,0,0
https://t.me/s/DeltaKroneckerGithub_Clash_4179,0,0,0
https://t.me/s/DeltaKroneckerGithub_Clash_4183,0,0,0
https://t.me/s/DeltaKroneckerGithub_Clash_4185,0,0,0
https://t.me/s/DeltaKroneckerGithub_Clash_4187,0,0,0
https://t.me/s/DeltaKroneckerGithub_Clash_4189,0,0,0
https://t.me/s/DeltaKroneckerGithub_Clash_419,0,0,0
https://t.me/s/DeltaKroneckerGithub_Clash_4195,0,0,0
https://t.me/s/DeltaKroneckerGithub_Clash_4199,0,0,0
https://t.me/s/DeltaKroneckerGithub_Clash_4203,0,0,0
https://t.me/s/DeltaKroneckerGithub_Clash_4209,0,0,0
https://t.me/s/DeltaKroneckerGithub_Clash_421,0,0,0
https://t.me/s/DeltaKroneckerGithub_Clash_4211,0,0,0
https://t.me/s/DeltaKroneckerGithub_Clash_4213,0,0,0
https://t.me/s/DeltaKroneckerGithub_Clash_4217,0,0,0
https://t.me/s/DeltaKroneckerGithub_Clash_4219,0,0,0
https://t.me/s/DeltaKroneckerGithub_Clash_4221,0,0,0
https://t.me/s/DeltaKroneckerGithub_Clash_4223,0,0,0
https://t.me/s/DeltaKroneckerGithub_Clash_4225,0,0,0
https://t.me/s/DeltaKroneckerGithub_Clash_4229,0,0,0
https://t.me/s/DeltaKroneckerGithub_Clash_423,0,0,0
https://t.me/s/DeltaKroneckerGithub_Clash_4231,0,0,0
https://t.me/s/DeltaKroneckerGithub_Clash_4239,0,0,0
https://t.me/s/DeltaKroneckerGithub_Clash_4241,0,0,0
https://t.me/s/DeltaKroneckerGithub_Clash_4243,0,0,0
https://t.me/s/DeltaKroneckerGithub_Clash_4247,0,0,0
https://t.me/s/DeltaKroneckerGithub_Clash_4249,0,0,0
https://t.me/s/DeltaKroneckerGithub_Clash_425,0,0,0
https://t.me/s/DeltaKroneckerGithub_Clash_4253,0,0,0
https://t.me/s/DeltaKroneckerGithub_Clash_4257,0,0,0
https://t.me/s/DeltaKroneckerGithub_Clash_4267,0,0,0
https://t.me/s/DeltaKroneckerGithub_Clash_427,0,0,0
https://t.me/s/DeltaKroneckerGithub_Clash_4271,0,0,0
https://t.me/s/DeltaKroneckerGithub_Clash_4275,0,0,0
https://t.me/s/DeltaKroneckerGithub_Clash_4279,0,0,0
https://t.me/s/DeltaKroneckerGithub_Clash_4281,0,0,0
https://t.me/s/DeltaKroneckerGithub_Clash_4283,0,0,0
https://t.me/s/DeltaKroneckerGithub_Clash_4285,0,0,0
https://t.me/s/DeltaKroneckerGithub_Clash_429,0,0,0
https://t.me/s/DeltaKroneckerGithub_Clash_4291,0,0,0
https://t.me/s/DeltaKroneckerGithub_Clash_4295,0,0,0
https://t.me/s/DeltaKroneckerGithub_Clash_4297,0,0,0
https://t.me/s/DeltaKroneckerGithub_Clash_4299,0,0,0
https://t.me/s/DeltaKroneckerGithub_Clash_43,0,0,0
https://t.me/s/DeltaKroneckerGithub_Clash_4301,0,0,0
https://t.me/s/DeltaKroneckerGithub_Clash_4303,0,0,0
https://t.me/s/DeltaKroneckerGithub_Clash_4307,0,0,0
https://t.me/s/DeltaKroneckerGithub_Clash_4309,0,0,0
https://t.me/s/DeltaKroneckerGithub_Clash_431,0,0,0
https://t.me/s/DeltaKroneckerGithub_Clash_4313,0,0,0
https://t.me/s/DeltaKroneckerGithub_Clash_4319,0,0,0
https://t.me/s/DeltaKroneckerGithub_Clash_4321,0,0,0
https://t.me/s/DeltaKroneckerGithub_Clash_4325,0,0,0
https://t.me/s/DeltaKroneckerGithub_Clash_4329,0,0,0
https://t.me/s/DeltaKroneckerGithub_Clash_4335,0,0,0
https://t.me/s/DeltaKroneckerGithub_Clash_4343,0,0,0
https://t.me/s/DeltaKroneckerGithub_Clash_4347,0,0,0
https://t.me/s/DeltaKroneckerGithub_Clash_4349,0,0,0
https://t.me/s/DeltaKroneckerGithub_Clash_435,0,0,0
https://t.me/s/DeltaKroneckerGithub_Clash_4351,0,0,0
https://t.me/s/DeltaKroneckerGithub_Clash_4353,0,0,0
https://t.me/s/DeltaKroneckerGithub_Clash_4357,0,0,0
https://t.me/s/DeltaKroneckerGithub_Clash_4359,0,0,0
https://t.me/s/DeltaKroneckerGithub_Clash_4363,0,0,0
https://t.me/s/DeltaKroneckerGithub_Clash_4369,0,0,0
https://t.me/s/DeltaKroneckerGithub_Clash_4371,0,0,0
https://t.me/s/DeltaKroneckerGithub_Clash_4373,0,0,0
https://t.me/s/DeltaKroneckerGithub_Clash_4379,0,0,0
https://t.me/s/DeltaKroneckerGithub_Clash_4381,0,0,0
https://t.me/s/DeltaKroneckerGithub_Clash_4383,0,0,0
https://t.me/s/DeltaKroneckerGithub_Clash_4385,0,0,0
https://t.me/s/DeltaKroneckerGithub_Clash_4387,0,0,0
https://t.me/s/DeltaKroneckerGithub_Clash_439,0,0,0
https://t.me/s/DeltaKroneckerGithub_Clash_4393,0,0,0
https://t.me/s/DeltaKroneckerGithub_Clash_4397,0,0,0
https://t.me/s/DeltaKroneckerGithub_Clash_4399,0,0,0
https://t.me/s/DeltaKroneckerGithub_Clash_4403,0,0,0
https://t.me/s/DeltaKroneckerGithub_Clash_4405,0,0,0
https://t.me/s/DeltaKroneckerGithub_Clash_441,0,0,0
https://t.me/s/DeltaKroneckerGithub_Clash_4417,0,0,0
https://t.me/s/DeltaKroneckerGithub_Clash_4423,0,0,0
https://t.me/s/DeltaKroneckerGithub_Clash_4425,0,0,0
https://t.me/s/DeltaKroneckerGithub_Clash_4427,0,0,0
https://t.me/s/DeltaKroneckerGithub_Clash_4429,0,0,0
https://t.me/s/DeltaKroneckerGithub_Clash_443,0,0,0
https://t.me/s/DeltaKroneckerGithub_Clash_4431,0,0,0
https://t.me/s/DeltaKroneckerGithub_Clash_4433,0,0,0
https://t.me/s/DeltaKroneckerGithub_Clash_4435,0,0,0
https://t.me/s/DeltaKroneckerGithub_Clash_4437,0,0,0
https://t.me/s/DeltaKroneckerGithub_Clash_4439,0,0,0
https://t.me/s/DeltaKroneckerGithub_Clash_4441,0,0,0
https://t.me/s/DeltaKroneckerGithub_Clash_4443,0,0,0
https://t.me/s/DeltaKroneckerGithub_Clash_4445,0,0,0
https://t.me/s/DeltaKroneckerGithub_Clash_445,0,0,0
https://t.me/s/DeltaKroneckerGithub_Clash_4451,0,0,0
https://t.me/s/DeltaKroneckerGithub_Clash_4453,0,0,0
https://t.me/s/DeltaKroneckerGithub_Clash_4455,0,0,0
https://t.me/s/DeltaKroneckerGithub_Clash_4457,0,0,0
https://t.me/s/DeltaKroneckerGithub_Clash_4461,0,0,0
https://t.me/s/DeltaKroneckerGithub_Clash_4463,0,0,0
https://t.me/s/DeltaKroneckerGithub_Clash_4467,0,0,0
https://t.me/s/DeltaKroneckerGithub_Clash_4469,0,0,0
https://t.me/s/DeltaKroneckerGithub_Clash_447,0,0,0
https://t.me/s/DeltaKroneckerGithub_Clash_4479,0,0,0
https://t.me/s/DeltaKroneckerGithub_Clash_4481,0,0,0
https://t.me/s/DeltaKroneckerGithub_Clash_4483,0,0,0
https://t.me/s/DeltaKroneckerGithub_Clash_4487,0,0,0
https://t.me/s/DeltaKroneckerGithub_Clash_4489,0,0,0
https://t.me/s/DeltaKroneckerGithub_Clash_449,0,0,0
https://t.me/s/DeltaKroneckerGithub_Clash_4491,0,0,0
https://t.me/s/DeltaKroneckerGithub_Clash_4495,0,0,0
https://t.me/s/DeltaKroneckerGithub_Clash_45,0,0,0
https://t.me/s/DeltaKroneckerGithub_Clash_4503,0,0,0
https://t.me/s/DeltaKroneckerGithub_Clash_4507,0,0,0
https://t.me/s/DeltaKroneckerGithub_Clash_4509,0,0,0
https://t.me/s/DeltaKroneckerGithub_Clash_451,0,0,0
https://t.me/s/DeltaKroneckerGithub_Clash_4511,0,0,0
https://t.me/s/DeltaKroneckerGithub_Clash_4521,0,0,0
https://t.me/s/DeltaKroneckerGithub_Clash_4525,0,0,0
https://t.me/s/DeltaKroneckerGithub_Clash_4529,0,0,0
https://t.me/s/DeltaKroneckerGithub_Clash_453,0,0,0
https://t.me/s/DeltaKroneckerGithub_Clash_4531,0,0,0
https://t.me/s/DeltaKroneckerGithub_Clash_4537,0,0,0
https://t.me/s/DeltaKroneckerGithub_Clash_4545,0,0,0
https://t.me/s/DeltaKroneckerGithub_Clash_4547,0,0,0
https://t.me/s/DeltaKroneckerGithub_Clash_4549,0,0,0
https://t.me/s/DeltaKroneckerGithub_Clash_455,0,0,0
https://t.me/s/DeltaKroneckerGithub_Clash_4551,0,0,0
https://t.me/s/DeltaKroneckerGithub_Clash_4555,0,0,0
https://t.me/s/DeltaKroneckerGithub_Clash_4557,0,0,0
https://t.me/s/DeltaKroneckerGithub_Clash_4561,0,0,0
https://t.me/s/DeltaKroneckerGithub_Clash_4563,0,0,0
https://t.me/s/DeltaKroneckerGithub_Clash_4565,0,0,0
https://t.me/s/DeltaKroneckerGithub_Clash_4567,0,0,0
https://t.me/s/DeltaKroneckerGithub_Clash_4569,0,0,0
https://t.me/s/DeltaKroneckerGithub_Clash_457,0,0,0
https://t.me/s/DeltaKroneckerGithub_Clash_4573,0,0,0
https://t.me/s/DeltaKroneckerGithub_Clash_4575,0,0,0
https://t.me/s/DeltaKroneckerGithub_Clash_4577,0,0,0
https://t.me/s/DeltaKroneckerGithub_Clash_4581,0,0,0
https://t.me/s/DeltaKroneckerGithub_Clash_4583,0,0,0
https://t.me/s/DeltaKroneckerGithub_Clash_4587,0,0,0
https://t.me/s/DeltaKroneckerGithub_Clash_459,0,0,0
https://t.me/s/DeltaKroneckerGithub_Clash_4591,0,0,0
https://t.me/s/DeltaKroneckerGithub_Clash_4593,0,0,0
https://t.me/s/DeltaKroneckerGithub_Clash_4595,0,0,0
https://t.me/s/DeltaKroneckerGithub_Clash_4597,0,0,0
https://t.me/s/DeltaKroneckerGithub_Clash_4603,0,0,0
https://t.me/s/DeltaKroneckerGithub_Clash_4605,0,0,0
https://t.me/s/DeltaKroneckerGithub_Clash_4607,0,0,0
https://t.me/s/DeltaKroneckerGithub_Clash_4609,0,0,0
https://t.me/s/DeltaKroneckerGithub_Clash_461,0,0,0
https://t.me/s/DeltaKroneckerGithub_Clash_4613,0,0,0
https://t.me/s/DeltaKroneckerGithub_Clash_4619,0,0,0
https://t.me/s/DeltaKroneckerGithub_Clash_4621,0,0,0
https://t.me/s/DeltaKroneckerGithub_Clash_4623,0,0,0
https://t.me/s/DeltaKroneckerGithub_Clash_4627,0,0,0
https://t.me/s/DeltaKroneckerGithub_Clash_4635,0,0,0
https://t.me/s/DeltaKroneckerGithub_Clash_4637,0,0,0
https://t.me/s/DeltaKroneckerGithub_Clash_4639,0,0,0
https://t.me/s/DeltaKroneckerGithub_Clash_4641,0,0,0
https://t.me/s/DeltaKroneckerGithub_Clash_4647,0,0,0
https://t.me/s/DeltaKroneckerGithub_Clash_4649,0,0,0
https://t.me/s/DeltaKroneckerGithub_Clash_465,0,0,0
https://t.me/s/DeltaKroneckerGithub_Clash_4651,0,0,0
https://t.me/s/DeltaKroneckerGithub_Clash_4655,0,0,0
https://t.me/s/DeltaKroneckerGithub_Clash_4659,0,0,0
https://t.me/s/DeltaKroneckerGithub_Clash_4663,0,0,0
https://t.me/s/DeltaKroneckerGithub_Clash_4665,0,0,0
https://t.me/s/DeltaKroneckerGithub_Clash_467,0,0,0
https://t.me/s/DeltaKroneckerGithub_Clash_4671,0,0,0
https://t.me/s/DeltaKroneckerGithub_Clash_4673,0,0,0
https://t.me/s/DeltaKroneckerGithub_Clash_4675,0,0,0
https://t.me/s/DeltaKroneckerGithub_Clash_4679,0,0,0
https://t.me/s/DeltaKroneckerGithub_Clash_4681,0,0,0
https://t.me/s/DeltaKroneckerGithub_Clash_4683,0,0,0
https://t.me/s/DeltaKroneckerGithub_Clash_4685,0,0,0
https://t.me/s/DeltaKroneckerGithub_Clash_4687,0,0,0
https://t.me/s/DeltaKroneckerGithub_Clash_469,0,0,0
https://t.me/s/DeltaKroneckerGithub_Clash_4691,0,0,0
https://t.me/s/DeltaKroneckerGithub_Clash_4693,0,0,0
https://t.me/s/DeltaKroneckerGithub_Clash_4695,0,0,0
https://t.me/s/DeltaKroneckerGithub_Clash_4699,0,0,0
https://t.me/s/DeltaKroneckerGithub_Clash_47,0,0,0
https://t.me/s/DeltaKroneckerGithub_Clash_4701,0,0,0
https://t.me/s/DeltaKroneckerGithub_Clash_471,0,0,0
https://t.me/s/DeltaKroneckerGithub_Clash_4713,0,0,0
https://t.me/s/DeltaKroneckerGithub_Clash_4717,0,0,0
https://t.me/s/DeltaKroneckerGithub_Clash_4719,0,0,0
https://t.me/s/DeltaKroneckerGithub_Clash_4721,0,0,0
https://t.me/s/DeltaKroneckerGithub_Clash_4725,0,0,0
https://t.me/s/DeltaKroneckerGithub_Clash_4727,0,0,0
https://t.me/s/DeltaKroneckerGithub_Clash_4729,0,0,0
https://t.me/s/DeltaKroneckerGithub_Clash_473,0,0,0
https://t.me/s/DeltaKroneckerGithub_Clash_4735,0,0,0
https://t.me/s/DeltaKroneckerGithub_Clash_4737,0,0,0
https://t.me/s/DeltaKroneckerGithub_Clash_4739,0,0,0
https://t.me/s/DeltaKroneckerGithub_Clash_4745,0,0,0
https://t.me/s/DeltaKroneckerGithub_Clash_4747,0,0,0
https://t.me/s/DeltaKroneckerGithub_Clash_4749,0,0,0
https://t.me/s/DeltaKroneckerGithub_Clash_475,0,0,0
https://t.me/s/DeltaKroneckerGithub_Clash_4753,0,0,0
https://t.me/s/DeltaKroneckerGithub_Clash_4755,0,0,0
https://t.me/s/DeltaKroneckerGithub_Clash_4757,0,0,0
https://t.me/s/DeltaKroneckerGithub_Clash_4759,0,0,0
https://t.me/s/DeltaKroneckerGithub_Clash_4763,0,0,0
https://t.me/s/DeltaKroneckerGithub_Clash_4765,0,0,0
https://t.me/s/DeltaKroneckerGithub_Clash_477,0,0,0
https://t.me/s/DeltaKroneckerGithub_Clash_4771,0,0,0
https://t.me/s/DeltaKroneckerGithub_Clash_4773,0,0,0
https://t.me/s/DeltaKroneckerGithub_Clash_4775,0,0,0
https://t.me/s/DeltaKroneckerGithub_Clash_4777,0,0,0
https://t.me/s/DeltaKroneckerGithub_Clash_4779,0,0,0
https://t.me/s/DeltaKroneckerGithub_Clash_4781,0,0,0
https://t.me/s/DeltaKroneckerGithub_Clash_4783,0,0,0
https://t.me/s/DeltaKroneckerGithub_Clash_4785,0,0,0
https://t.me/s/DeltaKroneckerGithub_Clash_4787,0,0,0
https://t.me/s/DeltaKroneckerGithub_Clash_4789,0,0,0
https://t.me/s/DeltaKroneckerGithub_Clash_479,0,0,0
https://t.me/s/DeltaKroneckerGithub_Clash_4791,0,0,0
https://t.me/s/DeltaKroneckerGithub_Clash_4795,0,0,0
https://t.me/s/DeltaKroneckerGithub_Clash_4797,0,0,0
https://t.me/s/DeltaKroneckerGithub_Clash_4807,0,0,0
https://t.me/s/DeltaKroneckerGithub_Clash_4809,0,0,0
https://t.me/s/DeltaKroneckerGithub_Clash_481,0,0,0
https://t.me/s/DeltaKroneckerGithub_Clash_4811,0,0,0
https://t.me/s/DeltaKroneckerGithub_Clash_4813,0,0,0
https://t.me/s/DeltaKroneckerGithub_Clash_4815,0,0,0
https://t.me/s/DeltaKroneckerGithub_Clash_4821,0,0,0
https://t.me/s/DeltaKroneckerGithub_Clash_4823,0,0,0
https://t.me/s/DeltaKroneckerGithub_Clash_4825,0,0,0
https://t.me/s/DeltaKroneckerGithub_Clash_4829,0,0,0
https://t.me/s/DeltaKroneckerGithub_Clash_483,0,0,0
https://t.me/s/DeltaKroneckerGithub_Clash_4831,0,0,0
https://t.me/s/DeltaKroneckerGithub_Clash_4833,0,0,0
https://t.me/s/DeltaKroneckerGithub_Clash_4835,0,0,0
https://t.me/s/DeltaKroneckerGithub_Clash_4837,0,0,0
https://t.me/s/DeltaKroneckerGithub_Clash_4845,0,0,0
https://t.me/s/DeltaKroneckerGithub_Clash_4847,0,0,0
https://t.me/s/DeltaKroneckerGithub_Clash_4849,0,0,0
https://t.me/s/DeltaKroneckerGithub_Clash_485,0,0,0
https://t.me/s/DeltaKroneckerGithub_Clash_4851,0,0,0
https://t.me/s/DeltaKroneckerGithub_Clash_4855,0,0,0
https://t.me/s/DeltaKroneckerGithub_Clash_4859,0,0,0
https://t.me/s/DeltaKroneckerGithub_Clash_4867,0,0,0
https://t.me/s/DeltaKroneckerGithub_Clash_487,0,0,0
https://t.me/s/DeltaKroneckerGithub_Clash_4875,0,0,0
https://t.me/s/DeltaKroneckerGithub_Clash_4877,0,0,0
https://t.me/s/DeltaKroneckerGithub_Clash_4881,0,0,0
https://t.me/s/DeltaKroneckerGithub_Clash_4883,0,0,0
https://t.me/s/DeltaKroneckerGithub_Clash_4885,0,0,0
https://t.me/s/DeltaKroneckerGithub_Clash_4887,0,0,0
https://t.me/s/DeltaKroneckerGithub_Clash_4889,0,0,0
https://t.me/s/DeltaKroneckerGithub_Clash_489,0,0,0
https://t.me/s/DeltaKroneckerGithub_Clash_4891,0,0,0
https://t.me/s/DeltaKroneckerGithub_Clash_4893,0,0,0
https://t.me/s/DeltaKroneckerGithub_Clash_4895,0,0,0
https://t.me/s/DeltaKroneckerGithub_Clash_4897,0,0,0
https://t.me/s/DeltaKroneckerGithub_Clash_4899,0,0,0
https://t.me/s/DeltaKroneckerGithub_Clash_49,0,0,0
https://t.me/s/DeltaKroneckerGithub_Clash_4905,0,0,0
https://t.me/s/DeltaKroneckerGithub_Clash_4907,0,0,0
https://t.me/s/DeltaKroneckerGithub_Clash_4909,0,0,0
https://t.me/s/DeltaKroneckerGithub_Clash_4913,0,0,0
https://t.me/s/DeltaKroneckerGithub_Clash_4915,0,0,0
https://t.me/s/DeltaKroneckerGithub_Clash_4917,0,0,0
https://t.me/s/DeltaKroneckerGithub_Clash_4919,0,0,0
https://t.me/s/DeltaKroneckerGithub_Clash_4927,0,0,0
https://t.me/s/DeltaKroneckerGithub_Clash_4929,0,0,0
https://t.me/s/DeltaKroneckerGithub_Clash_493,0,0,0
https://t.me/s/DeltaKroneckerGithub_Clash_4931,0,0,0
https://t.me/s/DeltaKroneckerGithub_Clash_4933,0,0,0
https://t.me/s/DeltaKroneckerGithub_Clash_4937,0,0,0
https://t.me/s/DeltaKroneckerGithub_Clash_4941,0,0,0
https://t.me/s/DeltaKroneckerGithub_Clash_4943,0,0,0
https://t.me/s/DeltaKroneckerGithub_Clash_4945,0,0,0
https://t.me/s/DeltaKroneckerGithub_Clash_4947,0,0,0
https://t.me/s/DeltaKroneckerGithub_Clash_4949,0,0,0
https://t.me/s/DeltaKroneckerGithub_Clash_495,0,0,0
https://t.me/s/DeltaKroneckerGithub_Clash_4953,0,0,0
https://t.me/s/DeltaKroneckerGithub_Clash_4955,0,0,0
https://t.me/s/DeltaKroneckerGithub_Clash_4959,0,0,0
https://t.me/s/DeltaKroneckerGithub_Clash_4965,0,0,0
https://t.me/s/DeltaKroneckerGithub_Clash_4967,0,0,0
https://t.me/s/DeltaKroneckerGithub_Clash_4969,0,0,0
https://t.me/s/DeltaKroneckerGithub_Clash_497,0,0,0
https://t.me/s/DeltaKroneckerGithub_Clash_4975,0,0,0
https://t.me/s/DeltaKroneckerGithub_Clash_4977,0,0,0
https://t.me/s/DeltaKroneckerGithub_Clash_4979,0,0,0
https://t.me/s/DeltaKroneckerGithub_Clash_499,0,0,0
https://t.me/s/DeltaKroneckerGithub_Clash_4993,0,0,0
https://t.me/s/DeltaKroneckerGithub_Clash_4995,0,0,0
https://t.me/s/DeltaKroneckerGithub_Clash_4997,0,0,0
https://t.me/s/DeltaKroneckerGithub_Clash_5,0,0,0
https://t.me/s/DeltaKroneckerGithub_Clash_501,0,0,0
https://t.me/s/DeltaKroneckerGithub_Clash_5011,0,0,0
https://t.me/s/DeltaKroneckerGithub_Clash_5013,0,0,0
https://t.me/s/DeltaKroneckerGithub_Clash_5015,0,0,0
https://t.me/s/DeltaKroneckerGithub_Clash_5017,0,0,0
https://t.me/s/DeltaKroneckerGithub_Clash_5019,0,0,0
https://t.me/s/DeltaKroneckerGithub_Clash_5021,0,0,0
https://t.me/s/DeltaKroneckerGithub_Clash_5023,0,0,0
https://t.me/s/DeltaKroneckerGithub_Clash_5027,0,0,0
https://t.me/s/DeltaKroneckerGithub_Clash_503,0,0,0
https://t.me/s/DeltaKroneckerGithub_Clash_5035,0,0,0
https://t.me/s/DeltaKroneckerGithub_Clash_5041,0,0,0
https://t.me/s/DeltaKroneckerGithub_Clash_5047,0,0,0
https://t.me/s/DeltaKroneckerGithub_Clash_5049,0,0,0
https://t.me/s/DeltaKroneckerGithub_Clash_505,0,0,0
https://t.me/s/DeltaKroneckerGithub_Clash_5053,0,0,0
https://t.me/s/DeltaKroneckerGithub_Clash_5055,0,0,0
https://t.me/s/DeltaKroneckerGithub_Clash_5061,0,0,0
https://t.me/s/DeltaKroneckerGithub_Clash_5063,0,0,0
https://t.me/s/DeltaKroneckerGithub_Clash_5065,0,0,0
https://t.me/s/DeltaKroneckerGithub_Clash_507,0,0,0
https://t.me/s/DeltaKroneckerGithub_Clash_5071,0,0,0
https://t.me/s/DeltaKroneckerGithub_Clash_5073,0,0,0
https://t.me/s/DeltaKroneckerGithub_Clash_5077,0,0,0
https://t.me/s/DeltaKroneckerGithub_Clash_5079,0,0,0
https://t.me/s/DeltaKroneckerGithub_Clash_5081,0,0,0
https://t.me/s/DeltaKroneckerGithub_Clash_5087,0,0,0
https://t.me/s/DeltaKroneckerGithub_Clash_509,0,0,0
https://t.me/s/DeltaKroneckerGithub_Clash_5097,0,0,0
https://t.me/s/DeltaKroneckerGithub_Clash_5099,0,0,0
https://t.me/s/DeltaKroneckerGithub_Clash_51,0,0,0
https://t.me/s/DeltaKroneckerGithub_Clash_5101,0,0,0
https://t.me/s/DeltaKroneckerGithub_Clash_511,0,0,0
https://t.me/s/DeltaKroneckerGithub_Clash_5111,0,0,0
https://t.me/s/DeltaKroneckerGithub_Clash_5113,0,0,0
https://t.me/s/DeltaKroneckerGithub_Clash_5127,0,0,0
https://t.me/s/DeltaKroneckerGithub_Clash_5129,0,0,0
https://t.me/s/DeltaKroneckerGithub_Clash_513,0,0,0
https://t.me/s/DeltaKroneckerGithub_Clash_5133,0,0,0
https://t.me/s/DeltaKroneckerGithub_Clash_5137,0,0,0
https://t.me/s/DeltaKroneckerGithub_Clash_5139,0,0,0
https://t.me/s/DeltaKroneckerGithub_Clash_5147,0,0,0
https://t.me/s/DeltaKroneckerGithub_Clash_5149,0,0,0
https://t.me/s/DeltaKroneckerGithub_Clash_515,0,0,0
https://t.me/s/DeltaKroneckerGithub_Clash_5157,0,0,0
https://t.me/s/DeltaKroneckerGithub_Clash_5167,0,0,0
https://t.me/s/DeltaKroneckerGithub_Clash_517,0,0,0
https://t.me/s/DeltaKroneckerGithub_Clash_5171,0,0,0
https://t.me/s/DeltaKroneckerGithub_Clash_5175,0,0,0
https://t.me/s/DeltaKroneckerGithub_Clash_5179,0,0,0
https://t.me/s/DeltaKroneckerGithub_Clash_5181,0,0,0
https://t.me/s/DeltaKroneckerGithub_Clash_5183,0,0,0
https://t.me/s/DeltaKroneckerGithub_Clash_5185,0,0,0
https://t.me/s/DeltaKroneckerGithub_Clash_5187,0,0,0
https://t.me/s/DeltaKroneckerGithub_Clash_5189,0,0,0
https://t.me/s/DeltaKroneckerGithub_Clash_519,0,0,0
https://t.me/s/DeltaKroneckerGithub_Clash_5191,0,0,0
https://t.me/s/DeltaKroneckerGithub_Clash_5193,0,0,0
https://t.me/s/DeltaKroneckerGithub_Clash_5195,0,0,0
https://t.me/s/DeltaKroneckerGithub_Clash_5197,0,0,0
https://t.me/s/DeltaKroneckerGithub_Clash_5199,0,0,0
https://t.me/s/DeltaKroneckerGithub_Clash_5201,0,0,0
https://t.me/s/DeltaKroneckerGithub_Clash_5203,0,0,0
https://t.me/s/DeltaKroneckerGithub_Clash_5205,0,0,0
https://t.me/s/DeltaKroneckerGithub_Clash_5207,0,0,0
https://t.me/s/DeltaKroneckerGithub_Clash_5209,0,0,0
https://t.me/s/DeltaKroneckerGithub_Clash_521,0,0,0
https://t.me/s/DeltaKroneckerGithub_Clash_5211,0,0,0
https://t.me/s/DeltaKroneckerGithub_Clash_5213,0,0,0
https://t.me/s/DeltaKroneckerGithub_Clash_5215,0,0,0
https://t.me/s/DeltaKroneckerGithub_Clash_5217,0,0,0
https://t.me/s/DeltaKroneckerGithub_Clash_5219,0,0,0
https://t.me/s/DeltaKroneckerGithub_Clash_5221,0,0,0
https://t.me/s/DeltaKroneckerGithub_Clash_5223,0,0,0
https://t.me/s/DeltaKroneckerGithub_Clash_5225,0,0,0
https://t.me/s/DeltaKroneckerGithub_Clash_5227,0,0,0
https://t.me/s/DeltaKroneckerGithub_Clash_5229,0,0,0
https://t.me/s/DeltaKroneckerGithub_Clash_523,0,0,0
https://t.me/s/DeltaKroneckerGithub_Clash_5231,0,0,0
https://t.me/s/DeltaKroneckerGithub_Clash_5233,0,0,0
https://t.me/s/DeltaKroneckerGithub_Clash_5235,0,0,0
https://t.me/s/DeltaKroneckerGithub_Clash_5237,0,0,0
https://t.me/s/DeltaKroneckerGithub_Clash_5239,0,0,0
https://t.me/s/DeltaKroneckerGithub_Clash_5241,0,0,0
https://t.me/s/DeltaKroneckerGithub_Clash_5243,0,0,0
https://t.me/s/DeltaKroneckerGithub_Clash_5245,0,0,0
https://t.me/s/DeltaKroneckerGithub_Clash_5247,0,0,0
https://t.me/s/DeltaKroneckerGithub_Clash_5249,0,0,0
https://t.me/s/DeltaKroneckerGithub_Clash_525,0,0,0
https://t.me/s/DeltaKroneckerGithub_Clash_5251,0,0,0
https://t.me/s/DeltaKroneckerGithub_Clash_5253,0,0,0
https://t.me/s/DeltaKroneckerGithub_Clash_5255,0,0,0
https://t.me/s/DeltaKroneckerGithub_Clash_5257,0,0,0
https://t.me/s/DeltaKroneckerGithub_Clash_5259,0,0,0
https://t.me/s/DeltaKroneckerGithub_Clash_5261,0,0,0
https://t.me/s/DeltaKroneckerGithub_Clash_5263,0,0,0
https://t.me/s/DeltaKroneckerGithub_Clash_5265,0,0,0
https://t.me/s/DeltaKroneckerGithub_Clash_5267,0,0,0
https://t.me/s/DeltaKroneckerGithub_Clash_5269,0,0,0
https://t.me/s/DeltaKroneckerGithub_Clash_5271,0,0,0
https://t.me/s/DeltaKroneckerGithub_Clash_5273,0,0,0
https://t.me/s/DeltaKroneckerGithub_Clash_5275,0,0,0
https://t.me/s/DeltaKroneckerGithub_Clash_5277,0,0,0
https://t.me/s/DeltaKroneckerGithub_Clash_5279,0,0,0
https://t.me/s/DeltaKroneckerGithub_Clash_5281,0,0,0
https://t.me/s/DeltaKroneckerGithub_Clash_5283,0,0,0
https://t.me/s/DeltaKroneckerGithub_Clash_5285,0,0,0
https://t.me/s/DeltaKroneckerGithub_Clash_5287,0,0,0
https://t.me/s/DeltaKroneckerGithub_Clash_5289,0,0,0
https://t.me/s/DeltaKroneckerGithub_Clash_529,0,0,0
https://t.me/s/DeltaKroneckerGithub_Clash_5291,0,0,0
https://t.me/s/DeltaKroneckerGithub_Clash_5293,0,0,0
https://t.me/s/DeltaKroneckerGithub_Clash_5295,0,0,0
https://t.me/s/DeltaKroneckerGithub_Clash_5297,0,0,0
https://t.me/s/DeltaKroneckerGithub_Clash_5299,0,0,0
https://t.me/s/DeltaKroneckerGithub_Clash_53,0,0,0
https://t.me/s/DeltaKroneckerGithub_Clash_5301,0,0,0
https://t.me/s/DeltaKroneckerGithub_Clash_5303,0,0,0
https://t.me/s/DeltaKroneckerGithub_Clash_5305,0,0,0
https://t.me/s/DeltaKroneckerGithub_Clash_5307,0,0,0
https://t.me/s/DeltaKroneckerGithub_Clash_5309,0,0,0
https://t.me/s/DeltaKroneckerGithub_Clash_531,0,0,0
https://t.me/s/DeltaKroneckerGithub_Clash_5311,0,0,0
https://t.me/s/DeltaKroneckerGithub_Clash_5313,0,0,0
https://t.me/s/DeltaKroneckerGithub_Clash_5315,0,0,0
https://t.me/s/DeltaKroneckerGithub_Clash_5317,0,0,0
https://t.me/s/DeltaKroneckerGithub_Clash_5319,0,0,0
https://t.me/s/DeltaKroneckerGithub_Clash_5321,0,0,0
https://t.me/s/DeltaKroneckerGithub_Clash_5323,0,0,0
https://t.me/s/DeltaKroneckerGithub_Clash_5325,0,0,0
https://t.me/s/DeltaKroneckerGithub_Clash_5327,0,0,0
https://t.me/s/DeltaKroneckerGithub_Clash_5329,0,0,0
https://t.me/s/DeltaKroneckerGithub_Clash_5331,0,0,0
https://t.me/s/DeltaKroneckerGithub_Clash_5333,0,0,0
https://t.me/s/DeltaKroneckerGithub_Clash_5335,0,0,0
https://t.me/s/DeltaKroneckerGithub_Clash_5337,0,0,0
https://t.me/s/DeltaKroneckerGithub_Clash_5339,0,0,0
https://t.me/s/DeltaKroneckerGithub_Clash_5341,0,0,0
https://t.me/s/DeltaKroneckerGithub_Clash_5343,0,0,0
https://t.me/s/DeltaKroneckerGithub_Clash_5345,0,0,0
https://t.me/s/DeltaKroneckerGithub_Clash_5347,0,0,0
https://t.me/s/DeltaKroneckerGithub_Clash_5349,0,0,0
https://t.me/s/DeltaKroneckerGithub_Clash_535,0,0,0
https://t.me/s/DeltaKroneckerGithub_Clash_5351,0,0,0
https://t.me/s/DeltaKroneckerGithub_Clash_5353,0,0,0
https://t.me/s/DeltaKroneckerGithub_Clash_5355,0,0,0
https://t.me/s/DeltaKroneckerGithub_Clash_5357,0,0,0
https://t.me/s/DeltaKroneckerGithub_Clash_5359,0,0,0
https://t.me/s/DeltaKroneckerGithub_Clash_5361,0,0,0
https://t.me/s/DeltaKroneckerGithub_Clash_5363,0,0,0
https://t.me/s/DeltaKroneckerGithub_Clash_5365,0,0,0
https://t.me/s/DeltaKroneckerGithub_Clash_5367,0,0,0
https://t.me/s/DeltaKroneckerGithub_Clash_5369,0,0,0
https://t.me/s/DeltaKroneckerGithub_Clash_537,0,0,0
https://t.me/s/DeltaKroneckerGithub_Clash_5371,0,0,0
https://t.me/s/DeltaKroneckerGithub_Clash_5373,0,0,0
https://t.me/s/DeltaKroneckerGithub_Clash_5375,0,0,0
https://t.me/s/DeltaKroneckerGithub_Clash_5377,0,0,0
https://t.me/s/DeltaKroneckerGithub_Clash_5379,0,0,0
https://t.me/s/DeltaKroneckerGithub_Clash_5381,0,0,0
https://t.me/s/DeltaKroneckerGithub_Clash_5383,0,0,0
https://t.me/s/DeltaKroneckerGithub_Clash_5385,0,0,0
https://t.me/s/DeltaKroneckerGithub_Clash_5387,0,0,0
https://t.me/s/DeltaKroneckerGithub_Clash_5389,0,0,0
https://t.me/s/DeltaKroneckerGithub_Clash_539,0,0,0
https://t.me/s/DeltaKroneckerGithub_Clash_5391,0,0,0
https://t.me/s/DeltaKroneckerGithub_Clash_5393,0,0,0
https://t.me/s/DeltaKroneckerGithub_Clash_5395,0,0,0
https://t.me/s/DeltaKroneckerGithub_Clash_5397,0,0,0
https://t.me/s/DeltaKroneckerGithub_Clash_5399,0,0,0
https://t.me/s/DeltaKroneckerGithub_Clash_5401,0,0,0
https://t.me/s/DeltaKroneckerGithub_Clash_5403,0,0,0
https://t.me/s/DeltaKroneckerGithub_Clash_5405,0,0,0
https://t.me/s/DeltaKroneckerGithub_Clash_5407,0,0,0
https://t.me/s/DeltaKroneckerGithub_Clash_5409,0,0,0
https://t.me/s/DeltaKroneckerGithub_Clash_541,0,0,0
https://t.me/s/DeltaKroneckerGithub_Clash_5411,0,0,0
https://t.me/s/DeltaKroneckerGithub_Clash_5413,0,0,0
https://t.me/s/DeltaKroneckerGithub_Clash_5415,0,0,0
https://t.me/s/DeltaKroneckerGithub_Clash_5417,0,0,0
https://t.me/s/DeltaKroneckerGithub_Clash_5419,0,0,0
https://t.me/s/DeltaKroneckerGithub_Clash_5421,0,0,0
https://t.me/s/DeltaKroneckerGithub_Clash_5423,0,0,0
https://t.me/s/DeltaKroneckerGithub_Clash_5425,0,0,0
https://t.me/s/DeltaKroneckerGithub_Clash_5427,0,0,0
https://t.me/s/DeltaKroneckerGithub_Clash_5429,0,0,0
https://t.me/s/DeltaKroneckerGithub_Clash_543,0,0,0
https://t.me/s/DeltaKroneckerGithub_Clash_5431,0,0,0
https://t.me/s/DeltaKroneckerGithub_Clash_5433,0,0,0
https://t.me/s/DeltaKroneckerGithub_Clash_5435,0,0,0
https://t.me/s/DeltaKroneckerGithub_Clash_5437,0,0,0
https://t.me/s/DeltaKroneckerGithub_Clash_5439,0,0,0
https://t.me/s/DeltaKroneckerGithub_Clash_5441,0,0,0
https://t.me/s/DeltaKroneckerGithub_Clash_5443,0,0,0
https://t.me/s/DeltaKroneckerGithub_Clash_5445,0,0,0
https://t.me/s/DeltaKroneckerGithub_Clash_5447,0,0,0
https://t.me/s/DeltaKroneckerGithub_Clash_5449,0,0,0
https://t.me/s/DeltaKroneckerGithub_Clash_545,0,0,0
https://t.me/s/DeltaKroneckerGithub_Clash_5451,0,0,0
https://t.me/s/DeltaKroneckerGithub_Clash_5453,0,0,0
https://t.me/s/DeltaKroneckerGithub_Clash_5455,0,0,0
https://t.me/s/DeltaKroneckerGithub_Clash_5457,0,0,0
https://t.me/s/DeltaKroneckerGithub_Clash_5459,0,0,0
https://t.me/s/DeltaKroneckerGithub_Clash_5461,0,0,0
https://t.me/s/DeltaKroneckerGithub_Clash_5463,0,0,0
https://t.me/s/DeltaKroneckerGithub_Clash_5465,0,0,0
https://t.me/s/DeltaKroneckerGithub_Clash_5467,0,0,0
https://t.me/s/DeltaKroneckerGithub_Clash_5469,0,0,0
https://t.me/s/DeltaKroneckerGithub_Clash_547,0,0,0
https://t.me/s/DeltaKroneckerGithub_Clash_5471,0,0,0
https://t.me/s/DeltaKroneckerGithub_Clash_5473,0,0,0
https://t.me/s/DeltaKroneckerGithub_Clash_5475,0,0,0
https://t.me/s/DeltaKroneckerGithub_Clash_5477,0,0,0
https://t.me/s/DeltaKroneckerGithub_Clash_5479,0,0,0
https://t.me/s/DeltaKroneckerGithub_Clash_5481,0,0,0
https://t.me/s/DeltaKroneckerGithub_Clash_5483,0,0,0
https://t.me/s/DeltaKroneckerGithub_Clash_5485,0,0,0
https://t.me/s/DeltaKroneckerGithub_Clash_5487,0,0,0
https://t.me/s/DeltaKroneckerGithub_Clash_5489,0,0,0
https://t.me/s/DeltaKroneckerGithub_Clash_549,0,0,0
https://t.me/s/DeltaKroneckerGithub_Clash_5491,0,0,0
https://t.me/s/DeltaKroneckerGithub_Clash_5493,0,0,0
https://t.me/s/DeltaKroneckerGithub_Clash_5495,0,0,0
https://t.me/s/DeltaKroneckerGithub_Clash_5497,0,0,0
https://t.me/s/DeltaKroneckerGithub_Clash_5499,0,0,0
https://t.me/s/DeltaKroneckerGithub_Clash_55,0,0,0
https://t.me/s/DeltaKroneckerGithub_Clash_5501,0,0,0
https://t.me/s/DeltaKroneckerGithub_Clash_5503,0,0,0
https://t.me/s/DeltaKroneckerGithub_Clash_5505,0,0,0
https://t.me/s/DeltaKroneckerGithub_Clash_5507,0,0,0
https://t.me/s/DeltaKroneckerGithub_Clash_5509,0,0,0
https://t.me/s/DeltaKroneckerGithub_Clash_551,0,0,0
https://t.me/s/DeltaKroneckerGithub_Clash_5511,0,0,0
https://t.me/s/DeltaKroneckerGithub_Clash_5513,0,0,0
https://t.me/s/DeltaKroneckerGithub_Clash_5515,0,0,0
https://t.me/s/DeltaKroneckerGithub_Clash_5517,0,0,0
https://t.me/s/DeltaKroneckerGithub_Clash_5519,0,0,0
https://t.me/s/DeltaKroneckerGithub_Clash_5521,0,0,0
https://t.me/s/DeltaKroneckerGithub_Clash_5523,0,0,0
https://t.me/s/DeltaKroneckerGithub_Clash_5525,0,0,0
https://t.me/s/DeltaKroneckerGithub_Clash_5527,0,0,0
https://t.me/s/DeltaKroneckerGithub_Clash_5529,0,0,0
https://t.me/s/DeltaKroneckerGithub_Clash_553,0,0,0
https://t.me/s/DeltaKroneckerGithub_Clash_5531,0,0,0
https://t.me/s/DeltaKroneckerGithub_Clash_5533,0,0,0
https://t.me/s/DeltaKroneckerGithub_Clash_5535,0,0,0
https://t.me/s/DeltaKroneckerGithub_Clash_5537,0,0,0
https://t.me/s/DeltaKroneckerGithub_Clash_5539,0,0,0
https://t.me/s/DeltaKroneckerGithub_Clash_5541,0,0,0
https://t.me/s/DeltaKroneckerGithub_Clash_5543,0,0,0
https://t.me/s/DeltaKroneckerGithub_Clash_5545,0,0,0
https://t.me/s/DeltaKroneckerGithub_Clash_5547,0,0,0
https://t.me/s/DeltaKroneckerGithub_Clash_5549,0,0,0
https://t.me/s/DeltaKroneckerGithub_Clash_555,0,0,0
https://t.me/s/DeltaKroneckerGithub_Clash_5551,0,0,0
https://t.me/s/DeltaKroneckerGithub_Clash_5553,0,0,0
https://t.me/s/DeltaKroneckerGithub_Clash_5555,0,0,0
https://t.me/s/DeltaKroneckerGithub_Clash_5557,0,0,0
https://t.me/s/DeltaKroneckerGithub_Clash_5559,0,0,0
https://t.me/s/DeltaKroneckerGithub_Clash_5561,0,0,0
https://t.me/s/DeltaKroneckerGithub_Clash_5563,0,0,0
https://t.me/s/DeltaKroneckerGithub_Clash_5565,0,0,0
https://t.me/s/DeltaKroneckerGithub_Clash_5567,0,0,0
https://t.me/s/DeltaKroneckerGithub_Clash_5569,0,0,0
https://t.me/s/DeltaKroneckerGithub_Clash_557,0,0,0
https://t.me/s/DeltaKroneckerGithub_Clash_5571,0,0,0
https://t.me/s/DeltaKroneckerGithub_Clash_5573,0,0,0
https://t.me/s/DeltaKroneckerGithub_Clash_5575,0,0,0
https://t.me/s/DeltaKroneckerGithub_Clash_5577,0,0,0
https://t.me/s/DeltaKroneckerGithub_Clash_5579,0,0,0
https://t.me/s/DeltaKroneckerGithub_Clash_5581,0,0,0
https://t.me/s/DeltaKroneckerGithub_Clash_5583,0,0,0
https://t.me/s/DeltaKroneckerGithub_Clash_5585,0,0,0
https://t.me/s/DeltaKroneckerGithub_Clash_5587,0,0,0
https://t.me/s/DeltaKroneckerGithub_Clash_5589,0,0,0
https://t.me/s/DeltaKroneckerGithub_Clash_559,0,0,0
https://t.me/s/DeltaKroneckerGithub_Clash_5591,0,0,0
https://t.me/s/DeltaKroneckerGithub_Clash_5593,0,0,0
https://t.me/s/DeltaKroneckerGithub_Clash_5595,0,0,0
https://t.me/s/DeltaKroneckerGithub_Clash_5597,0,0,0
https://t.me/s/DeltaKroneckerGithub_Clash_5599,0,0,0
https://t.me/s/DeltaKroneckerGithub_Clash_5601,0,0,0
https://t.me/s/DeltaKroneckerGithub_Clash_5603,0,0,0
https://t.me/s/DeltaKroneckerGithub_Clash_5605,0,0,0
https://t.me/s/DeltaKroneckerGithub_Clash_5607,0,0,0
https://t.me/s/DeltaKroneckerGithub_Clash_5609,0,0,0
https://t.me/s/DeltaKroneckerGithub_Clash_5611,0,0,0
https://t.me/s/DeltaKroneckerGithub_Clash_5613,0,0,0
https://t.me/s/DeltaKroneckerGithub_Clash_5615,0,0,0
https://t.me/s/DeltaKroneckerGithub_Clash_5617,0,0,0
https://t.me/s/DeltaKroneckerGithub_Clash_5619,0,0,0
https://t.me/s/DeltaKroneckerGithub_Clash_5621,0,0,0
https://t.me/s/DeltaKroneckerGithub_Clash_5623,0,0,0
https://t.me/s/DeltaKroneckerGithub_Clash_5625,0,0,0
https://t.me/s/DeltaKroneckerGithub_Clash_5627,0,0,0
https://t.me/s/DeltaKroneckerGithub_Clash_5629,0,0,0
https://t.me/s/DeltaKroneckerGithub_Clash_563,0,0,0
https://t.me/s/DeltaKroneckerGithub_Clash_5631,0,0,0
https://t.me/s/DeltaKroneckerGithub_Clash_5633,0,0,0
https://t.me/s/DeltaKroneckerGithub_Clash_5635,0,0,0
https://t.me/s/DeltaKroneckerGithub_Clash_5637,0,0,0
https://t.me/s/DeltaKroneckerGithub_Clash_5639,0,0,0
https://t.me/s/DeltaKroneckerGithub_Clash_5641,0,0,0
https://t.me/s/DeltaKroneckerGithub_Clash_5643,0,0,0
https://t.me/s/DeltaKroneckerGithub_Clash_5645,0,0,0
https://t.me/s/DeltaKroneckerGithub_Clash_5647,0,0,0
https://t.me/s/DeltaKroneckerGithub_Clash_5649,0,0,0
https://t.me/s/DeltaKroneckerGithub_Clash_565,0,0,0
https://t.me/s/DeltaKroneckerGithub_Clash_5651,0,0,0
https://t.me/s/DeltaKroneckerGithub_Clash_5653,0,0,0
https://t.me/s/DeltaKroneckerGithub_Clash_5655,0,0,0
https://t.me/s/DeltaKroneckerGithub_Clash_5657,0,0,0
https://t.me/s/DeltaKroneckerGithub_Clash_5659,0,0,0
https://t.me/s/DeltaKroneckerGithub_Clash_5661,0,0,0
https://t.me/s/DeltaKroneckerGithub_Clash_5663,0,0,0
https://t.me/s/DeltaKroneckerGithub_Clash_5665,0,0,0
https://t.me/s/DeltaKroneckerGithub_Clash_5667,0,0,0
https://t.me/s/DeltaKroneckerGithub_Clash_5669,0,0,0
https://t.me/s/DeltaKroneckerGithub_Clash_567,0,0,0
https://t.me/s/DeltaKroneckerGithub_Clash_5671,0,0,0
https://t.me/s/DeltaKroneckerGithub_Clash_5673,0,0,0
https://t.me/s/DeltaKroneckerGithub_Clash_5675,0,0,0
https://t.me/s/DeltaKroneckerGithub_Clash_5677,0,0,0
https://t.me/s/DeltaKroneckerGithub_Clash_5679,0,0,0
https://t.me/s/DeltaKroneckerGithub_Clash_5681,0,0,0
https://t.me/s/DeltaKroneckerGithub_Clash_5683,0,0,0
https://t.me/s/DeltaKroneckerGithub_Clash_5685,0,0,0
https://t.me/s/DeltaKroneckerGithub_Clash_5687,0,0,0
https://t.me/s/DeltaKroneckerGithub_Clash_5689,0,0,0
https://t.me/s/DeltaKroneckerGithub_Clash_569,0,0,0
https://t.me/s/DeltaKroneckerGithub_Clash_5691,0,0,0
https://t.me/s/DeltaKroneckerGithub_Clash_5693,0,0,0
https://t.me/s/DeltaKroneckerGithub_Clash_5695,0,0,0
https://t.me/s/DeltaKroneckerGithub_Clash_5697,0,0,0
https://t.me/s/DeltaKroneckerGithub_Clash_5699,0,0,0
https://t.me/s/DeltaKroneckerGithub_Clash_57,0,0,0
https://t.me/s/DeltaKroneckerGithub_Clash_5701,0,0,0
https://t.me/s/DeltaKroneckerGithub_Clash_5703,0,0,0
https://t.me/s/DeltaKroneckerGithub_Clash_5705,0,0,0
https://t.me/s/DeltaKroneckerGithub_Clash_5707,0,0,0
https://t.me/s/DeltaKroneckerGithub_Clash_5709,0,0,0
https://t.me/s/DeltaKroneckerGithub_Clash_571,0,0,0
https://t.me/s/DeltaKroneckerGithub_Clash_5711,0,0,0
https://t.me/s/DeltaKroneckerGithub_Clash_5713,0,0,0
https://t.me/s/DeltaKroneckerGithub_Clash_5715,0,0,0
https://t.me/s/DeltaKroneckerGithub_Clash_5717,0,0,0
https://t.me/s/DeltaKroneckerGithub_Clash_5719,0,0,0
https://t.me/s/DeltaKroneckerGithub_Clash_5721,0,0,0
https://t.me/s/DeltaKroneckerGithub_Clash_5723,0,0,0
https://t.me/s/DeltaKroneckerGithub_Clash_5725,0,0,0
https://t.me/s/DeltaKroneckerGithub_Clash_5727,0,0,0
https://t.me/s/DeltaKroneckerGithub_Clash_5729,0,0,0
https://t.me/s/DeltaKroneckerGithub_Clash_5731,0,0,0
https://t.me/s/DeltaKroneckerGithub_Clash_5733,0,0,0
https://t.me/s/DeltaKroneckerGithub_Clash_5735,0,0,0
https://t.me/s/DeltaKroneckerGithub_Clash_5737,0,0,0
https://t.me/s/DeltaKroneckerGithub_Clash_5739,0,0,0
https://t.me/s/DeltaKroneckerGithub_Clash_5741,0,0,0
https://t.me/s/DeltaKroneckerGithub_Clash_5743,0,0,0
https://t.me/s/DeltaKroneckerGithub_Clash_5745,0,0,0
https://t.me/s/DeltaKroneckerGithub_Clash_5747,0,0,0
https://t.me/s/DeltaKroneckerGithub_Clash_5749,0,0,0
https://t.me/s/DeltaKroneckerGithub_Clash_575,0,0,0
https://t.me/s/DeltaKroneckerGithub_Clash_5751,0,0,0
https://t.me/s/DeltaKroneckerGithub_Clash_5753,0,0,0
https://t.me/s/DeltaKroneckerGithub_Clash_5755,0,0,0
https://t.me/s/DeltaKroneckerGithub_Clash_5757,0,0,0
https://t.me/s/DeltaKroneckerGithub_Clash_5759,0,0,0
https://t.me/s/DeltaKroneckerGithub_Clash_5761,0,0,0
https://t.me/s/DeltaKroneckerGithub_Clash_5763,0,0,0
https://t.me/s/DeltaKroneckerGithub_Clash_5765,0,0,0
https://t.me/s/DeltaKroneckerGithub_Clash_5767,0,0,0
https://t.me/s/DeltaKroneckerGithub_Clash_5769,0,0,0
https://t.me/s/DeltaKroneckerGithub_Clash_5771,0,0,0
https://t.me/s/DeltaKroneckerGithub_Clash_5773,0,0,0
https://t.me/s/DeltaKroneckerGithub_Clash_5775,0,0,0
https://t.me/s/DeltaKroneckerGithub_Clash_5777,0,0,0
https://t.me/s/DeltaKroneckerGithub_Clash_5779,0,0,0
https://t.me/s/DeltaKroneckerGithub_Clash_5781,0,0,0
https://t.me/s/DeltaKroneckerGithub_Clash_5783,0,0,0
https://t.me/s/DeltaKroneckerGithub_Clash_5785,0,0,0
https://t.me/s/DeltaKroneckerGithub_Clash_5787,0,0,0
https://t.me/s/DeltaKroneckerGithub_Clash_5789,0,0,0
https://t.me/s/DeltaKroneckerGithub_Clash_579,0,0,0
https://t.me/s/DeltaKroneckerGithub_Clash_5791,0,0,0
https://t.me/s/DeltaKroneckerGithub_Clash_5793,0,0,0
https://t.me/s/DeltaKroneckerGithub_Clash_5795,0,0,0
https://t.me/s/DeltaKroneckerGithub_Clash_5797,0,0,0
https://t.me/s/DeltaKroneckerGithub_Clash_5799,0,0,0
https://t.me/s/DeltaKroneckerGithub_Clash_5801,0,0,0
https://t.me/s/DeltaKroneckerGithub_Clash_5803,0,0,0
https://t.me/s/DeltaKroneckerGithub_Clash_5805,0,0,0
https://t.me/s/DeltaKroneckerGithub_Clash_5807,0,0,0
https://t.me/s/DeltaKroneckerGithub_Clash_5809,0,0,0
https://t.me/s/DeltaKroneckerGithub_Clash_581,0,0,0
https://t.me/s/DeltaKroneckerGithub_Clash_5811,0,0,0
https://t.me/s/DeltaKroneckerGithub_Clash_5813,0,0,0
https://t.me/s/DeltaKroneckerGithub_Clash_5815,0,0,0
https://t.me/s/DeltaKroneckerGithub_Clash_5817,0,0,0
https://t.me/s/DeltaKroneckerGithub_Clash_5819,0,0,0
https://t.me/s/DeltaKroneckerGithub_Clash_5821,0,0,0
https://t.me/s/DeltaKroneckerGithub_Clash_5823,0,0,0
https://t.me/s/DeltaKroneckerGithub_Clash_5825,0,0,0
https://t.me/s/DeltaKroneckerGithub_Clash_5827,0,0,0
https://t.me/s/DeltaKroneckerGithub_Clash_5829,0,0,0
https://t.me/s/DeltaKroneckerGithub_Clash_583,0,0,0
https://t.me/s/DeltaKroneckerGithub_Clash_5831,0,0,0
https://t.me/s/DeltaKroneckerGithub_Clash_5833,0,0,0
https://t.me/s/DeltaKroneckerGithub_Clash_5835,0,0,0
https://t.me/s/DeltaKroneckerGithub_Clash_5837,0,0,0
https://t.me/s/DeltaKroneckerGithub_Clash_5839,0,0,0
https://t.me/s/DeltaKroneckerGithub_Clash_5841,0,0,0
https://t.me/s/DeltaKroneckerGithub_Clash_5843,0,0,0
https://t.me/s/DeltaKroneckerGithub_Clash_5845,0,0,0
https://t.me/s/DeltaKroneckerGithub_Clash_5847,0,0,0
https://t.me/s/DeltaKroneckerGithub_Clash_5849,0,0,0
https://t.me/s/DeltaKroneckerGithub_Clash_585,0,0,0
https://t.me/s/DeltaKroneckerGithub_Clash_5851,0,0,0
https://t.me/s/DeltaKroneckerGithub_Clash_5853,0,0,0
https://t.me/s/DeltaKroneckerGithub_Clash_5855,0,0,0
https://t.me/s/DeltaKroneckerGithub_Clash_5857,0,0,0
https://t.me/s/DeltaKroneckerGithub_Clash_5859,0,0,0
https://t.me/s/DeltaKroneckerGithub_Clash_5861,0,0,0
https://t.me/s/DeltaKroneckerGithub_Clash_5863,0,0,0
https://t.me/s/DeltaKroneckerGithub_Clash_5865,0,0,0
https://t.me/s/DeltaKroneckerGithub_Clash_5867,0,0,0
https://t.me/s/DeltaKroneckerGithub_Clash_5869,0,0,0
https://t.me/s/DeltaKroneckerGithub_Clash_587,0,0,0
https://t.me/s/DeltaKroneckerGithub_Clash_5871,0,0,0
https://t.me/s/DeltaKroneckerGithub_Clash_5873,0,0,0
https://t.me/s/DeltaKroneckerGithub_Clash_5875,0,0,0
https://t.me/s/DeltaKroneckerGithub_Clash_5877,0,0,0
https://t.me/s/DeltaKroneckerGithub_Clash_5879,0,0,0
https://t.me/s/DeltaKroneckerGithub_Clash_5881,0,0,0
https://t.me/s/DeltaKroneckerGithub_Clash_5883,0,0,0
https://t.me/s/DeltaKroneckerGithub_Clash_5885,0,0,0
https://t.me/s/DeltaKroneckerGithub_Clash_5887,0,0,0
https://t.me/s/DeltaKroneckerGithub_Clash_5889,0,0,0
https://t.me/s/DeltaKroneckerGithub_Clash_589,0,0,0
https://t.me/s/DeltaKroneckerGithub_Clash_5891,0,0,0
https://t.me/s/DeltaKroneckerGithub_Clash_5893,0,0,0
https://t.me/s/DeltaKroneckerGithub_Clash_5895,0,0,0
https://t.me/s/DeltaKroneckerGithub_Clash_5897,0,0,0
https://t.me/s/DeltaKroneckerGithub_Clash_5899,0,0,0
https://t.me/s/DeltaKroneckerGithub_Clash_59,0,0,0
https://t.me/s/DeltaKroneckerGithub_Clash_5901,0,0,0
https://t.me/s/DeltaKroneckerGithub_Clash_5903,0,0,0
https://t.me/s/DeltaKroneckerGithub_Clash_5905,0,0,0
https://t.me/s/DeltaKroneckerGithub_Clash_5907,0,0,0
https://t.me/s/DeltaKroneckerGithub_Clash_5909,0,0,0
https://t.me/s/DeltaKroneckerGithub_Clash_591,0,0,0
https://t.me/s/DeltaKroneckerGithub_Clash_5911,0,0,0
https://t.me/s/DeltaKroneckerGithub_Clash_5913,0,0,0
https://t.me/s/DeltaKroneckerGithub_Clash_5915,0,0,0
https://t.me/s/DeltaKroneckerGithub_Clash_5917,0,0,0
https://t.me/s/DeltaKroneckerGithub_Clash_5919,0,0,0
https://t.me/s/DeltaKroneckerGithub_Clash_5921,0,0,0
https://t.me/s/DeltaKroneckerGithub_Clash_5923,0,0,0
https://t.me/s/DeltaKroneckerGithub_Clash_5925,0,0,0
https://t.me/s/DeltaKroneckerGithub_Clash_5927,0,0,0
https://t.me/s/DeltaKroneckerGithub_Clash_5929,0,0,0
https://t.me/s/DeltaKroneckerGithub_Clash_593,0,0,0
https://t.me/s/DeltaKroneckerGithub_Clash_5931,0,0,0
https://t.me/s/DeltaKroneckerGithub_Clash_5933,0,0,0
https://t.me/s/DeltaKroneckerGithub_Clash_5935,0,0,0
https://t.me/s/DeltaKroneckerGithub_Clash_5937,0,0,0
https://t.me/s/DeltaKroneckerGithub_Clash_5939,0,0,0
https://t.me/s/DeltaKroneckerGithub_Clash_5941,0,0,0
https://t.me/s/DeltaKroneckerGithub_Clash_5943,0,0,0
https://t.me/s/DeltaKroneckerGithub_Clash_5945,0,0,0
https://t.me/s/DeltaKroneckerGithub_Clash_5947,0,0,0
https://t.me/s/DeltaKroneckerGithub_Clash_5949,0,0,0
https://t.me/s/DeltaKroneckerGithub_Clash_595,0,0,0
https://t.me/s/DeltaKroneckerGithub_Clash_5951,0,0,0
https://t.me/s/DeltaKroneckerGithub_Clash_5953,0,0,0
https://t.me/s/DeltaKroneckerGithub_Clash_5955,0,0,0
https://t.me/s/DeltaKroneckerGithub_Clash_5957,0,0,0
https://t.me/s/DeltaKroneckerGithub_Clash_5959,0,0,0
https://t.me/s/DeltaKroneckerGithub_Clash_5961,0,0,0
https://t.me/s/DeltaKroneckerGithub_Clash_5963,0,0,0
https://t.me/s/DeltaKroneckerGithub_Clash_5965,0,0,0
https://t.me/s/DeltaKroneckerGithub_Clash_5967,0,0,0
https://t.me/s/DeltaKroneckerGithub_Clash_5969,0,0,0
https://t.me/s/DeltaKroneckerGithub_Clash_597,0,0,0
https://t.me/s/DeltaKroneckerGithub_Clash_5971,0,0,0
https://t.me/s/DeltaKroneckerGithub_Clash_5973,0,0,0
https://t.me/s/DeltaKroneckerGithub_Clash_5975,0,0,0
https://t.me/s/DeltaKroneckerGithub_Clash_5977,0,0,0
https://t.me/s/DeltaKroneckerGithub_Clash_5979,0,0,0
https://t.me/s/DeltaKroneckerGithub_Clash_5981,0,0,0
https://t.me/s/DeltaKroneckerGithub_Clash_5983,0,0,0
https://t.me/s/DeltaKroneckerGithub_Clash_5985,0,0,0
https://t.me/s/DeltaKroneckerGithub_Clash_5987,0,0,0
https://t.me/s/DeltaKroneckerGithub_Clash_5989,0,0,0
https://t.me/s/DeltaKroneckerGithub_Clash_599,0,0,0
https://t.me/s/DeltaKroneckerGithub_Clash_5991,0,0,0
https://t.me/s/DeltaKroneckerGithub_Clash_5993,0,0,0
https://t.me/s/DeltaKroneckerGithub_Clash_5995,0,0,0
https://t.me/s/DeltaKroneckerGithub_Clash_5997,0,0,0
https://t.me/s/DeltaKroneckerGithub_Clash_5999,0,0,0
https://t.me/s/DeltaKroneckerGithub_Clash_6001,0,0,0
https://t.me/s/DeltaKroneckerGithub_Clash_6003,0,0,0
https://t.me/s/DeltaKroneckerGithub_Clash_6005,0,0,0
https://t.me/s/DeltaKroneckerGithub_Clash_6007,0,0,0
https://t.me/s/DeltaKroneckerGithub_Clash_6009,0,0,0
https://t.me/s/DeltaKroneckerGithub_Clash_601,0,0,0
https://t.me/s/DeltaKroneckerGithub_Clash_6011,0,0,0
https://t.me/s/DeltaKroneckerGithub_Clash_6013,0,0,0
https://t.me/s/DeltaKroneckerGithub_Clash_6015,0,0,0
https://t.me/s/DeltaKroneckerGithub_Clash_6017,0,0,0
https://t.me/s/DeltaKroneckerGithub_Clash_6019,0,0,0
https://t.me/s/DeltaKroneckerGithub_Clash_6021,0,0,0
https://t.me/s/DeltaKroneckerGithub_Clash_6023,0,0,0
https://t.me/s/DeltaKroneckerGithub_Clash_6025,0,0,0
https://t.me/s/DeltaKroneckerGithub_Clash_6027,0,0,0
https://t.me/s/DeltaKroneckerGithub_Clash_6029,0,0,0
https://t.me/s/DeltaKroneckerGithub_Clash_603,0,0,0
https://t.me/s/DeltaKroneckerGithub_Clash_6031,0,0,0
https://t.me/s/DeltaKroneckerGithub_Clash_6033,0,0,0
https://t.me/s/DeltaKroneckerGithub_Clash_6035,0,0,0
https://t.me/s/DeltaKroneckerGithub_Clash_6037,0,0,0
https://t.me/s/DeltaKroneckerGithub_Clash_6039,0,0,0
https://t.me/s/DeltaKroneckerGithub_Clash_6041,0,0,0
https://t.me/s/DeltaKroneckerGithub_Clash_6043,0,0,0
https://t.me/s/DeltaKroneckerGithub_Clash_6045,0,0,0
https://t.me/s/DeltaKroneckerGithub_Clash_6047,0,0,0
https://t.me/s/DeltaKroneckerGithub_Clash_6049,0,0,0
https://t.me/s/DeltaKroneckerGithub_Clash_605,0,0,0
https://t.me/s/DeltaKroneckerGithub_Clash_6051,0,0,0
https://t.me/s/DeltaKroneckerGithub_Clash_6053,0,0,0
https://t.me/s/DeltaKroneckerGithub_Clash_6055,0,0,0
https://t.me/s/DeltaKroneckerGithub_Clash_6057,0,0,0
https://t.me/s/DeltaKroneckerGithub_Clash_6059,0,0,0
https://t.me/s/DeltaKroneckerGithub_Clash_6061,0,0,0
https://t.me/s/DeltaKroneckerGithub_Clash_6063,0,0,0
https://t.me/s/DeltaKroneckerGithub_Clash_6065,0,0,0
https://t.me/s/DeltaKroneckerGithub_Clash_6067,0,0,0
https://t.me/s/DeltaKroneckerGithub_Clash_6069,0,0,0
https://t.me/s/DeltaKroneckerGithub_Clash_607,0,0,0
https://t.me/s/DeltaKroneckerGithub_Clash_6071,0,0,0
https://t.me/s/DeltaKroneckerGithub_Clash_6073,0,0,0
https://t.me/s/DeltaKroneckerGithub_Clash_6075,0,0,0
https://t.me/s/DeltaKroneckerGithub_Clash_6077,0,0,0
https://t.me/s/DeltaKroneckerGithub_Clash_6079,0,0,0
https://t.me/s/DeltaKroneckerGithub_Clash_6081,0,0,0
https://t.me/s/DeltaKroneckerGithub_Clash_6083,0,0,0
https://t.me/s/DeltaKroneckerGithub_Clash_6085,0,0,0
https://t.me/s/DeltaKroneckerGithub_Clash_6087,0,0,0
https://t.me/s/DeltaKroneckerGithub_Clash_6089,0,0,0
https://t.me/s/DeltaKroneckerGithub_Clash_609,0,0,0
https://t.me/s/DeltaKroneckerGithub_Clash_6091,0,0,0
https://t.me/s/DeltaKroneckerGithub_Clash_6093,0,0,0
https://t.me/s/DeltaKroneckerGithub_Clash_6095,0,0,0
https://t.me/s/DeltaKroneckerGithub_Clash_6097,0,0,0
https://t.me/s/DeltaKroneckerGithub_Clash_6099,0,0,0
https://t.me/s/DeltaKroneckerGithub_Clash_61,0,0,0
https://t.me/s/DeltaKroneckerGithub_Clash_6101,0,0,0
https://t.me/s/DeltaKroneckerGithub_Clash_6103,0,0,0
https://t.me/s/DeltaKroneckerGithub_Clash_6105,0,0,0
https://t.me/s/DeltaKroneckerGithub_Clash_6107,0,0,0
https://t.me/s/DeltaKroneckerGithub_Clash_6109,0,0,0
https://t.me/s/DeltaKroneckerGithub_Clash_611,0,0,0
https://t.me/s/DeltaKroneckerGithub_Clash_6111,0,0,0
https://t.me/s/DeltaKroneckerGithub_Clash_6113,0,0,0
https://t.me/s/DeltaKroneckerGithub_Clash_6115,0,0,0
https://t.me/s/DeltaKroneckerGithub_Clash_6117,0,0,0
https://t.me/s/DeltaKroneckerGithub_Clash_6119,0,0,0
https://t.me/s/DeltaKroneckerGithub_Clash_6121,0,0,0
https://t.me/s/DeltaKroneckerGithub_Clash_6123,0,0,0
https://t.me/s/DeltaKroneckerGithub_Clash_6125,0,0,0
https://t.me/s/DeltaKroneckerGithub_Clash_6127,0,0,0
https://t.me/s/DeltaKroneckerGithub_Clash_6129,0,0,0
https://t.me/s/DeltaKroneckerGithub_Clash_613,0,0,0
https://t.me/s/DeltaKroneckerGithub_Clash_6131,0,0,0
https://t.me/s/DeltaKroneckerGithub_Clash_6133,0,0,0
https://t.me/s/DeltaKroneckerGithub_Clash_6135,0,0,0
https://t.me/s/DeltaKroneckerGithub_Clash_6137,0,0,0
https://t.me/s/DeltaKroneckerGithub_Clash_6139,0,0,0
https://t.me/s/DeltaKroneckerGithub_Clash_6141,0,0,0
https://t.me/s/DeltaKroneckerGithub_Clash_6143,0,0,0
https://t.me/s/DeltaKroneckerGithub_Clash_6145,0,0,0
https://t.me/s/DeltaKroneckerGithub_Clash_6147,0,0,0
https://t.me/s/DeltaKroneckerGithub_Clash_6149,0,0,0
https://t.me/s/DeltaKroneckerGithub_Clash_615,0,0,0
https://t.me/s/DeltaKroneckerGithub_Clash_6151,0,0,0
https://t.me/s/DeltaKroneckerGithub_Clash_6153,0,0,0
https://t.me/s/DeltaKroneckerGithub_Clash_6155,0,0,0
https://t.me/s/DeltaKroneckerGithub_Clash_6157,0,0,0
https://t.me/s/DeltaKroneckerGithub_Clash_6159,0,0,0
https://t.me/s/DeltaKroneckerGithub_Clash_6161,0,0,0
https://t.me/s/DeltaKroneckerGithub_Clash_6163,0,0,0
https://t.me/s/DeltaKroneckerGithub_Clash_6165,0,0,0
https://t.me/s/DeltaKroneckerGithub_Clash_6167,0,0,0
https://t.me/s/DeltaKroneckerGithub_Clash_6169,0,0,0
https://t.me/s/DeltaKroneckerGithub_Clash_6171,0,0,0
https://t.me/s/DeltaKroneckerGithub_Clash_6173,0,0,0
https://t.me/s/DeltaKroneckerGithub_Clash_6175,0,0,0
https://t.me/s/DeltaKroneckerGithub_Clash_6177,0,0,0
https://t.me/s/DeltaKroneckerGithub_Clash_6179,0,0,0
https://t.me/s/DeltaKroneckerGithub_Clash_6181,0,0,0
https://t.me/s/DeltaKroneckerGithub_Clash_6183,0,0,0
https://t.me/s/DeltaKroneckerGithub_Clash_6185,0,0,0
https://t.me/s/DeltaKroneckerGithub_Clash_6187,0,0,0
https://t.me/s/DeltaKroneckerGithub_Clash_6189,0,0,0
https://t.me/s/DeltaKroneckerGithub_Clash_619,0,0,0
https://t.me/s/DeltaKroneckerGithub_Clash_6191,0,0,0
https://t.me/s/DeltaKroneckerGithub_Clash_6193,0,0,0
https://t.me/s/DeltaKroneckerGithub_Clash_6195,0,0,0
https://t.me/s/DeltaKroneckerGithub_Clash_6197,0,0,0
https://t.me/s/DeltaKroneckerGithub_Clash_6199,0,0,0
https://t.me/s/DeltaKroneckerGithub_Clash_6201,0,0,0
https://t.me/s/DeltaKroneckerGithub_Clash_6203,0,0,0
https://t.me/s/DeltaKroneckerGithub_Clash_6205,0,0,0
https://t.me/s/DeltaKroneckerGithub_Clash_6207,0,0,0
https://t.me/s/DeltaKroneckerGithub_Clash_6209,0,0,0
https://t.me/s/DeltaKroneckerGithub_Clash_621,0,0,0
https://t.me/s/DeltaKroneckerGithub_Clash_6211,0,0,0
https://t.me/s/DeltaKroneckerGithub_Clash_6213,0,0,0
https://t.me/s/DeltaKroneckerGithub_Clash_6215,0,0,0
https://t.me/s/DeltaKroneckerGithub_Clash_6217,0,0,0
https://t.me/s/DeltaKroneckerGithub_Clash_6219,0,0,0
https://t.me/s/DeltaKroneckerGithub_Clash_6221,0,0,0
https://t.me/s/DeltaKroneckerGithub_Clash_6223,0,0,0
https://t.me/s/DeltaKroneckerGithub_Clash_6225,0,0,0
https://t.me/s/DeltaKroneckerGithub_Clash_6227,0,0,0
https://t.me/s/DeltaKroneckerGithub_Clash_6229,0,0,0
https://t.me/s/DeltaKroneckerGithub_Clash_623,0,0,0
https://t.me/s/DeltaKroneckerGithub_Clash_6231,0,0,0
https://t.me/s/DeltaKroneckerGithub_Clash_6233,0,0,0
https://t.me/s/DeltaKroneckerGithub_Clash_6235,0,0,0
https://t.me/s/DeltaKroneckerGithub_Clash_6237,0,0,0
https://t.me/s/DeltaKroneckerGithub_Clash_6239,0,0,0
https://t.me/s/DeltaKroneckerGithub_Clash_6241,0,0,0
https://t.me/s/DeltaKroneckerGithub_Clash_6243,0,0,0
https://t.me/s/DeltaKroneckerGithub_Clash_6245,0,0,0
https://t.me/s/DeltaKroneckerGithub_Clash_6247,0,0,0
https://t.me/s/DeltaKroneckerGithub_Clash_6249,0,0,0
https://t.me/s/DeltaKroneckerGithub_Clash_625,0,0,0
https://t.me/s/DeltaKroneckerGithub_Clash_6251,0,0,0
https://t.me/s/DeltaKroneckerGithub_Clash_6253,0,0,0
https://t.me/s/DeltaKroneckerGithub_Clash_6255,0,0,0
https://t.me/s/DeltaKroneckerGithub_Clash_6257,0,0,0
https://t.me/s/DeltaKroneckerGithub_Clash_6259,0,0,0
https://t.me/s/DeltaKroneckerGithub_Clash_6261,0,0,0
https://t.me/s/DeltaKroneckerGithub_Clash_6263,0,0,0
https://t.me/s/DeltaKroneckerGithub_Clash_6265,0,0,0
https://t.me/s/DeltaKroneckerGithub_Clash_6267,0,0,0
https://t.me/s/DeltaKroneckerGithub_Clash_6269,0,0,0
https://t.me/s/DeltaKroneckerGithub_Clash_627,0,0,0
https://t.me/s/DeltaKroneckerGithub_Clash_6271,0,0,0
https://t.me/s/DeltaKroneckerGithub_Clash_6273,0,0,0
https://t.me/s/DeltaKroneckerGithub_Clash_6275,0,0,0
https://t.me/s/DeltaKroneckerGithub_Clash_6277,0,0,0
https://t.me/s/DeltaKroneckerGithub_Clash_6279,0,0,0
https://t.me/s/DeltaKroneckerGithub_Clash_6281,0,0,0
https://t.me/s/DeltaKroneckerGithub_Clash_6283,0,0,0
https://t.me/s/DeltaKroneckerGithub_Clash_6285,0,0,0
https://t.me/s/DeltaKroneckerGithub_Clash_6287,0,0,0
https://t.me/s/DeltaKroneckerGithub_Clash_6289,0,0,0
https://t.me/s/DeltaKroneckerGithub_Clash_629,0,0,0
https://t.me/s/DeltaKroneckerGithub_Clash_6291,0,0,0
https://t.me/s/DeltaKroneckerGithub_Clash_6293,0,0,0
https://t.me/s/DeltaKroneckerGithub_Clash_6295,0,0,0
https://t.me/s/DeltaKroneckerGithub_Clash_6297,0,0,0
https://t.me/s/DeltaKroneckerGithub_Clash_6299,0,0,0
https://t.me/s/DeltaKroneckerGithub_Clash_63,0,0,0
https://t.me/s/DeltaKroneckerGithub_Clash_6301,0,0,0
https://t.me/s/DeltaKroneckerGithub_Clash_6303,0,0,0
https://t.me/s/DeltaKroneckerGithub_Clash_6305,0,0,0
https://t.me/s/DeltaKroneckerGithub_Clash_6307,0,0,0
https://t.me/s/DeltaKroneckerGithub_Clash_6309,0,0,0
https://t.me/s/DeltaKroneckerGithub_Clash_631,0,0,0
https://t.me/s/DeltaKroneckerGithub_Clash_6311,0,0,0
https://t.me/s/DeltaKroneckerGithub_Clash_6313,0,0,0
https://t.me/s/DeltaKroneckerGithub_Clash_6315,0,0,0
https://t.me/s/DeltaKroneckerGithub_Clash_6317,0,0,0
https://t.me/s/DeltaKroneckerGithub_Clash_6319,0,0,0
https://t.me/s/DeltaKroneckerGithub_Clash_6321,0,0,0
https://t.me/s/DeltaKroneckerGithub_Clash_6323,0,0,0
https://t.me/s/DeltaKroneckerGithub_Clash_6325,0,0,0
https://t.me/s/DeltaKroneckerGithub_Clash_6327,0,0,0
https://t.me/s/DeltaKroneckerGithub_Clash_6329,0,0,0
https://t.me/s/DeltaKroneckerGithub_Clash_633,0,0,0
https://t.me/s/DeltaKroneckerGithub_Clash_6331,0,0,0
https://t.me/s/DeltaKroneckerGithub_Clash_6333,0,0,0
https://t.me/s/DeltaKroneckerGithub_Clash_6335,0,0,0
https://t.me/s/DeltaKroneckerGithub_Clash_6337,0,0,0
https://t.me/s/DeltaKroneckerGithub_Clash_6339,0,0,0
https://t.me/s/DeltaKroneckerGithub_Clash_6341,0,0,0
https://t.me/s/DeltaKroneckerGithub_Clash_6343,0,0,0
https://t.me/s/DeltaKroneckerGithub_Clash_6345,0,0,0
https://t.me/s/DeltaKroneckerGithub_Clash_6347,0,0,0
https://t.me/s/DeltaKroneckerGithub_Clash_6349,0,0,0
https://t.me/s/DeltaKroneckerGithub_Clash_635,0,0,0
https://t.me/s/DeltaKroneckerGithub_Clash_6351,0,0,0
https://t.me/s/DeltaKroneckerGithub_Clash_6353,0,0,0
https://t.me/s/DeltaKroneckerGithub_Clash_6355,0,0,0
https://t.me/s/DeltaKroneckerGithub_Clash_6357,0,0,0
https://t.me/s/DeltaKroneckerGithub_Clash_6359,0,0,0
https://t.me/s/DeltaKroneckerGithub_Clash_6361,0,0,0
https://t.me/s/DeltaKroneckerGithub_Clash_6363,0,0,0
https://t.me/s/DeltaKroneckerGithub_Clash_6365,0,0,0
https://t.me/s/DeltaKroneckerGithub_Clash_6367,0,0,0
https://t.me/s/DeltaKroneckerGithub_Clash_6369,0,0,0
https://t.me/s/DeltaKroneckerGithub_Clash_637,0,0,0
https://t.me/s/DeltaKroneckerGithub_Clash_6371,0,0,0
https://t.me/s/DeltaKroneckerGithub_Clash_6373,0,0,0
https://t.me/s/DeltaKroneckerGithub_Clash_6375,0,0,0
https://t.me/s/DeltaKroneckerGithub_Clash_6377,0,0,0
https://t.me/s/DeltaKroneckerGithub_Clash_6379,0,0,0
https://t.me/s/DeltaKroneckerGithub_Clash_6381,0,0,0
https://t.me/s/DeltaKroneckerGithub_Clash_6383,0,0,0
https://t.me/s/DeltaKroneckerGithub_Clash_6385,0,0,0
https://t.me/s/DeltaKroneckerGithub_Clash_6387,0,0,0
https://t.me/s/DeltaKroneckerGithub_Clash_6389,0,0,0
https://t.me/s/DeltaKroneckerGithub_Clash_639,0,0,0
https://t.me/s/DeltaKroneckerGithub_Clash_6391,0,0,0
https://t.me/s/DeltaKroneckerGithub_Clash_6393,0,0,0
https://t.me/s/DeltaKroneckerGithub_Clash_6395,0,0,0
https://t.me/s/DeltaKroneckerGithub_Clash_6397,0,0,0
https://t.me/s/DeltaKroneckerGithub_Clash_6399,0,0,0
https://t.me/s/DeltaKroneckerGithub_Clash_6401,0,0,0
https://t.me/s/DeltaKroneckerGithub_Clash_6403,0,0,0
https://t.me/s/DeltaKroneckerGithub_Clash_6405,0,0,0
https://t.me/s/DeltaKroneckerGithub_Clash_6407,0,0,0
https://t.me/s/DeltaKroneckerGithub_Clash_6409,0,0,0
https://t.me/s/DeltaKroneckerGithub_Clash_6411,0,0,0
https://t.me/s/DeltaKroneckerGithub_Clash_6413,0,0,0
https://t.me/s/DeltaKroneckerGithub_Clash_6415,0,0,0
https://t.me/s/DeltaKroneckerGithub_Clash_6417,0,0,0
https://t.me/s/DeltaKroneckerGithub_Clash_6419,0,0,0
https://t.me/s/DeltaKroneckerGithub_Clash_6421,0,0,0
https://t.me/s/DeltaKroneckerGithub_Clash_6423,0,0,0
https://t.me/s/DeltaKroneckerGithub_Clash_6425,0,0,0
https://t.me/s/DeltaKroneckerGithub_Clash_6427,0,0,0
https://t.me/s/DeltaKroneckerGithub_Clash_6429,0,0,0
https://t.me/s/DeltaKroneckerGithub_Clash_643,0,0,0
https://t.me/s/DeltaKroneckerGithub_Clash_6431,0,0,0
https://t.me/s/DeltaKroneckerGithub_Clash_6433,0,0,0
https://t.me/s/DeltaKroneckerGithub_Clash_6435,0,0,0
https://t.me/s/DeltaKroneckerGithub_Clash_6437,0,0,0
https://t.me/s/DeltaKroneckerGithub_Clash_6439,0,0,0
https://t.me/s/DeltaKroneckerGithub_Clash_6441,0,0,0
https://t.me/s/DeltaKroneckerGithub_Clash_6443,0,0,0
https://t.me/s/DeltaKroneckerGithub_Clash_6445,0,0,0
https://t.me/s/DeltaKroneckerGithub_Clash_6447,0,0,0
https://t.me/s/DeltaKroneckerGithub_Clash_6449,0,0,0
https://t.me/s/DeltaKroneckerGithub_Clash_645,0,0,0
https://t.me/s/DeltaKroneckerGithub_Clash_6451,0,0,0
https://t.me/s/DeltaKroneckerGithub_Clash_6453,0,0,0
https://t.me/s/DeltaKroneckerGithub_Clash_6455,0,0,0
https://t.me/s/DeltaKroneckerGithub_Clash_6457,0,0,0
https://t.me/s/DeltaKroneckerGithub_Clash_6459,0,0,0
https://t.me/s/DeltaKroneckerGithub_Clash_6461,0,0,0
https://t.me/s/DeltaKroneckerGithub_Clash_6463,0,0,0
https://t.me/s/DeltaKroneckerGithub_Clash_6465,0,0,0
https://t.me/s/DeltaKroneckerGithub_Clash_6467,0,0,0
https://t.me/s/DeltaKroneckerGithub_Clash_6469,0,0,0
https://t.me/s/DeltaKroneckerGithub_Clash_647,0,0,0
https://t.me/s/DeltaKroneckerGithub_Clash_6471,0,0,0
https://t.me/s/DeltaKroneckerGithub_Clash_6473,0,0,0
https://t.me/s/DeltaKroneckerGithub_Clash_6475,0,0,0
https://t.me/s/DeltaKroneckerGithub_Clash_6477,0,0,0
https://t.me/s/DeltaKroneckerGithub_Clash_6479,0,0,0
https://t.me/s/DeltaKroneckerGithub_Clash_6481,0,0,0
https://t.me/s/DeltaKroneckerGithub_Clash_6483,0,0,0
https://t.me/s/DeltaKroneckerGithub_Clash_6485,0,0,0
https://t.me/s/DeltaKroneckerGithub_Clash_6487,0,0,0
https://t.me/s/DeltaKroneckerGithub_Clash_6489,0,0,0
https://t.me/s/DeltaKroneckerGithub_Clash_6491,0,0,0
https://t.me/s/DeltaKroneckerGithub_Clash_6493,0,0,0
https://t.me/s/DeltaKroneckerGithub_Clash_6495,0,0,0
https://t.me/s/DeltaKroneckerGithub_Clash_6497,0,0,0
https://t.me/s/DeltaKroneckerGithub_Clash_6499,0,0,0
https://t.me/s/DeltaKroneckerGithub_Clash_65,0,0,0
https://t.me/s/DeltaKroneckerGithub_Clash_6501,0,0,0
https://t.me/s/DeltaKroneckerGithub_Clash_6503,0,0,0
https://t.me/s/DeltaKroneckerGithub_Clash_6505,0,0,0
https://t.me/s/DeltaKroneckerGithub_Clash_6507,0,0,0
https://t.me/s/DeltaKroneckerGithub_Clash_6509,0,0,0
https://t.me/s/DeltaKroneckerGithub_Clash_651,0,0,0
https://t.me/s/DeltaKroneckerGithub_Clash_6511,0,0,0
https://t.me/s/DeltaKroneckerGithub_Clash_6513,0,0,0
https://t.me/s/DeltaKroneckerGithub_Clash_6515,0,0,0
https://t.me/s/DeltaKroneckerGithub_Clash_6517,0,0,0
https://t.me/s/DeltaKroneckerGithub_Clash_6519,0,0,0
https://t.me/s/DeltaKroneckerGithub_Clash_6521,0,0,0
https://t.me/s/DeltaKroneckerGithub_Clash_6523,0,0,0
https://t.me/s/DeltaKroneckerGithub_Clash_6525,0,0,0
https://t.me/s/DeltaKroneckerGithub_Clash_6527,0,0,0
https://t.me/s/DeltaKroneckerGithub_Clash_6529,0,0,0
https://t.me/s/DeltaKroneckerGithub_Clash_653,0,0,0
https://t.me/s/DeltaKroneckerGithub_Clash_6531,0,0,0
https://t.me/s/DeltaKroneckerGithub_Clash_6533,0,0,0
https://t.me/s/DeltaKroneckerGithub_Clash_6535,0,0,0
https://t.me/s/DeltaKroneckerGithub_Clash_6537,0,0,0
https://t.me/s/DeltaKroneckerGithub_Clash_6539,0,0,0
https://t.me/s/DeltaKroneckerGithub_Clash_6541,0,0,0
https://t.me/s/DeltaKroneckerGithub_Clash_6543,0,0,0
https://t.me/s/DeltaKroneckerGithub_Clash_6545,0,0,0
https://t.me/s/DeltaKroneckerGithub_Clash_6547,0,0,0
https://t.me/s/DeltaKroneckerGithub_Clash_6549,0,0,0
https://t.me/s/DeltaKroneckerGithub_Clash_655,0,0,0
https://t.me/s/DeltaKroneckerGithub_Clash_6551,0,0,0
https://t.me/s/DeltaKroneckerGithub_Clash_6553,0,0,0
https://t.me/s/DeltaKroneckerGithub_Clash_6555,0,0,0
https://t.me/s/DeltaKroneckerGithub_Clash_6557,0,0,0
https://t.me/s/DeltaKroneckerGithub_Clash_6559,0,0,0
https://t.me/s/DeltaKroneckerGithub_Clash_6561,0,0,0
https://t.me/s/DeltaKroneckerGithub_Clash_6563,0,0,0
https://t.me/s/DeltaKroneckerGithub_Clash_6565,0,0,0
https://t.me/s/DeltaKroneckerGithub_Clash_6567,0,0,0
https://t.me/s/DeltaKroneckerGithub_Clash_6569,0,0,0
https://t.me/s/DeltaKroneckerGithub_Clash_657,0,0,0
https://t.me/s/DeltaKroneckerGithub_Clash_6571,0,0,0
https://t.me/s/DeltaKroneckerGithub_Clash_6573,0,0,0
https://t.me/s/DeltaKroneckerGithub_Clash_6575,0,0,0
https://t.me/s/DeltaKroneckerGithub_Clash_6577,0,0,0
https://t.me/s/DeltaKroneckerGithub_Clash_6579,0,0,0
https://t.me/s/DeltaKroneckerGithub_Clash_6581,0,0,0
https://t.me/s/DeltaKroneckerGithub_Clash_6583,0,0,0
https://t.me/s/DeltaKroneckerGithub_Clash_6585,0,0,0
https://t.me/s/DeltaKroneckerGithub_Clash_6587,0,0,0
https://t.me/s/DeltaKroneckerGithub_Clash_6589,0,0,0
https://t.me/s/DeltaKroneckerGithub_Clash_659,0,0,0
https://t.me/s/DeltaKroneckerGithub_Clash_6591,0,0,0
https://t.me/s/DeltaKroneckerGithub_Clash_6593,0,0,0
https://t.me/s/DeltaKroneckerGithub_Clash_6595,0,0,0
https://t.me/s/DeltaKroneckerGithub_Clash_6597,0,0,0
https://t.me/s/DeltaKroneckerGithub_Clash_6599,0,0,0
https://t.me/s/DeltaKroneckerGithub_Clash_6601,0,0,0
https://t.me/s/DeltaKroneckerGithub_Clash_6603,0,0,0
https://t.me/s/DeltaKroneckerGithub_Clash_6605,0,0,0
https://t.me/s/DeltaKroneckerGithub_Clash_6607,0,0,0
https://t.me/s/DeltaKroneckerGithub_Clash_6609,0,0,0
https://t.me/s/DeltaKroneckerGithub_Clash_661,0,0,0
https://t.me/s/DeltaKroneckerGithub_Clash_6611,0,0,0
https://t.me/s/DeltaKroneckerGithub_Clash_6613,0,0,0
https://t.me/s/DeltaKroneckerGithub_Clash_6615,0,0,0
https://t.me/s/DeltaKroneckerGithub_Clash_6617,0,0,0
https://t.me/s/DeltaKroneckerGithub_Clash_6619,0,0,0
https://t.me/s/DeltaKroneckerGithub_Clash_6621,0,0,0
https://t.me/s/DeltaKroneckerGithub_Clash_6623,0,0,0
https://t.me/s/DeltaKroneckerGithub_Clash_6625,0,0,0
https://t.me/s/DeltaKroneckerGithub_Clash_6627,0,0,0
https://t.me/s/DeltaKroneckerGithub_Clash_6629,0,0,0
https://t.me/s/DeltaKroneckerGithub_Clash_663,0,0,0
https://t.me/s/DeltaKroneckerGithub_Clash_6631,0,0,0
https://t.me/s/DeltaKroneckerGithub_Clash_6633,0,0,0
https://t.me/s/DeltaKroneckerGithub_Clash_6635,0,0,0
https://t.me/s/DeltaKroneckerGithub_Clash_6637,0,0,0
https://t.me/s/DeltaKroneckerGithub_Clash_6639,0,0,0
https://t.me/s/DeltaKroneckerGithub_Clash_6641,0,0,0
https://t.me/s/DeltaKroneckerGithub_Clash_6643,0,0,0
https://t.me/s/DeltaKroneckerGithub_Clash_6645,0,0,0
https://t.me/s/DeltaKroneckerGithub_Clash_6647,0,0,0
https://t.me/s/DeltaKroneckerGithub_Clash_6649,0,0,0
https://t.me/s/DeltaKroneckerGithub_Clash_665,0,0,0
https://t.me/s/DeltaKroneckerGithub_Clash_6651,0,0,0
https://t.me/s/DeltaKroneckerGithub_Clash_6653,0,0,0
https://t.me/s/DeltaKroneckerGithub_Clash_6655,0,0,0
https://t.me/s/DeltaKroneckerGithub_Clash_6657,0,0,0
https://t.me/s/DeltaKroneckerGithub_Clash_6659,0,0,0
https://t.me/s/DeltaKroneckerGithub_Clash_6661,0,0,0
https://t.me/s/DeltaKroneckerGithub_Clash_6663,0,0,0
https://t.me/s/DeltaKroneckerGithub_Clash_6665,0,0,0
https://t.me/s/DeltaKroneckerGithub_Clash_6667,0,0,0
https://t.me/s/DeltaKroneckerGithub_Clash_6669,0,0,0
https://t.me/s/DeltaKroneckerGithub_Clash_667,0,0,0
https://t.me/s/DeltaKroneckerGithub_Clash_6671,0,0,0
https://t.me/s/DeltaKroneckerGithub_Clash_6673,0,0,0
https://t.me/s/DeltaKroneckerGithub_Clash_6675,0,0,0
https://t.me/s/DeltaKroneckerGithub_Clash_6677,0,0,0
https://t.me/s/DeltaKroneckerGithub_Clash_6679,0,0,0
https://t.me/s/DeltaKroneckerGithub_Clash_6681,0,0,0
https://t.me/s/DeltaKroneckerGithub_Clash_6683,0,0,0
https://t.me/s/DeltaKroneckerGithub_Clash_6685,0,0,0
https://t.me/s/DeltaKroneckerGithub_Clash_6687,0,0,0
https://t.me/s/DeltaKroneckerGithub_Clash_6689,0,0,0
https://t.me/s/DeltaKroneckerGithub_Clash_669,0,0,0
https://t.me/s/DeltaKroneckerGithub_Clash_6691,0,0,0
https://t.me/s/DeltaKroneckerGithub_Clash_6693,0,0,0
https://t.me/s/DeltaKroneckerGithub_Clash_6695,0,0,0
https://t.me/s/DeltaKroneckerGithub_Clash_6697,0,0,0
https://t.me/s/DeltaKroneckerGithub_Clash_6699,0,0,0
https://t.me/s/DeltaKroneckerGithub_Clash_67,0,0,0
https://t.me/s/DeltaKroneckerGithub_Clash_6701,0,0,0
https://t.me/s/DeltaKroneckerGithub_Clash_6703,0,0,0
https://t.me/s/DeltaKroneckerGithub_Clash_6705,0,0,0
https://t.me/s/DeltaKroneckerGithub_Clash_6707,0,0,0
https://t.me/s/DeltaKroneckerGithub_Clash_6709,0,0,0
https://t.me/s/DeltaKroneckerGithub_Clash_671,0,0,0
https://t.me/s/DeltaKroneckerGithub_Clash_6711,0,0,0
https://t.me/s/DeltaKroneckerGithub_Clash_6713,0,0,0
https://t.me/s/DeltaKroneckerGithub_Clash_6715,0,0,0
https://t.me/s/DeltaKroneckerGithub_Clash_6717,0,0,0
https://t.me/s/DeltaKroneckerGithub_Clash_6719,0,0,0
https://t.me/s/DeltaKroneckerGithub_Clash_6721,0,0,0
https://t.me/s/DeltaKroneckerGithub_Clash_6723,0,0,0
https://t.me/s/DeltaKroneckerGithub_Clash_6725,0,0,0
https://t.me/s/DeltaKroneckerGithub_Clash_6727,0,0,0
https://t.me/s/DeltaKroneckerGithub_Clash_6729,0,0,0
https://t.me/s/DeltaKroneckerGithub_Clash_673,0,0,0
https://t.me/s/DeltaKroneckerGithub_Clash_6731,0,0,0
https://t.me/s/DeltaKroneckerGithub_Clash_6733,0,0,0
https://t.me/s/DeltaKroneckerGithub_Clash_6735,0,0,0
https://t.me/s/DeltaKroneckerGithub_Clash_6737,0,0,0
https://t.me/s/DeltaKroneckerGithub_Clash_6739,0,0,0
https://t.me/s/DeltaKroneckerGithub_Clash_6741,0,0,0
https://t.me/s/DeltaKroneckerGithub_Clash_6743,0,0,0
https://t.me/s/DeltaKroneckerGithub_Clash_6745,0,0,0
https://t.me/s/DeltaKroneckerGithub_Clash_6747,0,0,0
https://t.me/s/DeltaKroneckerGithub_Clash_6749,0,0,0
https://t.me/s/DeltaKroneckerGithub_Clash_675,0,0,0
https://t.me/s/DeltaKroneckerGithub_Clash_6751,0,0,0
https://t.me/s/DeltaKroneckerGithub_Clash_6753,0,0,0
https://t.me/s/DeltaKroneckerGithub_Clash_6755,0,0,0
https://t.me/s/DeltaKroneckerGithub_Clash_6757,0,0,0
https://t.me/s/DeltaKroneckerGithub_Clash_6759,0,0,0
https://t.me/s/DeltaKroneckerGithub_Clash_6761,0,0,0
https://t.me/s/DeltaKroneckerGithub_Clash_6763,0,0,0
https://t.me/s/DeltaKroneckerGithub_Clash_6765,0,0,0
https://t.me/s/DeltaKroneckerGithub_Clash_6767,0,0,0
https://t.me/s/DeltaKroneckerGithub_Clash_6769,0,0,0
https://t.me/s/DeltaKroneckerGithub_Clash_677,0,0,0
https://t.me/s/DeltaKroneckerGithub_Clash_6771,0,0,0
https://t.me/s/DeltaKroneckerGithub_Clash_6773,0,0,0
https://t.me/s/DeltaKroneckerGithub_Clash_6775,0,0,0
https://t.me/s/DeltaKroneckerGithub_Clash_6777,0,0,0
https://t.me/s/DeltaKroneckerGithub_Clash_6779,0,0,0
https://t.me/s/DeltaKroneckerGithub_Clash_6781,0,0,0
https://t.me/s/DeltaKroneckerGithub_Clash_6783,0,0,0
https://t.me/s/DeltaKroneckerGithub_Clash_6785,0,0,0
https://t.me/s/DeltaKroneckerGithub_Clash_6787,0,0,0
https://t.me/s/DeltaKroneckerGithub_Clash_6789,0,0,0
https://t.me/s/DeltaKroneckerGithub_Clash_679,0,0,0
https://t.me/s/DeltaKroneckerGithub_Clash_6791,0,0,0
https://t.me/s/DeltaKroneckerGithub_Clash_6793,0,0,0
https://t.me/s/DeltaKroneckerGithub_Clash_6795,0,0,0
https://t.me/s/DeltaKroneckerGithub_Clash_6797,0,0,0
https://t.me/s/DeltaKroneckerGithub_Clash_6799,0,0,0
https://t.me/s/DeltaKroneckerGithub_Clash_6801,0,0,0
https://t.me/s/DeltaKroneckerGithub_Clash_6803,0,0,0
https://t.me/s/DeltaKroneckerGithub_Clash_6805,0,0,0
https://t.me/s/DeltaKroneckerGithub_Clash_6807,0,0,0
https://t.me/s/DeltaKroneckerGithub_Clash_6809,0,0,0
https://t.me/s/DeltaKroneckerGithub_Clash_681,0,0,0
https://t.me/s/DeltaKroneckerGithub_Clash_6811,0,0,0
https://t.me/s/DeltaKroneckerGithub_Clash_6813,0,0,0
https://t.me/s/DeltaKroneckerGithub_Clash_6815,0,0,0
https://t.me/s/DeltaKroneckerGithub_Clash_6817,0,0,0
https://t.me/s/DeltaKroneckerGithub_Clash_6819,0,0,0
https://t.me/s/DeltaKroneckerGithub_Clash_6821,0,0,0
https://t.me/s/DeltaKroneckerGithub_Clash_6823,0,0,0
https://t.me/s/DeltaKroneckerGithub_Clash_6825,0,0,0
https://t.me/s/DeltaKroneckerGithub_Clash_6827,0,0,0
https://t.me/s/DeltaKroneckerGithub_Clash_6829,0,0,0
https://t.me/s/DeltaKroneckerGithub_Clash_683,0,0,0
https://t.me/s/DeltaKroneckerGithub_Clash_6831,0,0,0
https://t.me/s/DeltaKroneckerGithub_Clash_6833,0,0,0
https://t.me/s/DeltaKroneckerGithub_Clash_6835,0,0,0
https://t.me/s/DeltaKroneckerGithub_Clash_6837,0,0,0
https://t.me/s/DeltaKroneckerGithub_Clash_6839,0,0,0
https://t.me/s/DeltaKroneckerGithub_Clash_6841,0,0,0
https://t.me/s/DeltaKroneckerGithub_Clash_6843,0,0,0
https://t.me/s/DeltaKroneckerGithub_Clash_6845,0,0,0
https://t.me/s/DeltaKroneckerGithub_Clash_6847,0,0,0
https://t.me/s/DeltaKroneckerGithub_Clash_6849,0,0,0
https://t.me/s/DeltaKroneckerGithub_Clash_685,0,0,0
https://t.me/s/DeltaKroneckerGithub_Clash_6851,0,0,0
https://t.me/s/DeltaKroneckerGithub_Clash_6853,0,0,0
https://t.me/s/DeltaKroneckerGithub_Clash_6855,0,0,0
https://t.me/s/DeltaKroneckerGithub_Clash_6857,0,0,0
https://t.me/s/DeltaKroneckerGithub_Clash_6859,0,0,0
https://t.me/s/DeltaKroneckerGithub_Clash_6861,0,0,0
https://t.me/s/DeltaKroneckerGithub_Clash_6863,0,0,0
https://t.me/s/DeltaKroneckerGithub_Clash_6865,0,0,0
https://t.me/s/DeltaKroneckerGithub_Clash_6867,0,0,0
https://t.me/s/DeltaKroneckerGithub_Clash_6869,0,0,0
https://t.me/s/DeltaKroneckerGithub_Clash_687,0,0,0
https://t.me/s/DeltaKroneckerGithub_Clash_6871,0,0,0
https://t.me/s/DeltaKroneckerGithub_Clash_6873,0,0,0
https://t.me/s/DeltaKroneckerGithub_Clash_6875,0,0,0
https://t.me/s/DeltaKroneckerGithub_Clash_6877,0,0,0
https://t.me/s/DeltaKroneckerGithub_Clash_6879,0,0,0
https://t.me/s/DeltaKroneckerGithub_Clash_6881,0,0,0
https://t.me/s/DeltaKroneckerGithub_Clash_6883,0,0,0
https://t.me/s/DeltaKroneckerGithub_Clash_6885,0,0,0
https://t.me/s/DeltaKroneckerGithub_Clash_6887,0,0,0
https://t.me/s/DeltaKroneckerGithub_Clash_6889,0,0,0
https://t.me/s/DeltaKroneckerGithub_Clash_689,0,0,0
https://t.me/s/DeltaKroneckerGithub_Clash_6891,0,0,0
https://t.me/s/DeltaKroneckerGithub_Clash_6893,0,0,0
https://t.me/s/DeltaKroneckerGithub_Clash_6895,0,0,0
https://t.me/s/DeltaKroneckerGithub_Clash_6897,0,0,0
https://t.me/s/DeltaKroneckerGithub_Clash_6899,0,0,0
https://t.me/s/DeltaKroneckerGithub_Clash_69,0,0,0
https://t.me/s/DeltaKroneckerGithub_Clash_6901,0,0,0
https://t.me/s/DeltaKroneckerGithub_Clash_6903,0,0,0
https://t.me/s/DeltaKroneckerGithub_Clash_6905,0,0,0
https://t.me/s/DeltaKroneckerGithub_Clash_6907,0,0,0
https://t.me/s/DeltaKroneckerGithub_Clash_6909,0,0,0
https://t.me/s/DeltaKroneckerGithub_Clash_691,0,0,0
https://t.me/s/DeltaKroneckerGithub_Clash_6911,0,0,0
https://t.me/s/DeltaKroneckerGithub_Clash_6913,0,0,0
https://t.me/s/DeltaKroneckerGithub_Clash_6915,0,0,0
https://t.me/s/DeltaKroneckerGithub_Clash_6917,0,0,0
https://t.me/s/DeltaKroneckerGithub_Clash_6919,0,0,0
https://t.me/s/DeltaKroneckerGithub_Clash_6921,0,0,0
https://t.me/s/DeltaKroneckerGithub_Clash_6923,0,0,0
https://t.me/s/DeltaKroneckerGithub_Clash_6925,0,0,0
https://t.me/s/DeltaKroneckerGithub_Clash_6927,0,0,0
https://t.me/s/DeltaKroneckerGithub_Clash_6929,0,0,0
https://t.me/s/DeltaKroneckerGithub_Clash_6931,0,0,0
https://t.me/s/DeltaKroneckerGithub_Clash_6933,0,0,0
https://t.me/s/DeltaKroneckerGithub_Clash_6935,0,0,0
https://t.me/s/DeltaKroneckerGithub_Clash_6937,0,0,0
https://t.me/s/DeltaKroneckerGithub_Clash_6939,0,0,0
https://t.me/s/DeltaKroneckerGithub_Clash_6941,0,0,0
https://t.me/s/DeltaKroneckerGithub_Clash_6943,0,0,0
https://t.me/s/DeltaKroneckerGithub_Clash_6945,0,0,0
https://t.me/s/DeltaKroneckerGithub_Clash_6947,0,0,0
https://t.me/s/DeltaKroneckerGithub_Clash_6949,0,0,0
https://t.me/s/DeltaKroneckerGithub_Clash_695,0,0,0
https://t.me/s/DeltaKroneckerGithub_Clash_6951,0,0,0
https://t.me/s/DeltaKroneckerGithub_Clash_6953,0,0,0
https://t.me/s/DeltaKroneckerGithub_Clash_6955,0,0,0
https://t.me/s/DeltaKroneckerGithub_Clash_6957,0,0,0
https://t.me/s/DeltaKroneckerGithub_Clash_6959,0,0,0
https://t.me/s/DeltaKroneckerGithub_Clash_6961,0,0,0
https://t.me/s/DeltaKroneckerGithub_Clash_6963,0,0,0
https://t.me/s/DeltaKroneckerGithub_Clash_6965,0,0,0
https://t.me/s/DeltaKroneckerGithub_Clash_6967,0,0,0
https://t.me/s/DeltaKroneckerGithub_Clash_6969,0,0,0
https://t.me/s/DeltaKroneckerGithub_Clash_697,0,0,0
https://t.me/s/DeltaKroneckerGithub_Clash_6971,0,0,0
https://t.me/s/DeltaKroneckerGithub_Clash_6973,0,0,0
https://t.me/s/DeltaKroneckerGithub_Clash_6975,0,0,0
https://t.me/s/DeltaKroneckerGithub_Clash_6977,0,0,0
https://t.me/s/DeltaKroneckerGithub_Clash_6979,0,0,0
https://t.me/s/DeltaKroneckerGithub_Clash_6981,0,0,0
https://t.me/s/DeltaKroneckerGithub_Clash_6983,0,0,0
https://t.me/s/DeltaKroneckerGithub_Clash_6985,0,0,0
https://t.me/s/DeltaKroneckerGithub_Clash_6987,0,0,0
https://t.me/s/DeltaKroneckerGithub_Clash_6989,0,0,0
https://t.me/s/DeltaKroneckerGithub_Clash_699,0,0,0
https://t.me/s/DeltaKroneckerGithub_Clash_6991,0,0,0
https://t.me/s/DeltaKroneckerGithub_Clash_6993,0,0,0
https://t.me/s/DeltaKroneckerGithub_Clash_6995,0,0,0
https://t.me/s/DeltaKroneckerGithub_Clash_6997,0,0,0
https://t.me/s/DeltaKroneckerGithub_Clash_6999,0,0,0
https://t.me/s/DeltaKroneckerGithub_Clash_7,0,0,0
https://t.me/s/DeltaKroneckerGithub_Clash_7001,0,0,0
https://t.me/s/DeltaKroneckerGithub_Clash_7003,0,0,0
https://t.me/s/DeltaKroneckerGithub_Clash_7005,0,0,0
https://t.me/s/DeltaKroneckerGithub_Clash_7007,0,0,0
https://t.me/s/DeltaKroneckerGithub_Clash_7009,0,0,0
https://t.me/s/DeltaKroneckerGithub_Clash_701,0,0,0
https://t.me/s/DeltaKroneckerGithub_Clash_7011,0,0,0
https://t.me/s/DeltaKroneckerGithub_Clash_7013,0,0,0
https://t.me/s/DeltaKroneckerGithub_Clash_7015,0,0,0
https://t.me/s/DeltaKroneckerGithub_Clash_7017,0,0,0
https://t.me/s/DeltaKroneckerGithub_Clash_7019,0,0,0
https://t.me/s/DeltaKroneckerGithub_Clash_7021,0,0,0
https://t.me/s/DeltaKroneckerGithub_Clash_7023,0,0,0
https://t.me/s/DeltaKroneckerGithub_Clash_7025,0,0,0
https://t.me/s/DeltaKroneckerGithub_Clash_7027,0,0,0
https://t.me/s/DeltaKroneckerGithub_Clash_7029,0,0,0
https://t.me/s/DeltaKroneckerGithub_Clash_703,0,0,0
https://t.me/s/DeltaKroneckerGithub_Clash_7031,0,0,0
https://t.me/s/DeltaKroneckerGithub_Clash_7033,0,0,0
https://t.me/s/DeltaKroneckerGithub_Clash_7035,0,0,0
https://t.me/s/DeltaKroneckerGithub_Clash_7037,0,0,0
https://t.me/s/DeltaKroneckerGithub_Clash_7039,0,0,0
https://t.me/s/DeltaKroneckerGithub_Clash_7041,0,0,0
https://t.me/s/DeltaKroneckerGithub_Clash_7043,0,0,0
https://t.me/s/DeltaKroneckerGithub_Clash_7045,0,0,0
https://t.me/s/DeltaKroneckerGithub_Clash_7047,0,0,0
https://t.me/s/DeltaKroneckerGithub_Clash_7049,0,0,0
https://t.me/s/DeltaKroneckerGithub_Clash_705,0,0,0
https://t.me/s/DeltaKroneckerGithub_Clash_7051,0,0,0
https://t.me/s/DeltaKroneckerGithub_Clash_7053,0,0,0
https://t.me/s/DeltaKroneckerGithub_Clash_7055,0,0,0
https://t.me/s/DeltaKroneckerGithub_Clash_7057,0,0,0
https://t.me/s/DeltaKroneckerGithub_Clash_7059,0,0,0
https://t.me/s/DeltaKroneckerGithub_Clash_7061,0,0,0
https://t.me/s/DeltaKroneckerGithub_Clash_7063,0,0,0
https://t.me/s/DeltaKroneckerGithub_Clash_7065,0,0,0
https://t.me/s/DeltaKroneckerGithub_Clash_7067,0,0,0
https://t.me/s/DeltaKroneckerGithub_Clash_7069,0,0,0
https://t.me/s/DeltaKroneckerGithub_Clash_707,0,0,0
https://t.me/s/DeltaKroneckerGithub_Clash_7071,0,0,0
https://t.me/s/DeltaKroneckerGithub_Clash_7073,0,0,0
https://t.me/s/DeltaKroneckerGithub_Clash_7075,0,0,0
https://t.me/s/DeltaKroneckerGithub_Clash_7077,0,0,0
https://t.me/s/DeltaKroneckerGithub_Clash_7079,0,0,0
https://t.me/s/DeltaKroneckerGithub_Clash_7081,0,0,0
https://t.me/s/DeltaKroneckerGithub_Clash_7083,0,0,0
https://t.me/s/DeltaKroneckerGithub_Clash_7085,0,0,0
https://t.me/s/DeltaKroneckerGithub_Clash_7087,0,0,0
https://t.me/s/DeltaKroneckerGithub_Clash_7089,0,0,0
https://t.me/s/DeltaKroneckerGithub_Clash_709,0,0,0
https://t.me/s/DeltaKroneckerGithub_Clash_7091,0,0,0
https://t.me/s/DeltaKroneckerGithub_Clash_7093,0,0,0
https://t.me/s/DeltaKroneckerGithub_Clash_7095,0,0,0
https://t.me/s/DeltaKroneckerGithub_Clash_7097,0,0,0
https://t.me/s/DeltaKroneckerGithub_Clash_7099,0,0,0
https://t.me/s/DeltaKroneckerGithub_Clash_71,0,0,0
https://t.me/s/DeltaKroneckerGithub_Clash_7101,0,0,0
https://t.me/s/DeltaKroneckerGithub_Clash_7103,0,0,0
https://t.me/s/DeltaKroneckerGithub_Clash_7105,0,0,0
https://t.me/s/DeltaKroneckerGithub_Clash_7107,0,0,0
https://t.me/s/DeltaKroneckerGithub_Clash_7109,0,0,0
https://t.me/s/DeltaKroneckerGithub_Clash_711,0,0,0
https://t.me/s/DeltaKroneckerGithub_Clash_7111,0,0,0
https://t.me/s/DeltaKroneckerGithub_Clash_7113,0,0,0
https://t.me/s/DeltaKroneckerGithub_Clash_7115,0,0,0
https://t.me/s/DeltaKroneckerGithub_Clash_7117,0,0,0
https://t.me/s/DeltaKroneckerGithub_Clash_7119,0,0,0
https://t.me/s/DeltaKroneckerGithub_Clash_7121,0,0,0
https://t.me/s/DeltaKroneckerGithub_Clash_7123,0,0,0
https://t.me/s/DeltaKroneckerGithub_Clash_7125,0,0,0
https://t.me/s/DeltaKroneckerGithub_Clash_7127,0,0,0
https://t.me/s/DeltaKroneckerGithub_Clash_7129,0,0,0
https://t.me/s/DeltaKroneckerGithub_Clash_713,0,0,0
https://t.me/s/DeltaKroneckerGithub_Clash_7131,0,0,0
https://t.me/s/DeltaKroneckerGithub_Clash_7133,0,0,0
https://t.me/s/DeltaKroneckerGithub_Clash_7135,0,0,0
https://t.me/s/DeltaKroneckerGithub_Clash_7137,0,0,0
https://t.me/s/DeltaKroneckerGithub_Clash_7139,0,0,0
https://t.me/s/DeltaKroneckerGithub_Clash_7141,0,0,0
https://t.me/s/DeltaKroneckerGithub_Clash_7143,0,0,0
https://t.me/s/DeltaKroneckerGithub_Clash_7145,0,0,0
https://t.me/s/DeltaKroneckerGithub_Clash_7147,0,0,0
https://t.me/s/DeltaKroneckerGithub_Clash_7149,0,0,0
https://t.me/s/DeltaKroneckerGithub_Clash_715,0,0,0
https://t.me/s/DeltaKroneckerGithub_Clash_7151,0,0,0
https://t.me/s/DeltaKroneckerGithub_Clash_7153,0,0,0
https://t.me/s/DeltaKroneckerGithub_Clash_7155,0,0,0
https://t.me/s/DeltaKroneckerGithub_Clash_7157,0,0,0
https://t.me/s/DeltaKroneckerGithub_Clash_7159,0,0,0
https://t.me/s/DeltaKroneckerGithub_Clash_7161,0,0,0
https://t.me/s/DeltaKroneckerGithub_Clash_7163,0,0,0
https://t.me/s/DeltaKroneckerGithub_Clash_7165,0,0,0
https://t.me/s/DeltaKroneckerGithub_Clash_7167,0,0,0
https://t.me/s/DeltaKroneckerGithub_Clash_7169,0,0,0
https://t.me/s/DeltaKroneckerGithub_Clash_717,0,0,0
https://t.me/s/DeltaKroneckerGithub_Clash_7171,0,0,0
https://t.me/s/DeltaKroneckerGithub_Clash_7173,0,0,0
https://t.me/s/DeltaKroneckerGithub_Clash_7175,0,0,0
https://t.me/s/DeltaKroneckerGithub_Clash_7177,0,0,0
https://t.me/s/DeltaKroneckerGithub_Clash_7179,0,0,0
https://t.me/s/DeltaKroneckerGithub_Clash_7181,0,0,0
https://t.me/s/DeltaKroneckerGithub_Clash_7183,0,0,0
https://t.me/s/DeltaKroneckerGithub_Clash_7185,0,0,0
https://t.me/s/DeltaKroneckerGithub_Clash_7187,0,0,0
https://t.me/s/DeltaKroneckerGithub_Clash_7189,0,0,0
https://t.me/s/DeltaKroneckerGithub_Clash_719,0,0,0
https://t.me/s/DeltaKroneckerGithub_Clash_7191,0,0,0
https://t.me/s/DeltaKroneckerGithub_Clash_7193,0,0,0
https://t.me/s/DeltaKroneckerGithub_Clash_7195,0,0,0
https://t.me/s/DeltaKroneckerGithub_Clash_7197,0,0,0
https://t.me/s/DeltaKroneckerGithub_Clash_7199,0,0,0
https://t.me/s/DeltaKroneckerGithub_Clash_7201,0,0,0
https://t.me/s/DeltaKroneckerGithub_Clash_7203,0,0,0
https://t.me/s/DeltaKroneckerGithub_Clash_7205,0,0,0
https://t.me/s/DeltaKroneckerGithub_Clash_7207,0,0,0
https://t.me/s/DeltaKroneckerGithub_Clash_7209,0,0,0
https://t.me/s/DeltaKroneckerGithub_Clash_721,0,0,0
https://t.me/s/DeltaKroneckerGithub_Clash_7211,0,0,0
https://t.me/s/DeltaKroneckerGithub_Clash_7213,0,0,0
https://t.me/s/DeltaKroneckerGithub_Clash_7215,0,0,0
https://t.me/s/DeltaKroneckerGithub_Clash_7217,0,0,0
https://t.me/s/DeltaKroneckerGithub_Clash_7219,0,0,0
https://t.me/s/DeltaKroneckerGithub_Clash_7221,0,0,0
https://t.me/s/DeltaKroneckerGithub_Clash_7223,0,0,0
https://t.me/s/DeltaKroneckerGithub_Clash_7225,0,0,0
https://t.me/s/DeltaKroneckerGithub_Clash_7227,0,0,0
https://t.me/s/DeltaKroneckerGithub_Clash_7229,0,0,0
https://t.me/s/DeltaKroneckerGithub_Clash_723,0,0,0
https://t.me/s/DeltaKroneckerGithub_Clash_7231,0,0,0
https://t.me/s/DeltaKroneckerGithub_Clash_7233,0,0,0
https://t.me/s/DeltaKroneckerGithub_Clash_7235,0,0,0
https://t.me/s/DeltaKroneckerGithub_Clash_7237,0,0,0
https://t.me/s/DeltaKroneckerGithub_Clash_7239,0,0,0
https://t.me/s/DeltaKroneckerGithub_Clash_7241,0,0,0
https://t.me/s/DeltaKroneckerGithub_Clash_7243,0,0,0
https://t.me/s/DeltaKroneckerGithub_Clash_7245,0,0,0
https://t.me/s/DeltaKroneckerGithub_Clash_7247,0,0,0
https://t.me/s/DeltaKroneckerGithub_Clash_7249,0,0,0
https://t.me/s/DeltaKroneckerGithub_Clash_725,0,0,0
https://t.me/s/DeltaKroneckerGithub_Clash_7251,0,0,0
https://t.me/s/DeltaKroneckerGithub_Clash_7253,0,0,0
https://t.me/s/DeltaKroneckerGithub_Clash_7255,0,0,0
https://t.me/s/DeltaKroneckerGithub_Clash_7257,0,0,0
https://t.me/s/DeltaKroneckerGithub_Clash_7259,0,0,0
https://t.me/s/DeltaKroneckerGithub_Clash_7261,0,0,0
https://t.me/s/DeltaKroneckerGithub_Clash_7263,0,0,0
https://t.me/s/DeltaKroneckerGithub_Clash_7265,0,0,0
https://t.me/s/DeltaKroneckerGithub_Clash_7267,0,0,0
https://t.me/s/DeltaKroneckerGithub_Clash_7269,0,0,0
https://t.me/s/DeltaKroneckerGithub_Clash_727,0,0,0
https://t.me/s/DeltaKroneckerGithub_Clash_7271,0,0,0
https://t.me/s/DeltaKroneckerGithub_Clash_7273,0,0,0
https://t.me/s/DeltaKroneckerGithub_Clash_7275,0,0,0
https://t.me/s/DeltaKroneckerGithub_Clash_7277,0,0,0
https://t.me/s/DeltaKroneckerGithub_Clash_7279,0,0,0
https://t.me/s/DeltaKroneckerGithub_Clash_7281,0,0,0
https://t.me/s/DeltaKroneckerGithub_Clash_7283,0,0,0
https://t.me/s/DeltaKroneckerGithub_Clash_7285,0,0,0
https://t.me/s/DeltaKroneckerGithub_Clash_7287,0,0,0
https://t.me/s/DeltaKroneckerGithub_Clash_7289,0,0,0
https://t.me/s/DeltaKroneckerGithub_Clash_729,0,0,0
https://t.me/s/DeltaKroneckerGithub_Clash_7291,0,0,0
https://t.me/s/DeltaKroneckerGithub_Clash_7293,0,0,0
https://t.me/s/DeltaKroneckerGithub_Clash_7295,0,0,0
https://t.me/s/DeltaKroneckerGithub_Clash_7297,0,0,0
https://t.me/s/DeltaKroneckerGithub_Clash_7299,0,0,0
https://t.me/s/DeltaKroneckerGithub_Clash_73,0,0,0
https://t.me/s/DeltaKroneckerGithub_Clash_7301,0,0,0
https://t.me/s/DeltaKroneckerGithub_Clash_7303,0,0,0
https://t.me/s/DeltaKroneckerGithub_Clash_7305,0,0,0
https://t.me/s/DeltaKroneckerGithub_Clash_7307,0,0,0
https://t.me/s/DeltaKroneckerGithub_Clash_7309,0,0,0
https://t.me/s/DeltaKroneckerGithub_Clash_731,0,0,0
https://t.me/s/DeltaKroneckerGithub_Clash_7311,0,0,0
https://t.me/s/DeltaKroneckerGithub_Clash_7313,0,0,0
https://t.me/s/DeltaKroneckerGithub_Clash_7315,0,0,0
https://t.me/s/DeltaKroneckerGithub_Clash_7317,0,0,0
https://t.me/s/DeltaKroneckerGithub_Clash_7319,0,0,0
https://t.me/s/DeltaKroneckerGithub_Clash_7321,0,0,0
https://t.me/s/DeltaKroneckerGithub_Clash_7323,0,0,0
https://t.me/s/DeltaKroneckerGithub_Clash_7325,0,0,0
https://t.me/s/DeltaKroneckerGithub_Clash_7327,0,0,0
https://t.me/s/DeltaKroneckerGithub_Clash_7329,0,0,0
https://t.me/s/DeltaKroneckerGithub_Clash_733,0,0,0
https://t.me/s/DeltaKroneckerGithub_Clash_7331,0,0,0
https://t.me/s/DeltaKroneckerGithub_Clash_7333,0,0,0
https://t.me/s/DeltaKroneckerGithub_Clash_7335,0,0,0
https://t.me/s/DeltaKroneckerGithub_Clash_7337,0,0,0
https://t.me/s/DeltaKroneckerGithub_Clash_7339,0,0,0
https://t.me/s/DeltaKroneckerGithub_Clash_7341,0,0,0
https://t.me/s/DeltaKroneckerGithub_Clash_7343,0,0,0
https://t.me/s/DeltaKroneckerGithub_Clash_7345,0,0,0
https://t.me/s/DeltaKroneckerGithub_Clash_7347,0,0,0
https://t.me/s/DeltaKroneckerGithub_Clash_7349,0,0,0
https://t.me/s/DeltaKroneckerGithub_Clash_735,0,0,0
https://t.me/s/DeltaKroneckerGithub_Clash_7351,0,0,0
https://t.me/s/DeltaKroneckerGithub_Clash_7353,0,0,0
https://t.me/s/DeltaKroneckerGithub_Clash_7355,0,0,0
https://t.me/s/DeltaKroneckerGithub_Clash_7357,0,0,0
https://t.me/s/DeltaKroneckerGithub_Clash_7359,0,0,0
https://t.me/s/DeltaKroneckerGithub_Clash_7361,0,0,0
https://t.me/s/DeltaKroneckerGithub_Clash_7363,0,0,0
https://t.me/s/DeltaKroneckerGithub_Clash_7365,0,0,0
https://t.me/s/DeltaKroneckerGithub_Clash_7367,0,0,0
https://t.me/s/DeltaKroneckerGithub_Clash_7369,0,0,0
https://t.me/s/DeltaKroneckerGithub_Clash_737,0,0,0
https://t.me/s/DeltaKroneckerGithub_Clash_7371,0,0,0
https://t.me/s/DeltaKroneckerGithub_Clash_7373,0,0,0
https://t.me/s/DeltaKroneckerGithub_Clash_7375,0,0,0
https://t.me/s/DeltaKroneckerGithub_Clash_7377,0,0,0
https://t.me/s/DeltaKroneckerGithub_Clash_7379,0,0,0
https://t.me/s/DeltaKroneckerGithub_Clash_7381,0,0,0
https://t.me/s/DeltaKroneckerGithub_Clash_7383,0,0,0
https://t.me/s/DeltaKroneckerGithub_Clash_7385,0,0,0
https://t.me/s/DeltaKroneckerGithub_Clash_7387,0,0,0
https://t.me/s/DeltaKroneckerGithub_Clash_7389,0,0,0
https://t.me/s/DeltaKroneckerGithub_Clash_739,0,0,0
https://t.me/s/DeltaKroneckerGithub_Clash_7391,0,0,0
https://t.me/s/DeltaKroneckerGithub_Clash_7393,0,0,0
https://t.me/s/DeltaKroneckerGithub_Clash_7395,0,0,0
https://t.me/s/DeltaKroneckerGithub_Clash_7397,0,0,0
https://t.me/s/DeltaKroneckerGithub_Clash_7399,0,0,0
https://t.me/s/DeltaKroneckerGithub_Clash_7401,0,0,0
https://t.me/s/DeltaKroneckerGithub_Clash_7403,0,0,0
https://t.me/s/DeltaKroneckerGithub_Clash_7405,0,0,0
https://t.me/s/DeltaKroneckerGithub_Clash_7407,0,0,0
https://t.me/s/DeltaKroneckerGithub_Clash_7409,0,0,0
https://t.me/s/DeltaKroneckerGithub_Clash_741,0,0,0
https://t.me/s/DeltaKroneckerGithub_Clash_7411,0,0,0
https://t.me/s/DeltaKroneckerGithub_Clash_7413,0,0,0
https://t.me/s/DeltaKroneckerGithub_Clash_7415,0,0,0
https://t.me/s/DeltaKroneckerGithub_Clash_7417,0,0,0
https://t.me/s/DeltaKroneckerGithub_Clash_7419,0,0,0
https://t.me/s/DeltaKroneckerGithub_Clash_7421,0,0,0
https://t.me/s/DeltaKroneckerGithub_Clash_7423,0,0,0
https://t.me/s/DeltaKroneckerGithub_Clash_7425,0,0,0
https://t.me/s/DeltaKroneckerGithub_Clash_7427,0,0,0
https://t.me/s/DeltaKroneckerGithub_Clash_7429,0,0,0
https://t.me/s/DeltaKroneckerGithub_Clash_743,0,0,0
https://t.me/s/DeltaKroneckerGithub_Clash_7431,0,0,0
https://t.me/s/DeltaKroneckerGithub_Clash_7433,0,0,0
https://t.me/s/DeltaKroneckerGithub_Clash_7435,0,0,0
https://t.me/s/DeltaKroneckerGithub_Clash_7437,0,0,0
https://t.me/s/DeltaKroneckerGithub_Clash_7439,0,0,0
https://t.me/s/DeltaKroneckerGithub_Clash_7441,0,0,0
https://t.me/s/DeltaKroneckerGithub_Clash_7443,0,0,0
https://t.me/s/DeltaKroneckerGithub_Clash_7445,0,0,0
https://t.me/s/DeltaKroneckerGithub_Clash_7447,0,0,0
https://t.me/s/DeltaKroneckerGithub_Clash_7449,0,0,0
https://t.me/s/DeltaKroneckerGithub_Clash_7451,0,0,0
https://t.me/s/DeltaKroneckerGithub_Clash_7453,0,0,0
https://t.me/s/DeltaKroneckerGithub_Clash_7455,0,0,0
https://t.me/s/DeltaKroneckerGithub_Clash_7457,0,0,0
https://t.me/s/DeltaKroneckerGithub_Clash_7459,0,0,0
https://t.me/s/DeltaKroneckerGithub_Clash_7461,0,0,0
https://t.me/s/DeltaKroneckerGithub_Clash_7463,0,0,0
https://t.me/s/DeltaKroneckerGithub_Clash_7465,0,0,0
https://t.me/s/DeltaKroneckerGithub_Clash_7467,0,0,0
https://t.me/s/DeltaKroneckerGithub_Clash_7469,0,0,0
https://t.me/s/DeltaKroneckerGithub_Clash_747,0,0,0
https://t.me/s/DeltaKroneckerGithub_Clash_7471,0,0,0
https://t.me/s/DeltaKroneckerGithub_Clash_7473,0,0,0
https://t.me/s/DeltaKroneckerGithub_Clash_7475,0,0,0
https://t.me/s/DeltaKroneckerGithub_Clash_7477,0,0,0
https://t.me/s/DeltaKroneckerGithub_Clash_7479,0,0,0
https://t.me/s/DeltaKroneckerGithub_Clash_7481,0,0,0
https://t.me/s/DeltaKroneckerGithub_Clash_7483,0,0,0
https://t.me/s/DeltaKroneckerGithub_Clash_7485,0,0,0
https://t.me/s/DeltaKroneckerGithub_Clash_7487,0,0,0
https://t.me/s/DeltaKroneckerGithub_Clash_7489,0,0,0
https://t.me/s/DeltaKroneckerGithub_Clash_749,0,0,0
https://t.me/s/DeltaKroneckerGithub_Clash_7491,0,0,0
https://t.me/s/DeltaKroneckerGithub_Clash_7493,0,0,0
https://t.me/s/DeltaKroneckerGithub_Clash_7495,0,0,0
https://t.me/s/DeltaKroneckerGithub_Clash_7497,0,0,0
https://t.me/s/DeltaKroneckerGithub_Clash_7499,0,0,0
https://t.me/s/DeltaKroneckerGithub_Clash_75,0,0,0
https://t.me/s/DeltaKroneckerGithub_Clash_7501,0,0,0
https://t.me/s/DeltaKroneckerGithub_Clash_7503,0,0,0
https://t.me/s/DeltaKroneckerGithub_Clash_7505,0,0,0
https://t.me/s/DeltaKroneckerGithub_Clash_7507,0,0,0
https://t.me/s/DeltaKroneckerGithub_Clash_7509,0,0,0
https://t.me/s/DeltaKroneckerGithub_Clash_751,0,0,0
https://t.me/s/DeltaKroneckerGithub_Clash_7511,0,0,0
https://t.me/s/DeltaKroneckerGithub_Clash_7513,0,0,0
https://t.me/s/DeltaKroneckerGithub_Clash_7515,0,0,0
https://t.me/s/DeltaKroneckerGithub_Clash_7517,0,0,0
https://t.me/s/DeltaKroneckerGithub_Clash_7519,0,0,0
https://t.me/s/DeltaKroneckerGithub_Clash_7521,0,0,0
https://t.me/s/DeltaKroneckerGithub_Clash_7523,0,0,0
https://t.me/s/DeltaKroneckerGithub_Clash_7525,0,0,0
https://t.me/s/DeltaKroneckerGithub_Clash_7527,0,0,0
https://t.me/s/DeltaKroneckerGithub_Clash_7529,0,0,0
https://t.me/s/DeltaKroneckerGithub_Clash_753,0,0,0
https://t.me/s/DeltaKroneckerGithub_Clash_7531,0,0,0
https://t.me/s/DeltaKroneckerGithub_Clash_7533,0,0,0
https://t.me/s/DeltaKroneckerGithub_Clash_7535,0,0,0
https://t.me/s/DeltaKroneckerGithub_Clash_7537,0,0,0
https://t.me/s/DeltaKroneckerGithub_Clash_7539,0,0,0
https://t.me/s/DeltaKroneckerGithub_Clash_7541,0,0,0
https://t.me/s/DeltaKroneckerGithub_Clash_7543,0,0,0
https://t.me/s/DeltaKroneckerGithub_Clash_7545,0,0,0
https://t.me/s/DeltaKroneckerGithub_Clash_7547,0,0,0
https://t.me/s/DeltaKroneckerGithub_Clash_7549,0,0,0
https://t.me/s/DeltaKroneckerGithub_Clash_755,0,0,0
https://t.me/s/DeltaKroneckerGithub_Clash_7551,0,0,0
https://t.me/s/DeltaKroneckerGithub_Clash_7553,0,0,0
https://t.me/s/DeltaKroneckerGithub_Clash_7555,0,0,0
https://t.me/s/DeltaKroneckerGithub_Clash_7557,0,0,0
https://t.me/s/DeltaKroneckerGithub_Clash_7559,0,0,0
https://t.me/s/DeltaKroneckerGithub_Clash_7561,0,0,0
https://t.me/s/DeltaKroneckerGithub_Clash_7563,0,0,0
https://t.me/s/DeltaKroneckerGithub_Clash_7565,0,0,0
https://t.me/s/DeltaKroneckerGithub_Clash_7567,0,0,0
https://t.me/s/DeltaKroneckerGithub_Clash_7569,0,0,0
https://t.me/s/DeltaKroneckerGithub_Clash_7571,0,0,0
https://t.me/s/DeltaKroneckerGithub_Clash_7573,0,0,0
https://t.me/s/DeltaKroneckerGithub_Clash_7575,0,0,0
https://t.me/s/DeltaKroneckerGithub_Clash_7577,0,0,0
https://t.me/s/DeltaKroneckerGithub_Clash_7579,0,0,0
https://t.me/s/DeltaKroneckerGithub_Clash_7581,0,0,0
https://t.me/s/DeltaKroneckerGithub_Clash_7583,0,0,0
https://t.me/s/DeltaKroneckerGithub_Clash_7585,0,0,0
https://t.me/s/DeltaKroneckerGithub_Clash_7587,0,0,0
https://t.me/s/DeltaKroneckerGithub_Clash_7589,0,0,0
https://t.me/s/DeltaKroneckerGithub_Clash_759,0,0,0
https://t.me/s/DeltaKroneckerGithub_Clash_7591,0,0,0
https://t.me/s/DeltaKroneckerGithub_Clash_7593,0,0,0
https://t.me/s/DeltaKroneckerGithub_Clash_7595,0,0,0
https://t.me/s/DeltaKroneckerGithub_Clash_7597,0,0,0
https://t.me/s/DeltaKroneckerGithub_Clash_7599,0,0,0
https://t.me/s/DeltaKroneckerGithub_Clash_7601,0,0,0
https://t.me/s/DeltaKroneckerGithub_Clash_7603,0,0,0
https://t.me/s/DeltaKroneckerGithub_Clash_7605,0,0,0
https://t.me/s/DeltaKroneckerGithub_Clash_7607,0,0,0
https://t.me/s/DeltaKroneckerGithub_Clash_7609,0,0,0
https://t.me/s/DeltaKroneckerGithub_Clash_761,0,0,0
https://t.me/s/DeltaKroneckerGithub_Clash_7611,0,0,0
https://t.me/s/DeltaKroneckerGithub_Clash_7613,0,0,0
https://t.me/s/DeltaKroneckerGithub_Clash_7615,0,0,0
https://t.me/s/DeltaKroneckerGithub_Clash_7617,0,0,0
https://t.me/s/DeltaKroneckerGithub_Clash_7619,0,0,0
https://t.me/s/DeltaKroneckerGithub_Clash_7621,0,0,0
https://t.me/s/DeltaKroneckerGithub_Clash_7623,0,0,0
https://t.me/s/DeltaKroneckerGithub_Clash_7625,0,0,0
https://t.me/s/DeltaKroneckerGithub_Clash_7627,0,0,0
https://t.me/s/DeltaKroneckerGithub_Clash_7629,0,0,0
https://t.me/s/DeltaKroneckerGithub_Clash_763,0,0,0
https://t.me/s/DeltaKroneckerGithub_Clash_7631,0,0,0
https://t.me/s/DeltaKroneckerGithub_Clash_7633,0,0,0
https://t.me/s/DeltaKroneckerGithub_Clash_7635,0,0,0
https://t.me/s/DeltaKroneckerGithub_Clash_7637,0,0,0
https://t.me/s/DeltaKroneckerGithub_Clash_7639,0,0,0
https://t.me/s/DeltaKroneckerGithub_Clash_7641,0,0,0
https://t.me/s/DeltaKroneckerGithub_Clash_7643,0,0,0
https://t.me/s/DeltaKroneckerGithub_Clash_7645,0,0,0
https://t.me/s/DeltaKroneckerGithub_Clash_7647,0,0,0
https://t.me/s/DeltaKroneckerGithub_Clash_7649,0,0,0
https://t.me/s/DeltaKroneckerGithub_Clash_765,0,0,0
https://t.me/s/DeltaKroneckerGithub_Clash_7651,0,0,0
https://t.me/s/DeltaKroneckerGithub_Clash_7653,0,0,0
https://t.me/s/DeltaKroneckerGithub_Clash_7655,0,0,0
https://t.me/s/DeltaKroneckerGithub_Clash_7657,0,0,0
https://t.me/s/DeltaKroneckerGithub_Clash_7659,0,0,0
https://t.me/s/DeltaKroneckerGithub_Clash_7661,0,0,0
https://t.me/s/DeltaKroneckerGithub_Clash_7663,0,0,0
https://t.me/s/DeltaKroneckerGithub_Clash_7665,0,0,0
https://t.me/s/DeltaKroneckerGithub_Clash_7667,0,0,0
https://t.me/s/DeltaKroneckerGithub_Clash_7669,0,0,0
https://t.me/s/DeltaKroneckerGithub_Clash_767,0,0,0
https://t.me/s/DeltaKroneckerGithub_Clash_7671,0,0,0
https://t.me/s/DeltaKroneckerGithub_Clash_7673,0,0,0
https://t.me/s/DeltaKroneckerGithub_Clash_7675,0,0,0
https://t.me/s/DeltaKroneckerGithub_Clash_7677,0,0,0
https://t.me/s/DeltaKroneckerGithub_Clash_7679,0,0,0
https://t.me/s/DeltaKroneckerGithub_Clash_7681,0,0,0
https://t.me/s/DeltaKroneckerGithub_Clash_7683,0,0,0
https://t.me/s/DeltaKroneckerGithub_Clash_7685,0,0,0
https://t.me/s/DeltaKroneckerGithub_Clash_7687,0,0,0
https://t.me/s/DeltaKroneckerGithub_Clash_7689,0,0,0
https://t.me/s/DeltaKroneckerGithub_Clash_769,0,0,0
https://t.me/s/DeltaKroneckerGithub_Clash_7691,0,0,0
https://t.me/s/DeltaKroneckerGithub_Clash_7693,0,0,0
https://t.me/s/DeltaKroneckerGithub_Clash_7695,0,0,0
https://t.me/s/DeltaKroneckerGithub_Clash_7697,0,0,0
https://t.me/s/DeltaKroneckerGithub_Clash_7699,0,0,0
https://t.me/s/DeltaKroneckerGithub_Clash_77,0,0,0
https://t.me/s/DeltaKroneckerGithub_Clash_7701,0,0,0
https://t.me/s/DeltaKroneckerGithub_Clash_7703,0,0,0
https://t.me/s/DeltaKroneckerGithub_Clash_7705,0,0,0
https://t.me/s/DeltaKroneckerGithub_Clash_7707,0,0,0
https://t.me/s/DeltaKroneckerGithub_Clash_7709,0,0,0
https://t.me/s/DeltaKroneckerGithub_Clash_771,0,0,0
https://t.me/s/DeltaKroneckerGithub_Clash_7711,0,0,0
https://t.me/s/DeltaKroneckerGithub_Clash_7713,0,0,0
https://t.me/s/DeltaKroneckerGithub_Clash_7715,0,0,0
https://t.me/s/DeltaKroneckerGithub_Clash_7717,0,0,0
https://t.me/s/DeltaKroneckerGithub_Clash_7719,0,0,0
https://t.me/s/DeltaKroneckerGithub_Clash_7721,0,0,0
https://t.me/s/DeltaKroneckerGithub_Clash_7723,0,0,0
https://t.me/s/DeltaKroneckerGithub_Clash_7725,0,0,0
https://t.me/s/DeltaKroneckerGithub_Clash_7727,0,0,0
https://t.me/s/DeltaKroneckerGithub_Clash_7729,0,0,0
https://t.me/s/DeltaKroneckerGithub_Clash_7731,0,0,0
https://t.me/s/DeltaKroneckerGithub_Clash_7733,0,0,0
https://t.me/s/DeltaKroneckerGithub_Clash_7735,0,0,0
https://t.me/s/DeltaKroneckerGithub_Clash_7737,0,0,0
https://t.me/s/DeltaKroneckerGithub_Clash_7739,0,0,0
https://t.me/s/DeltaKroneckerGithub_Clash_7741,0,0,0
https://t.me/s/DeltaKroneckerGithub_Clash_7743,0,0,0
https://t.me/s/DeltaKroneckerGithub_Clash_7745,0,0,0
https://t.me/s/DeltaKroneckerGithub_Clash_7747,0,0,0
https://t.me/s/DeltaKroneckerGithub_Clash_7749,0,0,0
https://t.me/s/DeltaKroneckerGithub_Clash_775,0,0,0
https://t.me/s/DeltaKroneckerGithub_Clash_7751,0,0,0
https://t.me/s/DeltaKroneckerGithub_Clash_7753,0,0,0
https://t.me/s/DeltaKroneckerGithub_Clash_7755,0,0,0
https://t.me/s/DeltaKroneckerGithub_Clash_7757,0,0,0
https://t.me/s/DeltaKroneckerGithub_Clash_7759,0,0,0
https://t.me/s/DeltaKroneckerGithub_Clash_7761,0,0,0
https://t.me/s/DeltaKroneckerGithub_Clash_7763,0,0,0
https://t.me/s/DeltaKroneckerGithub_Clash_7765,0,0,0
https://t.me/s/DeltaKroneckerGithub_Clash_7767,0,0,0
https://t.me/s/DeltaKroneckerGithub_Clash_7769,0,0,0
https://t.me/s/DeltaKroneckerGithub_Clash_777,0,0,0
https://t.me/s/DeltaKroneckerGithub_Clash_7771,0,0,0
https://t.me/s/DeltaKroneckerGithub_Clash_7773,0,0,0
https://t.me/s/DeltaKroneckerGithub_Clash_7775,0,0,0
https://t.me/s/DeltaKroneckerGithub_Clash_7777,0,0,0
https://t.me/s/DeltaKroneckerGithub_Clash_7779,0,0,0
https://t.me/s/DeltaKroneckerGithub_Clash_7781,0,0,0
https://t.me/s/DeltaKroneckerGithub_Clash_7783,0,0,0
https://t.me/s/DeltaKroneckerGithub_Clash_7785,0,0,0
https://t.me/s/DeltaKroneckerGithub_Clash_7787,0,0,0
https://t.me/s/DeltaKroneckerGithub_Clash_7789,0,0,0
https://t.me/s/DeltaKroneckerGithub_Clash_779,0,0,0
https://t.me/s/DeltaKroneckerGithub_Clash_7791,0,0,0
https://t.me/s/DeltaKroneckerGithub_Clash_7793,0,0,0
https://t.me/s/DeltaKroneckerGithub_Clash_7795,0,0,0
https://t.me/s/DeltaKroneckerGithub_Clash_7797,0,0,0
https://t.me/s/DeltaKroneckerGithub_Clash_7799,0,0,0
https://t.me/s/DeltaKroneckerGithub_Clash_7801,0,0,0
https://t.me/s/DeltaKroneckerGithub_Clash_7803,0,0,0
https://t.me/s/DeltaKroneckerGithub_Clash_7805,0,0,0
https://t.me/s/DeltaKroneckerGithub_Clash_7807,0,0,0
https://t.me/s/DeltaKroneckerGithub_Clash_7809,0,0,0
https://t.me/s/DeltaKroneckerGithub_Clash_781,0,0,0
https://t.me/s/DeltaKroneckerGithub_Clash_7811,0,0,0
https://t.me/s/DeltaKroneckerGithub_Clash_7813,0,0,0
https://t.me/s/DeltaKroneckerGithub_Clash_7815,0,0,0
https://t.me/s/DeltaKroneckerGithub_Clash_7817,0,0,0
https://t.me/s/DeltaKroneckerGithub_Clash_7819,0,0,0
https://t.me/s/DeltaKroneckerGithub_Clash_7821,0,0,0
https://t.me/s/DeltaKroneckerGithub_Clash_7823,0,0,0
https://t.me/s/DeltaKroneckerGithub_Clash_7825,0,0,0
https://t.me/s/DeltaKroneckerGithub_Clash_7827,0,0,0
https://t.me/s/DeltaKroneckerGithub_Clash_7829,0,0,0
https://t.me/s/DeltaKroneckerGithub_Clash_783,0,0,0
https://t.me/s/DeltaKroneckerGithub_Clash_7831,0,0,0
https://t.me/s/DeltaKroneckerGithub_Clash_7833,0,0,0
https://t.me/s/DeltaKroneckerGithub_Clash_7835,0,0,0
https://t.me/s/DeltaKroneckerGithub_Clash_7837,0,0,0
https://t.me/s/DeltaKroneckerGithub_Clash_7839,0,0,0
https://t.me/s/DeltaKroneckerGithub_Clash_7841,0,0,0
https://t.me/s/DeltaKroneckerGithub_Clash_7843,0,0,0
https://t.me/s/DeltaKroneckerGithub_Clash_7845,0,0,0
https://t.me/s/DeltaKroneckerGithub_Clash_7847,0,0,0
https://t.me/s/DeltaKroneckerGithub_Clash_7849,0,0,0
https://t.me/s/DeltaKroneckerGithub_Clash_785,0,0,0
https://t.me/s/DeltaKroneckerGithub_Clash_7851,0,0,0
https://t.me/s/DeltaKroneckerGithub_Clash_7853,0,0,0
https://t.me/s/DeltaKroneckerGithub_Clash_7855,0,0,0
https://t.me/s/DeltaKroneckerGithub_Clash_7857,0,0,0
https://t.me/s/DeltaKroneckerGithub_Clash_7859,0,0,0
https://t.me/s/DeltaKroneckerGithub_Clash_7861,0,0,0
https://t.me/s/DeltaKroneckerGithub_Clash_7863,0,0,0
https://t.me/s/DeltaKroneckerGithub_Clash_7865,0,0,0
https://t.me/s/DeltaKroneckerGithub_Clash_7867,0,0,0
https://t.me/s/DeltaKroneckerGithub_Clash_7869,0,0,0
https://t.me/s/DeltaKroneckerGithub_Clash_787,0,0,0
https://t.me/s/DeltaKroneckerGithub_Clash_7871,0,0,0
https://t.me/s/DeltaKroneckerGithub_Clash_7873,0,0,0
https://t.me/s/DeltaKroneckerGithub_Clash_7875,0,0,0
https://t.me/s/DeltaKroneckerGithub_Clash_7877,0,0,0
https://t.me/s/DeltaKroneckerGithub_Clash_7879,0,0,0
https://t.me/s/DeltaKroneckerGithub_Clash_7881,0,0,0
https://t.me/s/DeltaKroneckerGithub_Clash_7883,0,0,0
https://t.me/s/DeltaKroneckerGithub_Clash_7885,0,0,0
https://t.me/s/DeltaKroneckerGithub_Clash_7887,0,0,0
https://t.me/s/DeltaKroneckerGithub_Clash_7889,0,0,0
https://t.me/s/DeltaKroneckerGithub_Clash_789,0,0,0
https://t.me/s/DeltaKroneckerGithub_Clash_7891,0,0,0
https://t.me/s/DeltaKroneckerGithub_Clash_7893,0,0,0
https://t.me/s/DeltaKroneckerGithub_Clash_7895,0,0,0
https://t.me/s/DeltaKroneckerGithub_Clash_7897,0,0,0
https://t.me/s/DeltaKroneckerGithub_Clash_7899,0,0,0
https://t.me/s/DeltaKroneckerGithub_Clash_79,0,0,0
https://t.me/s/DeltaKroneckerGithub_Clash_7901,0,0,0
https://t.me/s/DeltaKroneckerGithub_Clash_7903,0,0,0
https://t.me/s/DeltaKroneckerGithub_Clash_7905,0,0,0
https://t.me/s/DeltaKroneckerGithub_Clash_7907,0,0,0
https://t.me/s/DeltaKroneckerGithub_Clash_7909,0,0,0
https://t.me/s/DeltaKroneckerGithub_Clash_791,0,0,0
https://t.me/s/DeltaKroneckerGithub_Clash_7911,0,0,0
https://t.me/s/DeltaKroneckerGithub_Clash_7913,0,0,0
https://t.me/s/DeltaKroneckerGithub_Clash_7915,0,0,0
https://t.me/s/DeltaKroneckerGithub_Clash_7917,0,0,0
https://t.me/s/DeltaKroneckerGithub_Clash_7919,0,0,0
https://t.me/s/DeltaKroneckerGithub_Clash_7921,0,0,0
https://t.me/s/DeltaKroneckerGithub_Clash_7923,0,0,0
https://t.me/s/DeltaKroneckerGithub_Clash_7925,0,0,0
https://t.me/s/DeltaKroneckerGithub_Clash_7927,0,0,0
https://t.me/s/DeltaKroneckerGithub_Clash_7929,0,0,0
https://t.me/s/DeltaKroneckerGithub_Clash_793,0,0,0
https://t.me/s/DeltaKroneckerGithub_Clash_7931,0,0,0
https://t.me/s/DeltaKroneckerGithub_Clash_7933,0,0,0
https://t.me/s/DeltaKroneckerGithub_Clash_7935,0,0,0
https://t.me/s/DeltaKroneckerGithub_Clash_7937,0,0,0
https://t.me/s/DeltaKroneckerGithub_Clash_7939,0,0,0
https://t.me/s/DeltaKroneckerGithub_Clash_7941,0,0,0
https://t.me/s/DeltaKroneckerGithub_Clash_7943,0,0,0
https://t.me/s/DeltaKroneckerGithub_Clash_7945,0,0,0
https://t.me/s/DeltaKroneckerGithub_Clash_7947,0,0,0
https://t.me/s/DeltaKroneckerGithub_Clash_7949,0,0,0
https://t.me/s/DeltaKroneckerGithub_Clash_795,0,0,0
https://t.me/s/DeltaKroneckerGithub_Clash_7951,0,0,0
https://t.me/s/DeltaKroneckerGithub_Clash_7953,0,0,0
https://t.me/s/DeltaKroneckerGithub_Clash_7955,0,0,0
https://t.me/s/DeltaKroneckerGithub_Clash_7957,0,0,0
https://t.me/s/DeltaKroneckerGithub_Clash_7959,0,0,0
https://t.me/s/DeltaKroneckerGithub_Clash_7961,0,0,0
https://t.me/s/DeltaKroneckerGithub_Clash_7963,0,0,0
https://t.me/s/DeltaKroneckerGithub_Clash_7965,0,0,0
https://t.me/s/DeltaKroneckerGithub_Clash_7967,0,0,0
https://t.me/s/DeltaKroneckerGithub_Clash_7969,0,0,0
https://t.me/s/DeltaKroneckerGithub_Clash_797,0,0,0
https://t.me/s/DeltaKroneckerGithub_Clash_7971,0,0,0
https://t.me/s/DeltaKroneckerGithub_Clash_7973,0,0,0
https://t.me/s/DeltaKroneckerGithub_Clash_7975,0,0,0
https://t.me/s/DeltaKroneckerGithub_Clash_7977,0,0,0
https://t.me/s/DeltaKroneckerGithub_Clash_7979,0,0,0
https://t.me/s/DeltaKroneckerGithub_Clash_7981,0,0,0
https://t.me/s/DeltaKroneckerGithub_Clash_7983,0,0,0
https://t.me/s/DeltaKroneckerGithub_Clash_7985,0,0,0
https://t.me/s/DeltaKroneckerGithub_Clash_7987,0,0,0
https://t.me/s/DeltaKroneckerGithub_Clash_7989,0,0,0
https://t.me/s/DeltaKroneckerGithub_Clash_7991,0,0,0
https://t.me/s/DeltaKroneckerGithub_Clash_7993,0,0,0
https://t.me/s/DeltaKroneckerGithub_Clash_7995,0,0,0
https://t.me/s/DeltaKroneckerGithub_Clash_7997,0,0,0
https://t.me/s/DeltaKroneckerGithub_Clash_7999,0,0,0
https://t.me/s/DeltaKroneckerGithub_Clash_8001,0,0,0
https://t.me/s/DeltaKroneckerGithub_Clash_8003,0,0,0
https://t.me/s/DeltaKroneckerGithub_Clash_8005,0,0,0
https://t.me/s/DeltaKroneckerGithub_Clash_8007,0,0,0
https://t.me/s/DeltaKroneckerGithub_Clash_8009,0,0,0
https://t.me/s/DeltaKroneckerGithub_Clash_801,0,0,0
https://t.me/s/DeltaKroneckerGithub_Clash_8011,0,0,0
https://t.me/s/DeltaKroneckerGithub_Clash_8013,0,0,0
https://t.me/s/DeltaKroneckerGithub_Clash_8015,0,0,0
https://t.me/s/DeltaKroneckerGithub_Clash_8017,0,0,0
https://t.me/s/DeltaKroneckerGithub_Clash_8019,0,0,0
https://t.me/s/DeltaKroneckerGithub_Clash_8021,0,0,0
https://t.me/s/DeltaKroneckerGithub_Clash_8023,0,0,0
https://t.me/s/DeltaKroneckerGithub_Clash_8025,0,0,0
https://t.me/s/DeltaKroneckerGithub_Clash_8027,0,0,0
https://t.me/s/DeltaKroneckerGithub_Clash_8029,0,0,0
https://t.me/s/DeltaKroneckerGithub_Clash_8031,0,0,0
https://t.me/s/DeltaKroneckerGithub_Clash_8033,0,0,0
https://t.me/s/DeltaKroneckerGithub_Clash_8035,0,0,0
https://t.me/s/DeltaKroneckerGithub_Clash_8037,0,0,0
https://t.me/s/DeltaKroneckerGithub_Clash_8039,0,0,0
https://t.me/s/DeltaKroneckerGithub_Clash_8041,0,0,0
https://t.me/s/DeltaKroneckerGithub_Clash_8043,0,0,0
https://t.me/s/DeltaKroneckerGithub_Clash_8045,0,0,0
https://t.me/s/DeltaKroneckerGithub_Clash_8047,0,0,0
https://t.me/s/DeltaKroneckerGithub_Clash_8049,0,0,0
https://t.me/s/DeltaKroneckerGithub_Clash_805,0,0,0
https://t.me/s/DeltaKroneckerGithub_Clash_8051,0,0,0
https://t.me/s/DeltaKroneckerGithub_Clash_8053,0,0,0
https://t.me/s/DeltaKroneckerGithub_Clash_8055,0,0,0
https://t.me/s/DeltaKroneckerGithub_Clash_8057,0,0,0
https://t.me/s/DeltaKroneckerGithub_Clash_8059,0,0,0
https://t.me/s/DeltaKroneckerGithub_Clash_8061,0,0,0
https://t.me/s/DeltaKroneckerGithub_Clash_8063,0,0,0
https://t.me/s/DeltaKroneckerGithub_Clash_8065,0,0,0
https://t.me/s/DeltaKroneckerGithub_Clash_8067,0,0,0
https://t.me/s/DeltaKroneckerGithub_Clash_8069,0,0,0
https://t.me/s/DeltaKroneckerGithub_Clash_807,0,0,0
https://t.me/s/DeltaKroneckerGithub_Clash_8071,0,0,0
https://t.me/s/DeltaKroneckerGithub_Clash_8073,0,0,0
https://t.me/s/DeltaKroneckerGithub_Clash_8075,0,0,0
https://t.me/s/DeltaKroneckerGithub_Clash_8077,0,0,0
https://t.me/s/DeltaKroneckerGithub_Clash_8079,0,0,0
https://t.me/s/DeltaKroneckerGithub_Clash_8081,0,0,0
https://t.me/s/DeltaKroneckerGithub_Clash_8083,0,0,0
https://t.me/s/DeltaKroneckerGithub_Clash_8085,0,0,0
https://t.me/s/DeltaKroneckerGithub_Clash_8087,0,0,0
https://t.me/s/DeltaKroneckerGithub_Clash_8089,0,0,0
https://t.me/s/DeltaKroneckerGithub_Clash_809,0,0,0
https://t.me/s/DeltaKroneckerGithub_Clash_8091,0,0,0
https://t.me/s/DeltaKroneckerGithub_Clash_8093,0,0,0
https://t.me/s/DeltaKroneckerGithub_Clash_8095,0,0,0
https://t.me/s/DeltaKroneckerGithub_Clash_8097,0,0,0
https://t.me/s/DeltaKroneckerGithub_Clash_8099,0,0,0
https://t.me/s/DeltaKroneckerGithub_Clash_81,0,0,0
https://t.me/s/DeltaKroneckerGithub_Clash_8101,0,0,0
https://t.me/s/DeltaKroneckerGithub_Clash_8103,0,0,0
https://t.me/s/DeltaKroneckerGithub_Clash_8105,0,0,0
https://t.me/s/DeltaKroneckerGithub_Clash_8107,0,0,0
https://t.me/s/DeltaKroneckerGithub_Clash_8109,0,0,0
https://t.me/s/DeltaKroneckerGithub_Clash_811,0,0,0
https://t.me/s/DeltaKroneckerGithub_Clash_8111,0,0,0
https://t.me/s/DeltaKroneckerGithub_Clash_8113,0,0,0
https://t.me/s/DeltaKroneckerGithub_Clash_8115,0,0,0
https://t.me/s/DeltaKroneckerGithub_Clash_8117,0,0,0
https://t.me/s/DeltaKroneckerGithub_Clash_8119,0,0,0
https://t.me/s/DeltaKroneckerGithub_Clash_8121,0,0,0
https://t.me/s/DeltaKroneckerGithub_Clash_8123,0,0,0
https://t.me/s/DeltaKroneckerGithub_Clash_8125,0,0,0
https://t.me/s/DeltaKroneckerGithub_Clash_8127,0,0,0
https://t.me/s/DeltaKroneckerGithub_Clash_8129,0,0,0
https://t.me/s/DeltaKroneckerGithub_Clash_813,0,0,0
https://t.me/s/DeltaKroneckerGithub_Clash_8131,0,0,0
https://t.me/s/DeltaKroneckerGithub_Clash_8133,0,0,0
https://t.me/s/DeltaKroneckerGithub_Clash_8135,0,0,0
https://t.me/s/DeltaKroneckerGithub_Clash_8137,0,0,0
https://t.me/s/DeltaKroneckerGithub_Clash_8139,0,0,0
https://t.me/s/DeltaKroneckerGithub_Clash_8141,0,0,0
https://t.me/s/DeltaKroneckerGithub_Clash_8143,0,0,0
https://t.me/s/DeltaKroneckerGithub_Clash_8145,0,0,0
https://t.me/s/DeltaKroneckerGithub_Clash_8147,0,0,0
https://t.me/s/DeltaKroneckerGithub_Clash_8149,0,0,0
https://t.me/s/DeltaKroneckerGithub_Clash_815,0,0,0
https://t.me/s/DeltaKroneckerGithub_Clash_8151,0,0,0
https://t.me/s/DeltaKroneckerGithub_Clash_8153,0,0,0
https://t.me/s/DeltaKroneckerGithub_Clash_8155,0,0,0
https://t.me/s/DeltaKroneckerGithub_Clash_8157,0,0,0
https://t.me/s/DeltaKroneckerGithub_Clash_8159,0,0,0
https://t.me/s/DeltaKroneckerGithub_Clash_8161,0,0,0
https://t.me/s/DeltaKroneckerGithub_Clash_8163,0,0,0
https://t.me/s/DeltaKroneckerGithub_Clash_8165,0,0,0
https://t.me/s/DeltaKroneckerGithub_Clash_8167,0,0,0
https://t.me/s/DeltaKroneckerGithub_Clash_8169,0,0,0
https://t.me/s/DeltaKroneckerGithub_Clash_817,0,0,0
https://t.me/s/DeltaKroneckerGithub_Clash_8171,0,0,0
https://t.me/s/DeltaKroneckerGithub_Clash_8173,0,0,0
https://t.me/s/DeltaKroneckerGithub_Clash_8175,0,0,0
https://t.me/s/DeltaKroneckerGithub_Clash_8177,0,0,0
https://t.me/s/DeltaKroneckerGithub_Clash_8179,0,0,0
https://t.me/s/DeltaKroneckerGithub_Clash_8181,0,0,0
https://t.me/s/DeltaKroneckerGithub_Clash_8183,0,0,0
https://t.me/s/DeltaKroneckerGithub_Clash_8185,0,0,0
https://t.me/s/DeltaKroneckerGithub_Clash_8187,0,0,0
https://t.me/s/DeltaKroneckerGithub_Clash_8189,0,0,0
https://t.me/s/DeltaKroneckerGithub_Clash_819,0,0,0
https://t.me/s/DeltaKroneckerGithub_Clash_8191,0,0,0
https://t.me/s/DeltaKroneckerGithub_Clash_8193,0,0,0
https://t.me/s/DeltaKroneckerGithub_Clash_8195,0,0,0
https://t.me/s/DeltaKroneckerGithub_Clash_8197,0,0,0
https://t.me/s/DeltaKroneckerGithub_Clash_8199,0,0,0
https://t.me/s/DeltaKroneckerGithub_Clash_8201,0,0,0
https://t.me/s/DeltaKroneckerGithub_Clash_8203,0,0,0
https://t.me/s/DeltaKroneckerGithub_Clash_8205,0,0,0
https://t.me/s/DeltaKroneckerGithub_Clash_8207,0,0,0
https://t.me/s/DeltaKroneckerGithub_Clash_8209,0,0,0
https://t.me/s/DeltaKroneckerGithub_Clash_821,0,0,0
https://t.me/s/DeltaKroneckerGithub_Clash_8211,0,0,0
https://t.me/s/DeltaKroneckerGithub_Clash_8213,0,0,0
https://t.me/s/DeltaKroneckerGithub_Clash_8215,0,0,0
https://t.me/s/DeltaKroneckerGithub_Clash_8217,0,0,0
https://t.me/s/DeltaKroneckerGithub_Clash_8219,0,0,0
https://t.me/s/DeltaKroneckerGithub_Clash_8221,0,0,0
https://t.me/s/DeltaKroneckerGithub_Clash_8223,0,0,0
https://t.me/s/DeltaKroneckerGithub_Clash_8225,0,0,0
https://t.me/s/DeltaKroneckerGithub_Clash_8227,0,0,0
https://t.me/s/DeltaKroneckerGithub_Clash_8229,0,0,0
https://t.me/s/DeltaKroneckerGithub_Clash_823,0,0,0
https://t.me/s/DeltaKroneckerGithub_Clash_8231,0,0,0
https://t.me/s/DeltaKroneckerGithub_Clash_8233,0,0,0
https://t.me/s/DeltaKroneckerGithub_Clash_8235,0,0,0
https://t.me/s/DeltaKroneckerGithub_Clash_8237,0,0,0
https://t.me/s/DeltaKroneckerGithub_Clash_8239,0,0,0
https://t.me/s/DeltaKroneckerGithub_Clash_8241,0,0,0
https://t.me/s/DeltaKroneckerGithub_Clash_8243,0,0,0
https://t.me/s/DeltaKroneckerGithub_Clash_8245,0,0,0
https://t.me/s/DeltaKroneckerGithub_Clash_8247,0,0,0
https://t.me/s/DeltaKroneckerGithub_Clash_8249,0,0,0
https://t.me/s/DeltaKroneckerGithub_Clash_825,0,0,0
https://t.me/s/DeltaKroneckerGithub_Clash_8251,0,0,0
https://t.me/s/DeltaKroneckerGithub_Clash_8253,0,0,0
https://t.me/s/DeltaKroneckerGithub_Clash_8255,0,0,0
https://t.me/s/DeltaKroneckerGithub_Clash_8257,0,0,0
https://t.me/s/DeltaKroneckerGithub_Clash_8259,0,0,0
https://t.me/s/DeltaKroneckerGithub_Clash_8261,0,0,0
https://t.me/s/DeltaKroneckerGithub_Clash_8263,0,0,0
https://t.me/s/DeltaKroneckerGithub_Clash_8265,0,0,0
https://t.me/s/DeltaKroneckerGithub_Clash_8267,0,0,0
https://t.me/s/DeltaKroneckerGithub_Clash_8269,0,0,0
https://t.me/s/DeltaKroneckerGithub_Clash_827,0,0,0
https://t.me/s/DeltaKroneckerGithub_Clash_8271,0,0,0
https://t.me/s/DeltaKroneckerGithub_Clash_8273,0,0,0
https://t.me/s/DeltaKroneckerGithub_Clash_8275,0,0,0
https://t.me/s/DeltaKroneckerGithub_Clash_8277,0,0,0
https://t.me/s/DeltaKroneckerGithub_Clash_8279,0,0,0
https://t.me/s/DeltaKroneckerGithub_Clash_8281,0,0,0
https://t.me/s/DeltaKroneckerGithub_Clash_8283,0,0,0
https://t.me/s/DeltaKroneckerGithub_Clash_8285,0,0,0
https://t.me/s/DeltaKroneckerGithub_Clash_8287,0,0,0
https://t.me/s/DeltaKroneckerGithub_Clash_8289,0,0,0
https://t.me/s/DeltaKroneckerGithub_Clash_8291,0,0,0
https://t.me/s/DeltaKroneckerGithub_Clash_8293,0,0,0
https://t.me/s/DeltaKroneckerGithub_Clash_8295,0,0,0
https://t.me/s/DeltaKroneckerGithub_Clash_8297,0,0,0
https://t.me/s/DeltaKroneckerGithub_Clash_8299,0,0,0
https://t.me/s/DeltaKroneckerGithub_Clash_83,0,0,0
https://t.me/s/DeltaKroneckerGithub_Clash_8301,0,0,0
https://t.me/s/DeltaKroneckerGithub_Clash_8303,0,0,0
https://t.me/s/DeltaKroneckerGithub_Clash_8305,0,0,0
https://t.me/s/DeltaKroneckerGithub_Clash_8307,0,0,0
https://t.me/s/DeltaKroneckerGithub_Clash_8309,0,0,0
https://t.me/s/DeltaKroneckerGithub_Clash_831,0,0,0
https://t.me/s/DeltaKroneckerGithub_Clash_8311,0,0,0
https://t.me/s/DeltaKroneckerGithub_Clash_8313,0,0,0
https://t.me/s/DeltaKroneckerGithub_Clash_8315,0,0,0
https://t.me/s/DeltaKroneckerGithub_Clash_8317,0,0,0
https://t.me/s/DeltaKroneckerGithub_Clash_8319,0,0,0
https://t.me/s/DeltaKroneckerGithub_Clash_8321,0,0,0
https://t.me/s/DeltaKroneckerGithub_Clash_8323,0,0,0
https://t.me/s/DeltaKroneckerGithub_Clash_8325,0,0,0
https://t.me/s/DeltaKroneckerGithub_Clash_8327,0,0,0
https://t.me/s/DeltaKroneckerGithub_Clash_8329,0,0,0
https://t.me/s/DeltaKroneckerGithub_Clash_833,0,0,0
https://t.me/s/DeltaKroneckerGithub_Clash_8331,0,0,0
https://t.me/s/DeltaKroneckerGithub_Clash_8333,0,0,0
https://t.me/s/DeltaKroneckerGithub_Clash_8335,0,0,0
https://t.me/s/DeltaKroneckerGithub_Clash_8337,0,0,0
https://t.me/s/DeltaKroneckerGithub_Clash_8339,0,0,0
https://t.me/s/DeltaKroneckerGithub_Clash_8341,0,0,0
https://t.me/s/DeltaKroneckerGithub_Clash_8343,0,0,0
https://t.me/s/DeltaKroneckerGithub_Clash_8345,0,0,0
https://t.me/s/DeltaKroneckerGithub_Clash_8347,0,0,0
https://t.me/s/DeltaKroneckerGithub_Clash_8349,0,0,0
https://t.me/s/DeltaKroneckerGithub_Clash_835,0,0,0
https://t.me/s/DeltaKroneckerGithub_Clash_8351,0,0,0
https://t.me/s/DeltaKroneckerGithub_Clash_8353,0,0,0
https://t.me/s/DeltaKroneckerGithub_Clash_8355,0,0,0
https://t.me/s/DeltaKroneckerGithub_Clash_8357,0,0,0
https://t.me/s/DeltaKroneckerGithub_Clash_8359,0,0,0
https://t.me/s/DeltaKroneckerGithub_Clash_8361,0,0,0
https://t.me/s/DeltaKroneckerGithub_Clash_8363,0,0,0
https://t.me/s/DeltaKroneckerGithub_Clash_8365,0,0,0
https://t.me/s/DeltaKroneckerGithub_Clash_8367,0,0,0
https://t.me/s/DeltaKroneckerGithub_Clash_8369,0,0,0
https://t.me/s/DeltaKroneckerGithub_Clash_8371,0,0,0
https://t.me/s/DeltaKroneckerGithub_Clash_8373,0,0,0
https://t.me/s/DeltaKroneckerGithub_Clash_8375,0,0,0
https://t.me/s/DeltaKroneckerGithub_Clash_8377,0,0,0
https://t.me/s/DeltaKroneckerGithub_Clash_8379,0,0,0
https://t.me/s/DeltaKroneckerGithub_Clash_8381,0,0,0
https://t.me/s/DeltaKroneckerGithub_Clash_8383,0,0,0
https://t.me/s/DeltaKroneckerGithub_Clash_8385,0,0,0
https://t.me/s/DeltaKroneckerGithub_Clash_8387,0,0,0
https://t.me/s/DeltaKroneckerGithub_Clash_8389,0,0,0
https://t.me/s/DeltaKroneckerGithub_Clash_839,0,0,0
https://t.me/s/DeltaKroneckerGithub_Clash_8391,0,0,0
https://t.me/s/DeltaKroneckerGithub_Clash_8393,0,0,0
https://t.me/s/DeltaKroneckerGithub_Clash_8395,0,0,0
https://t.me/s/DeltaKroneckerGithub_Clash_8397,0,0,0
https://t.me/s/DeltaKroneckerGithub_Clash_8399,0,0,0
https://t.me/s/DeltaKroneckerGithub_Clash_8401,0,0,0
https://t.me/s/DeltaKroneckerGithub_Clash_8403,0,0,0
https://t.me/s/DeltaKroneckerGithub_Clash_8405,0,0,0
https://t.me/s/DeltaKroneckerGithub_Clash_8407,0,0,0
https://t.me/s/DeltaKroneckerGithub_Clash_8409,0,0,0
https://t.me/s/DeltaKroneckerGithub_Clash_8411,0,0,0
https://t.me/s/DeltaKroneckerGithub_Clash_8413,0,0,0
https://t.me/s/DeltaKroneckerGithub_Clash_8415,0,0,0
https://t.me/s/DeltaKroneckerGithub_Clash_8417,0,0,0
https://t.me/s/DeltaKroneckerGithub_Clash_8419,0,0,0
https://t.me/s/DeltaKroneckerGithub_Clash_8421,0,0,0
https://t.me/s/DeltaKroneckerGithub_Clash_8423,0,0,0
https://t.me/s/DeltaKroneckerGithub_Clash_8425,0,0,0
https://t.me/s/DeltaKroneckerGithub_Clash_8427,0,0,0
https://t.me/s/DeltaKroneckerGithub_Clash_8429,0,0,0
https://t.me/s/DeltaKroneckerGithub_Clash_843,0,0,0
https://t.me/s/DeltaKroneckerGithub_Clash_8431,0,0,0
https://t.me/s/DeltaKroneckerGithub_Clash_8433,0,0,0
https://t.me/s/DeltaKroneckerGithub_Clash_8435,0,0,0
https://t.me/s/DeltaKroneckerGithub_Clash_8437,0,0,0
https://t.me/s/DeltaKroneckerGithub_Clash_8439,0,0,0
https://t.me/s/DeltaKroneckerGithub_Clash_8441,0,0,0
https://t.me/s/DeltaKroneckerGithub_Clash_8443,0,0,0
https://t.me/s/DeltaKroneckerGithub_Clash_8445,0,0,0
https://t.me/s/DeltaKroneckerGithub_Clash_8447,0,0,0
https://t.me/s/DeltaKroneckerGithub_Clash_8449,0,0,0
https://t.me/s/DeltaKroneckerGithub_Clash_845,0,0,0
https://t.me/s/DeltaKroneckerGithub_Clash_8451,0,0,0
https://t.me/s/DeltaKroneckerGithub_Clash_8453,0,0,0
https://t.me/s/DeltaKroneckerGithub_Clash_8455,0,0,0
https://t.me/s/DeltaKroneckerGithub_Clash_8457,0,0,0
https://t.me/s/DeltaKroneckerGithub_Clash_8459,0,0,0
https://t.me/s/DeltaKroneckerGithub_Clash_8461,0,0,0
https://t.me/s/DeltaKroneckerGithub_Clash_8463,0,0,0
https://t.me/s/DeltaKroneckerGithub_Clash_8465,0,0,0
https://t.me/s/DeltaKroneckerGithub_Clash_8467,0,0,0
https://t.me/s/DeltaKroneckerGithub_Clash_8469,0,0,0
https://t.me/s/DeltaKroneckerGithub_Clash_847,0,0,0
https://t.me/s/DeltaKroneckerGithub_Clash_8471,0,0,0
https://t.me/s/DeltaKroneckerGithub_Clash_8473,0,0,0
https://t.me/s/DeltaKroneckerGithub_Clash_8475,0,0,0
https://t.me/s/DeltaKroneckerGithub_Clash_8477,0,0,0
https://t.me/s/DeltaKroneckerGithub_Clash_8479,0,0,0
https://t.me/s/DeltaKroneckerGithub_Clash_8481,0,0,0
https://t.me/s/DeltaKroneckerGithub_Clash_8483,0,0,0
https://t.me/s/DeltaKroneckerGithub_Clash_8485,0,0,0
https://t.me/s/DeltaKroneckerGithub_Clash_8487,0,0,0
https://t.me/s/DeltaKroneckerGithub_Clash_8489,0,0,0
https://t.me/s/DeltaKroneckerGithub_Clash_849,0,0,0
https://t.me/s/DeltaKroneckerGithub_Clash_8491,0,0,0
https://t.me/s/DeltaKroneckerGithub_Clash_8493,0,0,0
https://t.me/s/DeltaKroneckerGithub_Clash_8495,0,0,0
https://t.me/s/DeltaKroneckerGithub_Clash_8497,0,0,0
https://t.me/s/DeltaKroneckerGithub_Clash_8499,0,0,0
https://t.me/s/DeltaKroneckerGithub_Clash_85,0,0,0
https://t.me/s/DeltaKroneckerGithub_Clash_8501,0,0,0
https://t.me/s/DeltaKroneckerGithub_Clash_8503,0,0,0
https://t.me/s/DeltaKroneckerGithub_Clash_8505,0,0,0
https://t.me/s/DeltaKroneckerGithub_Clash_8507,0,0,0
https://t.me/s/DeltaKroneckerGithub_Clash_8509,0,0,0
https://t.me/s/DeltaKroneckerGithub_Clash_851,0,0,0
https://t.me/s/DeltaKroneckerGithub_Clash_8511,0,0,0
https://t.me/s/DeltaKroneckerGithub_Clash_8513,0,0,0
https://t.me/s/DeltaKroneckerGithub_Clash_8515,0,0,0
https://t.me/s/DeltaKroneckerGithub_Clash_8517,0,0,0
https://t.me/s/DeltaKroneckerGithub_Clash_8519,0,0,0
https://t.me/s/DeltaKroneckerGithub_Clash_8521,0,0,0
https://t.me/s/DeltaKroneckerGithub_Clash_8523,0,0,0
https://t.me/s/DeltaKroneckerGithub_Clash_8525,0,0,0
https://t.me/s/DeltaKroneckerGithub_Clash_8527,0,0,0
https://t.me/s/DeltaKroneckerGithub_Clash_8529,0,0,0
https://t.me/s/DeltaKroneckerGithub_Clash_853,0,0,0
https://t.me/s/DeltaKroneckerGithub_Clash_8531,0,0,0
https://t.me/s/DeltaKroneckerGithub_Clash_8533,0,0,0
https://t.me/s/DeltaKroneckerGithub_Clash_8535,0,0,0
https://t.me/s/DeltaKroneckerGithub_Clash_8537,0,0,0
https://t.me/s/DeltaKroneckerGithub_Clash_8539,0,0,0
https://t.me/s/DeltaKroneckerGithub_Clash_8541,0,0,0
https://t.me/s/DeltaKroneckerGithub_Clash_8543,0,0,0
https://t.me/s/DeltaKroneckerGithub_Clash_8545,0,0,0
https://t.me/s/DeltaKroneckerGithub_Clash_8547,0,0,0
https://t.me/s/DeltaKroneckerGithub_Clash_8549,0,0,0
https://t.me/s/DeltaKroneckerGithub_Clash_855,0,0,0
https://t.me/s/DeltaKroneckerGithub_Clash_8551,0,0,0
https://t.me/s/DeltaKroneckerGithub_Clash_8553,0,0,0
https://t.me/s/DeltaKroneckerGithub_Clash_8555,0,0,0
https://t.me/s/DeltaKroneckerGithub_Clash_8557,0,0,0
https://t.me/s/DeltaKroneckerGithub_Clash_8559,0,0,0
https://t.me/s/DeltaKroneckerGithub_Clash_8561,0,0,0
https://t.me/s/DeltaKroneckerGithub_Clash_8563,0,0,0
https://t.me/s/DeltaKroneckerGithub_Clash_8565,0,0,0
https://t.me/s/DeltaKroneckerGithub_Clash_8567,0,0,0
https://t.me/s/DeltaKroneckerGithub_Clash_8569,0,0,0
https://t.me/s/DeltaKroneckerGithub_Clash_857,0,0,0
https://t.me/s/DeltaKroneckerGithub_Clash_8571,0,0,0
https://t.me/s/DeltaKroneckerGithub_Clash_8573,0,0,0
https://t.me/s/DeltaKroneckerGithub_Clash_8575,0,0,0
https://t.me/s/DeltaKroneckerGithub_Clash_8577,0,0,0
https://t.me/s/DeltaKroneckerGithub_Clash_8579,0,0,0
https://t.me/s/DeltaKroneckerGithub_Clash_8581,0,0,0
https://t.me/s/DeltaKroneckerGithub_Clash_8583,0,0,0
https://t.me/s/DeltaKroneckerGithub_Clash_8585,0,0,0
https://t.me/s/DeltaKroneckerGithub_Clash_8587,0,0,0
https://t.me/s/DeltaKroneckerGithub_Clash_8589,0,0,0
https://t.me/s/DeltaKroneckerGithub_Clash_859,0,0,0
https://t.me/s/DeltaKroneckerGithub_Clash_8591,0,0,0
https://t.me/s/DeltaKroneckerGithub_Clash_8593,0,0,0
https://t.me/s/DeltaKroneckerGithub_Clash_8595,0,0,0
https://t.me/s/DeltaKroneckerGithub_Clash_8597,0,0,0
https://t.me/s/DeltaKroneckerGithub_Clash_8599,0,0,0
https://t.me/s/DeltaKroneckerGithub_Clash_8601,0,0,0
https://t.me/s/DeltaKroneckerGithub_Clash_8603,0,0,0
https://t.me/s/DeltaKroneckerGithub_Clash_8605,0,0,0
https://t.me/s/DeltaKroneckerGithub_Clash_8607,0,0,0
https://t.me/s/DeltaKroneckerGithub_Clash_8609,0,0,0
https://t.me/s/DeltaKroneckerGithub_Clash_861,0,0,0
https://t.me/s/DeltaKroneckerGithub_Clash_8611,0,0,0
https://t.me/s/DeltaKroneckerGithub_Clash_8613,0,0,0
https://t.me/s/DeltaKroneckerGithub_Clash_8615,0,0,0
https://t.me/s/DeltaKroneckerGithub_Clash_8617,0,0,0
https://t.me/s/DeltaKroneckerGithub_Clash_8619,0,0,0
https://t.me/s/DeltaKroneckerGithub_Clash_8621,0,0,0
https://t.me/s/DeltaKroneckerGithub_Clash_8623,0,0,0
https://t.me/s/DeltaKroneckerGithub_Clash_8625,0,0,0
https://t.me/s/DeltaKroneckerGithub_Clash_8627,0,0,0
https://t.me/s/DeltaKroneckerGithub_Clash_8629,0,0,0
https://t.me/s/DeltaKroneckerGithub_Clash_8631,0,0,0
https://t.me/s/DeltaKroneckerGithub_Clash_8633,0,0,0
https://t.me/s/DeltaKroneckerGithub_Clash_8635,0,0,0
https://t.me/s/DeltaKroneckerGithub_Clash_8637,0,0,0
https://t.me/s/DeltaKroneckerGithub_Clash_8639,0,0,0
https://t.me/s/DeltaKroneckerGithub_Clash_8641,0,0,0
https://t.me/s/DeltaKroneckerGithub_Clash_8643,0,0,0
https://t.me/s/DeltaKroneckerGithub_Clash_8645,0,0,0
https://t.me/s/DeltaKroneckerGithub_Clash_8647,0,0,0
https://t.me/s/DeltaKroneckerGithub_Clash_8649,0,0,0
https://t.me/s/DeltaKroneckerGithub_Clash_865,0,0,0
https://t.me/s/DeltaKroneckerGithub_Clash_8651,0,0,0
https://t.me/s/DeltaKroneckerGithub_Clash_8653,0,0,0
https://t.me/s/DeltaKroneckerGithub_Clash_8655,0,0,0
https://t.me/s/DeltaKroneckerGithub_Clash_8657,0,0,0
https://t.me/s/DeltaKroneckerGithub_Clash_8659,0,0,0
https://t.me/s/DeltaKroneckerGithub_Clash_8661,0,0,0
https://t.me/s/DeltaKroneckerGithub_Clash_8663,0,0,0
https://t.me/s/DeltaKroneckerGithub_Clash_8665,0,0,0
https://t.me/s/DeltaKroneckerGithub_Clash_8667,0,0,0
https://t.me/s/DeltaKroneckerGithub_Clash_8669,0,0,0
https://t.me/s/DeltaKroneckerGithub_Clash_867,0,0,0
https://t.me/s/DeltaKroneckerGithub_Clash_8671,0,0,0
https://t.me/s/DeltaKroneckerGithub_Clash_8673,0,0,0
https://t.me/s/DeltaKroneckerGithub_Clash_8675,0,0,0
https://t.me/s/DeltaKroneckerGithub_Clash_8677,0,0,0
https://t.me/s/DeltaKroneckerGithub_Clash_8679,0,0,0
https://t.me/s/DeltaKroneckerGithub_Clash_8681,0,0,0
https://t.me/s/DeltaKroneckerGithub_Clash_8683,0,0,0
https://t.me/s/DeltaKroneckerGithub_Clash_8685,0,0,0
https://t.me/s/DeltaKroneckerGithub_Clash_8687,0,0,0
https://t.me/s/DeltaKroneckerGithub_Clash_8689,0,0,0
https://t.me/s/DeltaKroneckerGithub_Clash_869,0,0,0
https://t.me/s/DeltaKroneckerGithub_Clash_8691,0,0,0
https://t.me/s/DeltaKroneckerGithub_Clash_8693,0,0,0
https://t.me/s/DeltaKroneckerGithub_Clash_8695,0,0,0
https://t.me/s/DeltaKroneckerGithub_Clash_8697,0,0,0
https://t.me/s/DeltaKroneckerGithub_Clash_8699,0,0,0
https://t.me/s/DeltaKroneckerGithub_Clash_87,0,0,0
https://t.me/s/DeltaKroneckerGithub_Clash_8701,0,0,0
https://t.me/s/DeltaKroneckerGithub_Clash_8703,0,0,0
https://t.me/s/DeltaKroneckerGithub_Clash_8705,0,0,0
https://t.me/s/DeltaKroneckerGithub_Clash_8707,0,0,0
https://t.me/s/DeltaKroneckerGithub_Clash_8709,0,0,0
https://t.me/s/DeltaKroneckerGithub_Clash_871,0,0,0
https://t.me/s/DeltaKroneckerGithub_Clash_8711,0,0,0
https://t.me/s/DeltaKroneckerGithub_Clash_8713,0,0,0
https://t.me/s/DeltaKroneckerGithub_Clash_8715,0,0,0
https://t.me/s/DeltaKroneckerGithub_Clash_8717,0,0,0
https://t.me/s/DeltaKroneckerGithub_Clash_8719,0,0,0
https://t.me/s/DeltaKroneckerGithub_Clash_8721,0,0,0
https://t.me/s/DeltaKroneckerGithub_Clash_8723,0,0,0
https://t.me/s/DeltaKroneckerGithub_Clash_8725,0,0,0
https://t.me/s/DeltaKroneckerGithub_Clash_8727,0,0,0
https://t.me/s/DeltaKroneckerGithub_Clash_8729,0,0,0
https://t.me/s/DeltaKroneckerGithub_Clash_873,0,0,0
https://t.me/s/DeltaKroneckerGithub_Clash_8731,0,0,0
https://t.me/s/DeltaKroneckerGithub_Clash_8733,0,0,0
https://t.me/s/DeltaKroneckerGithub_Clash_8735,0,0,0
https://t.me/s/DeltaKroneckerGithub_Clash_8737,0,0,0
https://t.me/s/DeltaKroneckerGithub_Clash_8739,0,0,0
https://t.me/s/DeltaKroneckerGithub_Clash_8741,0,0,0
https://t.me/s/DeltaKroneckerGithub_Clash_8743,0,0,0
https://t.me/s/DeltaKroneckerGithub_Clash_8745,0,0,0
https://t.me/s/DeltaKroneckerGithub_Clash_8747,0,0,0
https://t.me/s/DeltaKroneckerGithub_Clash_8749,0,0,0
https://t.me/s/DeltaKroneckerGithub_Clash_875,0,0,0
https://t.me/s/DeltaKroneckerGithub_Clash_8751,0,0,0
https://t.me/s/DeltaKroneckerGithub_Clash_8753,0,0,0
https://t.me/s/DeltaKroneckerGithub_Clash_8755,0,0,0
https://t.me/s/DeltaKroneckerGithub_Clash_8757,0,0,0
https://t.me/s/DeltaKroneckerGithub_Clash_8759,0,0,0
https://t.me/s/DeltaKroneckerGithub_Clash_8761,0,0,0
https://t.me/s/DeltaKroneckerGithub_Clash_8763,0,0,0
https://t.me/s/DeltaKroneckerGithub_Clash_8765,0,0,0
https://t.me/s/DeltaKroneckerGithub_Clash_8767,0,0,0
https://t.me/s/DeltaKroneckerGithub_Clash_8769,0,0,0
https://t.me/s/DeltaKroneckerGithub_Clash_877,0,0,0
https://t.me/s/DeltaKroneckerGithub_Clash_8771,0,0,0
https://t.me/s/DeltaKroneckerGithub_Clash_8773,0,0,0
https://t.me/s/DeltaKroneckerGithub_Clash_8775,0,0,0
https://t.me/s/DeltaKroneckerGithub_Clash_8777,0,0,0
https://t.me/s/DeltaKroneckerGithub_Clash_8779,0,0,0
https://t.me/s/DeltaKroneckerGithub_Clash_8781,0,0,0
https://t.me/s/DeltaKroneckerGithub_Clash_8783,0,0,0
https://t.me/s/DeltaKroneckerGithub_Clash_8785,0,0,0
https://t.me/s/DeltaKroneckerGithub_Clash_8787,0,0,0
https://t.me/s/DeltaKroneckerGithub_Clash_8789,0,0,0
https://t.me/s/DeltaKroneckerGithub_Clash_879,0,0,0
https://t.me/s/DeltaKroneckerGithub_Clash_8791,0,0,0
https://t.me/s/DeltaKroneckerGithub_Clash_8793,0,0,0
https://t.me/s/DeltaKroneckerGithub_Clash_8795,0,0,0
https://t.me/s/DeltaKroneckerGithub_Clash_8797,0,0,0
https://t.me/s/DeltaKroneckerGithub_Clash_8799,0,0,0
https://t.me/s/DeltaKroneckerGithub_Clash_8801,0,0,0
https://t.me/s/DeltaKroneckerGithub_Clash_8803,0,0,0
https://t.me/s/DeltaKroneckerGithub_Clash_8805,0,0,0
https://t.me/s/DeltaKroneckerGithub_Clash_8807,0,0,0
https://t.me/s/DeltaKroneckerGithub_Clash_8809,0,0,0
https://t.me/s/DeltaKroneckerGithub_Clash_8811,0,0,0
https://t.me/s/DeltaKroneckerGithub_Clash_8813,0,0,0
https://t.me/s/DeltaKroneckerGithub_Clash_8815,0,0,0
https://t.me/s/DeltaKroneckerGithub_Clash_8817,0,0,0
https://t.me/s/DeltaKroneckerGithub_Clash_8819,0,0,0
https://t.me/s/DeltaKroneckerGithub_Clash_8821,0,0,0
https://t.me/s/DeltaKroneckerGithub_Clash_8823,0,0,0
https://t.me/s/DeltaKroneckerGithub_Clash_8825,0,0,0
https://t.me/s/DeltaKroneckerGithub_Clash_8827,0,0,0
https://t.me/s/DeltaKroneckerGithub_Clash_8829,0,0,0
https://t.me/s/DeltaKroneckerGithub_Clash_883,0,0,0
https://t.me/s/DeltaKroneckerGithub_Clash_8831,0,0,0
https://t.me/s/DeltaKroneckerGithub_Clash_8833,0,0,0
https://t.me/s/DeltaKroneckerGithub_Clash_8835,0,0,0
https://t.me/s/DeltaKroneckerGithub_Clash_8837,0,0,0
https://t.me/s/DeltaKroneckerGithub_Clash_8839,0,0,0
https://t.me/s/DeltaKroneckerGithub_Clash_8841,0,0,0
https://t.me/s/DeltaKroneckerGithub_Clash_8843,0,0,0
https://t.me/s/DeltaKroneckerGithub_Clash_8845,0,0,0
https://t.me/s/DeltaKroneckerGithub_Clash_8847,0,0,0
https://t.me/s/DeltaKroneckerGithub_Clash_8849,0,0,0
https://t.me/s/DeltaKroneckerGithub_Clash_885,0,0,0
https://t.me/s/DeltaKroneckerGithub_Clash_8851,0,0,0
https://t.me/s/DeltaKroneckerGithub_Clash_8853,0,0,0
https://t.me/s/DeltaKroneckerGithub_Clash_8855,0,0,0
https://t.me/s/DeltaKroneckerGithub_Clash_8857,0,0,0
https://t.me/s/DeltaKroneckerGithub_Clash_8859,0,0,0
https://t.me/s/DeltaKroneckerGithub_Clash_8861,0,0,0
https://t.me/s/DeltaKroneckerGithub_Clash_8863,0,0,0
https://t.me/s/DeltaKroneckerGithub_Clash_8865,0,0,0
https://t.me/s/DeltaKroneckerGithub_Clash_8867,0,0,0
https://t.me/s/DeltaKroneckerGithub_Clash_8869,0,0,0
https://t.me/s/DeltaKroneckerGithub_Clash_887,0,0,0
https://t.me/s/DeltaKroneckerGithub_Clash_8871,0,0,0
https://t.me/s/DeltaKroneckerGithub_Clash_8873,0,0,0
https://t.me/s/DeltaKroneckerGithub_Clash_8875,0,0,0
https://t.me/s/DeltaKroneckerGithub_Clash_8877,0,0,0
https://t.me/s/DeltaKroneckerGithub_Clash_8879,0,0,0
https://t.me/s/DeltaKroneckerGithub_Clash_8881,0,0,0
https://t.me/s/DeltaKroneckerGithub_Clash_8883,0,0,0
https://t.me/s/DeltaKroneckerGithub_Clash_8885,0,0,0
https://t.me/s/DeltaKroneckerGithub_Clash_8887,0,0,0
https://t.me/s/DeltaKroneckerGithub_Clash_8889,0,0,0
https://t.me/s/DeltaKroneckerGithub_Clash_889,0,0,0
https://t.me/s/DeltaKroneckerGithub_Clash_8891,0,0,0
https://t.me/s/DeltaKroneckerGithub_Clash_8893,0,0,0
https://t.me/s/DeltaKroneckerGithub_Clash_8895,0,0,0
https://t.me/s/DeltaKroneckerGithub_Clash_8897,0,0,0
https://t.me/s/DeltaKroneckerGithub_Clash_8899,0,0,0
https://t.me/s/DeltaKroneckerGithub_Clash_89,0,0,0
https://t.me/s/DeltaKroneckerGithub_Clash_8901,0,0,0
https://t.me/s/DeltaKroneckerGithub_Clash_8903,0,0,0
https://t.me/s/DeltaKroneckerGithub_Clash_8905,0,0,0
https://t.me/s/DeltaKroneckerGithub_Clash_8907,0,0,0
https://t.me/s/DeltaKroneckerGithub_Clash_8909,0,0,0
https://t.me/s/DeltaKroneckerGithub_Clash_891,0,0,0
https://t.me/s/DeltaKroneckerGithub_Clash_8911,0,0,0
https://t.me/s/DeltaKroneckerGithub_Clash_8913,0,0,0
https://t.me/s/DeltaKroneckerGithub_Clash_8915,0,0,0
https://t.me/s/DeltaKroneckerGithub_Clash_8917,0,0,0
https://t.me/s/DeltaKroneckerGithub_Clash_8919,0,0,0
https://t.me/s/DeltaKroneckerGithub_Clash_8921,0,0,0
https://t.me/s/DeltaKroneckerGithub_Clash_8923,0,0,0
https://t.me/s/DeltaKroneckerGithub_Clash_8925,0,0,0
https://t.me/s/DeltaKroneckerGithub_Clash_8927,0,0,0
https://t.me/s/DeltaKroneckerGithub_Clash_8929,0,0,0
https://t.me/s/DeltaKroneckerGithub_Clash_893,0,0,0
https://t.me/s/DeltaKroneckerGithub_Clash_8931,0,0,0
https://t.me/s/DeltaKroneckerGithub_Clash_8933,0,0,0
https://t.me/s/DeltaKroneckerGithub_Clash_8935,0,0,0
https://t.me/s/DeltaKroneckerGithub_Clash_8937,0,0,0
https://t.me/s/DeltaKroneckerGithub_Clash_8939,0,0,0
https://t.me/s/DeltaKroneckerGithub_Clash_8941,0,0,0
https://t.me/s/DeltaKroneckerGithub_Clash_8943,0,0,0
https://t.me/s/DeltaKroneckerGithub_Clash_8945,0,0,0
https://t.me/s/DeltaKroneckerGithub_Clash_8947,0,0,0
https://t.me/s/DeltaKroneckerGithub_Clash_8949,0,0,0
https://t.me/s/DeltaKroneckerGithub_Clash_895,0,0,0
https://t.me/s/DeltaKroneckerGithub_Clash_8951,0,0,0
https://t.me/s/DeltaKroneckerGithub_Clash_8953,0,0,0
https://t.me/s/DeltaKroneckerGithub_Clash_8955,0,0,0
https://t.me/s/DeltaKroneckerGithub_Clash_8957,0,0,0
https://t.me/s/DeltaKroneckerGithub_Clash_8959,0,0,0
https://t.me/s/DeltaKroneckerGithub_Clash_8961,0,0,0
https://t.me/s/DeltaKroneckerGithub_Clash_8963,0,0,0
https://t.me/s/DeltaKroneckerGithub_Clash_8965,0,0,0
https://t.me/s/DeltaKroneckerGithub_Clash_8967,0,0,0
https://t.me/s/DeltaKroneckerGithub_Clash_8969,0,0,0
https://t.me/s/DeltaKroneckerGithub_Clash_897,0,0,0
https://t.me/s/DeltaKroneckerGithub_Clash_8971,0,0,0
https://t.me/s/DeltaKroneckerGithub_Clash_8973,0,0,0
https://t.me/s/DeltaKroneckerGithub_Clash_8975,0,0,0
https://t.me/s/DeltaKroneckerGithub_Clash_8977,0,0,0
https://t.me/s/DeltaKroneckerGithub_Clash_8979,0,0,0
https://t.me/s/DeltaKroneckerGithub_Clash_8981,0,0,0
https://t.me/s/DeltaKroneckerGithub_Clash_8983,0,0,0
https://t.me/s/DeltaKroneckerGithub_Clash_8985,0,0,0
https://t.me/s/DeltaKroneckerGithub_Clash_8987,0,0,0
https://t.me/s/DeltaKroneckerGithub_Clash_8989,0,0,0
https://t.me/s/DeltaKroneckerGithub_Clash_899,0,0,0
https://t.me/s/DeltaKroneckerGithub_Clash_8991,0,0,0
https://t.me/s/DeltaKroneckerGithub_Clash_8993,0,0,0
https://t.me/s/DeltaKroneckerGithub_Clash_8995,0,0,0
https://t.me/s/DeltaKroneckerGithub_Clash_8997,0,0,0
https://t.me/s/DeltaKroneckerGithub_Clash_8999,0,0,0
https://t.me/s/DeltaKroneckerGithub_Clash_9,0,0,0
https://t.me/s/DeltaKroneckerGithub_Clash_9001,0,0,0
https://t.me/s/DeltaKroneckerGithub_Clash_9003,0,0,0
https://t.me/s/DeltaKroneckerGithub_Clash_9005,0,0,0
https://t.me/s/DeltaKroneckerGithub_Clash_9007,0,0,0
https://t.me/s/DeltaKroneckerGithub_Clash_9009,0,0,0
https://t.me/s/DeltaKroneckerGithub_Clash_901,0,0,0
https://t.me/s/DeltaKroneckerGithub_Clash_9011,0,0,0
https://t.me/s/DeltaKroneckerGithub_Clash_9013,0,0,0
https://t.me/s/DeltaKroneckerGithub_Clash_9015,0,0,0
https://t.me/s/DeltaKroneckerGithub_Clash_9017,0,0,0
https://t.me/s/DeltaKroneckerGithub_Clash_9019,0,0,0
https://t.me/s/DeltaKroneckerGithub_Clash_9021,0,0,0
https://t.me/s/DeltaKroneckerGithub_Clash_9023,0,0,0
https://t.me/s/DeltaKroneckerGithub_Clash_9025,0,0,0
https://t.me/s/DeltaKroneckerGithub_Clash_9027,0,0,0
https://t.me/s/DeltaKroneckerGithub_Clash_9029,0,0,0
https://t.me/s/DeltaKroneckerGithub_Clash_903,0,0,0
https://t.me/s/DeltaKroneckerGithub_Clash_9031,0,0,0
https://t.me/s/DeltaKroneckerGithub_Clash_9033,0,0,0
https://t.me/s/DeltaKroneckerGithub_Clash_9035,0,0,0
https://t.me/s/DeltaKroneckerGithub_Clash_9037,0,0,0
https://t.me/s/DeltaKroneckerGithub_Clash_9039,0,0,0
https://t.me/s/DeltaKroneckerGithub_Clash_9041,0,0,0
https://t.me/s/DeltaKroneckerGithub_Clash_9043,0,0,0
https://t.me/s/DeltaKroneckerGithub_Clash_9045,0,0,0
https://t.me/s/DeltaKroneckerGithub_Clash_9047,0,0,0
https://t.me/s/DeltaKroneckerGithub_Clash_9049,0,0,0
https://t.me/s/DeltaKroneckerGithub_Clash_905,0,0,0
https://t.me/s/DeltaKroneckerGithub_Clash_9051,0,0,0
https://t.me/s/DeltaKroneckerGithub_Clash_9053,0,0,0
https://t.me/s/DeltaKroneckerGithub_Clash_9055,0,0,0
https://t.me/s/DeltaKroneckerGithub_Clash_9057,0,0,0
https://t.me/s/DeltaKroneckerGithub_Clash_9059,0,0,0
https://t.me/s/DeltaKroneckerGithub_Clash_9061,0,0,0
https://t.me/s/DeltaKroneckerGithub_Clash_9063,0,0,0
https://t.me/s/DeltaKroneckerGithub_Clash_9065,0,0,0
https://t.me/s/DeltaKroneckerGithub_Clash_9067,0,0,0
https://t.me/s/DeltaKroneckerGithub_Clash_9069,0,0,0
https://t.me/s/DeltaKroneckerGithub_Clash_907,0,0,0
https://t.me/s/DeltaKroneckerGithub_Clash_9071,0,0,0
https://t.me/s/DeltaKroneckerGithub_Clash_9073,0,0,0
https://t.me/s/DeltaKroneckerGithub_Clash_9075,0,0,0
https://t.me/s/DeltaKroneckerGithub_Clash_9077,0,0,0
https://t.me/s/DeltaKroneckerGithub_Clash_9079,0,0,0
https://t.me/s/DeltaKroneckerGithub_Clash_9081,0,0,0
https://t.me/s/DeltaKroneckerGithub_Clash_9083,0,0,0
https://t.me/s/DeltaKroneckerGithub_Clash_9085,0,0,0
https://t.me/s/DeltaKroneckerGithub_Clash_9087,0,0,0
https://t.me/s/DeltaKroneckerGithub_Clash_9089,0,0,0
https://t.me/s/DeltaKroneckerGithub_Clash_909,0,0,0
https://t.me/s/DeltaKroneckerGithub_Clash_9091,0,0,0
https://t.me/s/DeltaKroneckerGithub_Clash_9093,0,0,0
https://t.me/s/DeltaKroneckerGithub_Clash_9095,0,0,0
https://t.me/s/DeltaKroneckerGithub_Clash_9097,0,0,0
https://t.me/s/DeltaKroneckerGithub_Clash_9099,0,0,0
https://t.me/s/DeltaKroneckerGithub_Clash_91,0,0,0
https://t.me/s/DeltaKroneckerGithub_Clash_9101,0,0,0
https://t.me/s/DeltaKroneckerGithub_Clash_9103,0,0,0
https://t.me/s/DeltaKroneckerGithub_Clash_9105,0,0,0
https://t.me/s/DeltaKroneckerGithub_Clash_9107,0,0,0
https://t.me/s/DeltaKroneckerGithub_Clash_9109,0,0,0
https://t.me/s/DeltaKroneckerGithub_Clash_911,0,0,0
https://t.me/s/DeltaKroneckerGithub_Clash_9111,0,0,0
https://t.me/s/DeltaKroneckerGithub_Clash_9113,0,0,0
https://t.me/s/DeltaKroneckerGithub_Clash_9115,0,0,0
https://t.me/s/DeltaKroneckerGithub_Clash_9117,0,0,0
https://t.me/s/DeltaKroneckerGithub_Clash_9119,0,0,0
https://t.me/s/DeltaKroneckerGithub_Clash_9121,0,0,0
https://t.me/s/DeltaKroneckerGithub_Clash_9123,0,0,0
https://t.me/s/DeltaKroneckerGithub_Clash_9125,0,0,0
https://t.me/s/DeltaKroneckerGithub_Clash_9127,0,0,0
https://t.me/s/DeltaKroneckerGithub_Clash_9129,0,0,0
https://t.me/s/DeltaKroneckerGithub_Clash_9131,0,0,0
https://t.me/s/DeltaKroneckerGithub_Clash_9133,0,0,0
https://t.me/s/DeltaKroneckerGithub_Clash_9135,0,0,0
https://t.me/s/DeltaKroneckerGithub_Clash_9137,0,0,0
https://t.me/s/DeltaKroneckerGithub_Clash_9139,0,0,0
https://t.me/s/DeltaKroneckerGithub_Clash_9141,0,0,0
https://t.me/s/DeltaKroneckerGithub_Clash_9143,0,0,0
https://t.me/s/DeltaKroneckerGithub_Clash_9145,0,0,0
https://t.me/s/DeltaKroneckerGithub_Clash_9147,0,0,0
https://t.me/s/DeltaKroneckerGithub_Clash_9149,0,0,0
https://t.me/s/DeltaKroneckerGithub_Clash_915,0,0,0
https://t.me/s/DeltaKroneckerGithub_Clash_9151,0,0,0
https://t.me/s/DeltaKroneckerGithub_Clash_9153,0,0,0
https://t.me/s/DeltaKroneckerGithub_Clash_9155,0,0,0
https://t.me/s/DeltaKroneckerGithub_Clash_9157,0,0,0
https://t.me/s/DeltaKroneckerGithub_Clash_9159,0,0,0
https://t.me/s/DeltaKroneckerGithub_Clash_9161,0,0,0
https://t.me/s/DeltaKroneckerGithub_Clash_9163,0,0,0
https://t.me/s/DeltaKroneckerGithub_Clash_9165,0,0,0
https://t.me/s/DeltaKroneckerGithub_Clash_9167,0,0,0
https://t.me/s/DeltaKroneckerGithub_Clash_9169,0,0,0
https://t.me/s/DeltaKroneckerGithub_Clash_917,0,0,0
https://t.me/s/DeltaKroneckerGithub_Clash_9171,0,0,0
https://t.me/s/DeltaKroneckerGithub_Clash_9173,0,0,0
https://t.me/s/DeltaKroneckerGithub_Clash_9175,0,0,0
https://t.me/s/DeltaKroneckerGithub_Clash_9177,0,0,0
https://t.me/s/DeltaKroneckerGithub_Clash_9179,0,0,0
https://t.me/s/DeltaKroneckerGithub_Clash_9181,0,0,0
https://t.me/s/DeltaKroneckerGithub_Clash_9183,0,0,0
https://t.me/s/DeltaKroneckerGithub_Clash_9185,0,0,0
https://t.me/s/DeltaKroneckerGithub_Clash_9187,0,0,0
https://t.me/s/DeltaKroneckerGithub_Clash_9189,0,0,0
https://t.me/s/DeltaKroneckerGithub_Clash_919,0,0,0
https://t.me/s/DeltaKroneckerGithub_Clash_9191,0,0,0
https://t.me/s/DeltaKroneckerGithub_Clash_9193,0,0,0
https://t.me/s/DeltaKroneckerGithub_Clash_9195,0,0,0
https://t.me/s/DeltaKroneckerGithub_Clash_9197,0,0,0
https://t.me/s/DeltaKroneckerGithub_Clash_9199,0,0,0
https://t.me/s/DeltaKroneckerGithub_Clash_9201,0,0,0
https://t.me/s/DeltaKroneckerGithub_Clash_9203,0,0,0
https://t.me/s/DeltaKroneckerGithub_Clash_9205,0,0,0
https://t.me/s/DeltaKroneckerGithub_Clash_9207,0,0,0
https://t.me/s/DeltaKroneckerGithub_Clash_9209,0,0,0
https://t.me/s/DeltaKroneckerGithub_Clash_921,0,0,0
https://t.me/s/DeltaKroneckerGithub_Clash_9211,0,0,0
https://t.me/s/DeltaKroneckerGithub_Clash_9213,0,0,0
https://t.me/s/DeltaKroneckerGithub_Clash_9215,0,0,0
https://t.me/s/DeltaKroneckerGithub_Clash_9217,0,0,0
https://t.me/s/DeltaKroneckerGithub_Clash_9219,0,0,0
https://t.me/s/DeltaKroneckerGithub_Clash_9221,0,0,0
https://t.me/s/DeltaKroneckerGithub_Clash_9223,0,0,0
https://t.me/s/DeltaKroneckerGithub_Clash_9225,0,0,0
https://t.me/s/DeltaKroneckerGithub_Clash_9227,0,0,0
https://t.me/s/DeltaKroneckerGithub_Clash_9229,0,0,0
https://t.me/s/DeltaKroneckerGithub_Clash_923,0,0,0
https://t.me/s/DeltaKroneckerGithub_Clash_9231,0,0,0
https://t.me/s/DeltaKroneckerGithub_Clash_9233,0,0,0
https://t.me/s/DeltaKroneckerGithub_Clash_9235,0,0,0
https://t.me/s/DeltaKroneckerGithub_Clash_9237,0,0,0
https://t.me/s/DeltaKroneckerGithub_Clash_9239,0,0,0
https://t.me/s/DeltaKroneckerGithub_Clash_9241,0,0,0
https://t.me/s/DeltaKroneckerGithub_Clash_9243,0,0,0
https://t.me/s/DeltaKroneckerGithub_Clash_9245,0,0,0
https://t.me/s/DeltaKroneckerGithub_Clash_9247,0,0,0
https://t.me/s/DeltaKroneckerGithub_Clash_9249,0,0,0
https://t.me/s/DeltaKroneckerGithub_Clash_9251,0,0,0
https://t.me/s/DeltaKroneckerGithub_Clash_9253,0,0,0
https://t.me/s/DeltaKroneckerGithub_Clash_9255,0,0,0
https://t.me/s/DeltaKroneckerGithub_Clash_9257,0,0,0
https://t.me/s/DeltaKroneckerGithub_Clash_9259,0,0,0
https://t.me/s/DeltaKroneckerGithub_Clash_9261,0,0,0
https://t.me/s/DeltaKroneckerGithub_Clash_9263,0,0,0
https://t.me/s/DeltaKroneckerGithub_Clash_9265,0,0,0
https://t.me/s/DeltaKroneckerGithub_Clash_9267,0,0,0
https://t.me/s/DeltaKroneckerGithub_Clash_9269,0,0,0
https://t.me/s/DeltaKroneckerGithub_Clash_9271,0,0,0
https://t.me/s/DeltaKroneckerGithub_Clash_9273,0,0,0
https://t.me/s/DeltaKroneckerGithub_Clash_9275,0,0,0
https://t.me/s/DeltaKroneckerGithub_Clash_9277,0,0,0
https://t.me/s/DeltaKroneckerGithub_Clash_9279,0,0,0
https://t.me/s/DeltaKroneckerGithub_Clash_9281,0,0,0
https://t.me/s/DeltaKroneckerGithub_Clash_9283,0,0,0
https://t.me/s/DeltaKroneckerGithub_Clash_9285,0,0,0
https://t.me/s/DeltaKroneckerGithub_Clash_9287,0,0,0
https://t.me/s/DeltaKroneckerGithub_Clash_9289,0,0,0
https://t.me/s/DeltaKroneckerGithub_Clash_929,0,0,0
https://t.me/s/DeltaKroneckerGithub_Clash_9291,0,0,0
https://t.me/s/DeltaKroneckerGithub_Clash_9293,0,0,0
https://t.me/s/DeltaKroneckerGithub_Clash_9295,0,0,0
https://t.me/s/DeltaKroneckerGithub_Clash_9297,0,0,0
https://t.me/s/DeltaKroneckerGithub_Clash_9299,0,0,0
https://t.me/s/DeltaKroneckerGithub_Clash_93,0,0,0
https://t.me/s/DeltaKroneckerGithub_Clash_9301,0,0,0
https://t.me/s/DeltaKroneckerGithub_Clash_9303,0,0,0
https://t.me/s/DeltaKroneckerGithub_Clash_9305,0,0,0
https://t.me/s/DeltaKroneckerGithub_Clash_9307,0,0,0
https://t.me/s/DeltaKroneckerGithub_Clash_9309,0,0,0
https://t.me/s/DeltaKroneckerGithub_Clash_931,0,0,0
https://t.me/s/DeltaKroneckerGithub_Clash_9311,0,0,0
https://t.me/s/DeltaKroneckerGithub_Clash_9313,0,0,0
https://t.me/s/DeltaKroneckerGithub_Clash_9315,0,0,0
https://t.me/s/DeltaKroneckerGithub_Clash_9317,0,0,0
https://t.me/s/DeltaKroneckerGithub_Clash_9319,0,0,0
https://t.me/s/DeltaKroneckerGithub_Clash_9321,0,0,0
https://t.me/s/DeltaKroneckerGithub_Clash_9323,0,0,0
https://t.me/s/DeltaKroneckerGithub_Clash_9325,0,0,0
https://t.me/s/DeltaKroneckerGithub_Clash_9327,0,0,0
https://t.me/s/DeltaKroneckerGithub_Clash_9329,0,0,0
https://t.me/s/DeltaKroneckerGithub_Clash_933,0,0,0
https://t.me/s/DeltaKroneckerGithub_Clash_9331,0,0,0
https://t.me/s/DeltaKroneckerGithub_Clash_9333,0,0,0
https://t.me/s/DeltaKroneckerGithub_Clash_9335,0,0,0
https://t.me/s/DeltaKroneckerGithub_Clash_9337,0,0,0
https://t.me/s/DeltaKroneckerGithub_Clash_9339,0,0,0
https://t.me/s/DeltaKroneckerGithub_Clash_9341,0,0,0
https://t.me/s/DeltaKroneckerGithub_Clash_9343,0,0,0
https://t.me/s/DeltaKroneckerGithub_Clash_9345,0,0,0
https://t.me/s/DeltaKroneckerGithub_Clash_9347,0,0,0
https://t.me/s/DeltaKroneckerGithub_Clash_9349,0,0,0
https://t.me/s/DeltaKroneckerGithub_Clash_935,0,0,0
https://t.me/s/DeltaKroneckerGithub_Clash_9351,0,0,0
https://t.me/s/DeltaKroneckerGithub_Clash_9353,0,0,0
https://t.me/s/DeltaKroneckerGithub_Clash_9355,0,0,0
https://t.me/s/DeltaKroneckerGithub_Clash_9357,0,0,0
https://t.me/s/DeltaKroneckerGithub_Clash_9359,0,0,0
https://t.me/s/DeltaKroneckerGithub_Clash_9361,0,0,0
https://t.me/s/DeltaKroneckerGithub_Clash_9363,0,0,0
https://t.me/s/DeltaKroneckerGithub_Clash_9365,0,0,0
https://t.me/s/DeltaKroneckerGithub_Clash_9367,0,0,0
https://t.me/s/DeltaKroneckerGithub_Clash_9369,0,0,0
https://t.me/s/DeltaKroneckerGithub_Clash_937,0,0,0
https://t.me/s/DeltaKroneckerGithub_Clash_9371,0,0,0
https://t.me/s/DeltaKroneckerGithub_Clash_9373,0,0,0
https://t.me/s/DeltaKroneckerGithub_Clash_9375,0,0,0
https://t.me/s/DeltaKroneckerGithub_Clash_9377,0,0,0
https://t.me/s/DeltaKroneckerGithub_Clash_9379,0,0,0
https://t.me/s/DeltaKroneckerGithub_Clash_9381,0,0,0
https://t.me/s/DeltaKroneckerGithub_Clash_9383,0,0,0
https://t.me/s/DeltaKroneckerGithub_Clash_9385,0,0,0
https://t.me/s/DeltaKroneckerGithub_Clash_9387,0,0,0
https://t.me/s/DeltaKroneckerGithub_Clash_9389,0,0,0
https://t.me/s/DeltaKroneckerGithub_Clash_939,0,0,0
https://t.me/s/DeltaKroneckerGithub_Clash_9391,0,0,0
https://t.me/s/DeltaKroneckerGithub_Clash_9393,0,0,0
https://t.me/s/DeltaKroneckerGithub_Clash_9395,0,0,0
https://t.me/s/DeltaKroneckerGithub_Clash_9397,0,0,0
https://t.me/s/DeltaKroneckerGithub_Clash_9399,0,0,0
https://t.me/s/DeltaKroneckerGithub_Clash_9401,0,0,0
https://t.me/s/DeltaKroneckerGithub_Clash_9403,0,0,0
https://t.me/s/DeltaKroneckerGithub_Clash_9405,0,0,0
https://t.me/s/DeltaKroneckerGithub_Clash_9407,0,0,0
https://t.me/s/DeltaKroneckerGithub_Clash_9409,0,0,0
https://t.me/s/DeltaKroneckerGithub_Clash_941,0,0,0
https://t.me/s/DeltaKroneckerGithub_Clash_9411,0,0,0
https://t.me/s/DeltaKroneckerGithub_Clash_9413,0,0,0
https://t.me/s/DeltaKroneckerGithub_Clash_9415,0,0,0
https://t.me/s/DeltaKroneckerGithub_Clash_9417,0,0,0
https://t.me/s/DeltaKroneckerGithub_Clash_9419,0,0,0
https://t.me/s/DeltaKroneckerGithub_Clash_9421,0,0,0
https://t.me/s/DeltaKroneckerGithub_Clash_9423,0,0,0
https://t.me/s/DeltaKroneckerGithub_Clash_9425,0,0,0
https://t.me/s/DeltaKroneckerGithub_Clash_9427,0,0,0
https://t.me/s/DeltaKroneckerGithub_Clash_9429,0,0,0
https://t.me/s/DeltaKroneckerGithub_Clash_943,0,0,0
https://t.me/s/DeltaKroneckerGithub_Clash_9431,0,0,0
https://t.me/s/DeltaKroneckerGithub_Clash_9433,0,0,0
https://t.me/s/DeltaKroneckerGithub_Clash_9435,0,0,0
https://t.me/s/DeltaKroneckerGithub_Clash_9437,0,0,0
https://t.me/s/DeltaKroneckerGithub_Clash_9439,0,0,0
https://t.me/s/DeltaKroneckerGithub_Clash_9441,0,0,0
https://t.me/s/DeltaKroneckerGithub_Clash_9443,0,0,0
https://t.me/s/DeltaKroneckerGithub_Clash_9445,0,0,0
https://t.me/s/DeltaKroneckerGithub_Clash_9447,0,0,0
https://t.me/s/DeltaKroneckerGithub_Clash_9449,0,0,0
https://t.me/s/DeltaKroneckerGithub_Clash_945,0,0,0
https://t.me/s/DeltaKroneckerGithub_Clash_9451,0,0,0
https://t.me/s/DeltaKroneckerGithub_Clash_9453,0,0,0
https://t.me/s/DeltaKroneckerGithub_Clash_9455,0,0,0
https://t.me/s/DeltaKroneckerGithub_Clash_9457,0,0,0
https://t.me/s/DeltaKroneckerGithub_Clash_9459,0,0,0
https://t.me/s/DeltaKroneckerGithub_Clash_9461,0,0,0
https://t.me/s/DeltaKroneckerGithub_Clash_9463,0,0,0
https://t.me/s/DeltaKroneckerGithub_Clash_9465,0,0,0
https://t.me/s/DeltaKroneckerGithub_Clash_9467,0,0,0
https://t.me/s/DeltaKroneckerGithub_Clash_9469,0,0,0
https://t.me/s/DeltaKroneckerGithub_Clash_947,0,0,0
https://t.me/s/DeltaKroneckerGithub_Clash_9471,0,0,0
https://t.me/s/DeltaKroneckerGithub_Clash_9473,0,0,0
https://t.me/s/DeltaKroneckerGithub_Clash_9475,0,0,0
https://t.me/s/DeltaKroneckerGithub_Clash_9477,0,0,0
https://t.me/s/DeltaKroneckerGithub_Clash_9479,0,0,0
https://t.me/s/DeltaKroneckerGithub_Clash_9481,0,0,0
https://t.me/s/DeltaKroneckerGithub_Clash_9483,0,0,0
https://t.me/s/DeltaKroneckerGithub_Clash_9485,0,0,0
https://t.me/s/DeltaKroneckerGithub_Clash_9487,0,0,0
https://t.me/s/DeltaKroneckerGithub_Clash_9489,0,0,0
https://t.me/s/DeltaKroneckerGithub_Clash_949,0,0,0
https://t.me/s/DeltaKroneckerGithub_Clash_9491,0,0,0
https://t.me/s/DeltaKroneckerGithub_Clash_9493,0,0,0
https://t.me/s/DeltaKroneckerGithub_Clash_9495,0,0,0
https://t.me/s/DeltaKroneckerGithub_Clash_9497,0,0,0
https://t.me/s/DeltaKroneckerGithub_Clash_9499,0,0,0
https://t.me/s/DeltaKroneckerGithub_Clash_95,0,0,0
https://t.me/s/DeltaKroneckerGithub_Clash_9501,0,0,0
https://t.me/s/DeltaKroneckerGithub_Clash_9503,0,0,0
https://t.me/s/DeltaKroneckerGithub_Clash_9505,0,0,0
https://t.me/s/DeltaKroneckerGithub_Clash_9507,0,0,0
https://t.me/s/DeltaKroneckerGithub_Clash_9509,0,0,0
https://t.me/s/DeltaKroneckerGithub_Clash_951,0,0,0
https://t.me/s/DeltaKroneckerGithub_Clash_9511,0,0,0
https://t.me/s/DeltaKroneckerGithub_Clash_9513,0,0,0
https://t.me/s/DeltaKroneckerGithub_Clash_9515,0,0,0
https://t.me/s/DeltaKroneckerGithub_Clash_9517,0,0,0
https://t.me/s/DeltaKroneckerGithub_Clash_9519,0,0,0
https://t.me/s/DeltaKroneckerGithub_Clash_9521,0,0,0
https://t.me/s/DeltaKroneckerGithub_Clash_9523,0,0,0
https://t.me/s/DeltaKroneckerGithub_Clash_9525,0,0,0
https://t.me/s/DeltaKroneckerGithub_Clash_9527,0,0,0
https://t.me/s/DeltaKroneckerGithub_Clash_9529,0,0,0
https://t.me/s/DeltaKroneckerGithub_Clash_9531,0,0,0
https://t.me/s/DeltaKroneckerGithub_Clash_9533,0,0,0
https://t.me/s/DeltaKroneckerGithub_Clash_9535,0,0,0
https://t.me/s/DeltaKroneckerGithub_Clash_9537,0,0,0
https://t.me/s/DeltaKroneckerGithub_Clash_9539,0,0,0
https://t.me/s/DeltaKroneckerGithub_Clash_9541,0,0,0
https://t.me/s/DeltaKroneckerGithub_Clash_9543,0,0,0
https://t.me/s/DeltaKroneckerGithub_Clash_9545,0,0,0
https://t.me/s/DeltaKroneckerGithub_Clash_9547,0,0,0
https://t.me/s/DeltaKroneckerGithub_Clash_9549,0,0,0
https://t.me/s/DeltaKroneckerGithub_Clash_955,0,0,0
https://t.me/s/DeltaKroneckerGithub_Clash_9551,0,0,0
https://t.me/s/DeltaKroneckerGithub_Clash_9553,0,0,0
https://t.me/s/DeltaKroneckerGithub_Clash_9555,0,0,0
https://t.me/s/DeltaKroneckerGithub_Clash_9557,0,0,0
https://t.me/s/DeltaKroneckerGithub_Clash_9559,0,0,0
https://t.me/s/DeltaKroneckerGithub_Clash_9561,0,0,0
https://t.me/s/DeltaKroneckerGithub_Clash_9563,0,0,0
https://t.me/s/DeltaKroneckerGithub_Clash_9565,0,0,0
https://t.me/s/DeltaKroneckerGithub_Clash_9567,0,0,0
https://t.me/s/DeltaKroneckerGithub_Clash_9569,0,0,0
https://t.me/s/DeltaKroneckerGithub_Clash_957,0,0,0
https://t.me/s/DeltaKroneckerGithub_Clash_9571,0,0,0
https://t.me/s/DeltaKroneckerGithub_Clash_9573,0,0,0
https://t.me/s/DeltaKroneckerGithub_Clash_9575,0,0,0
https://t.me/s/DeltaKroneckerGithub_Clash_9577,0,0,0
https://t.me/s/DeltaKroneckerGithub_Clash_9579,0,0,0
https://t.me/s/DeltaKroneckerGithub_Clash_9581,0,0,0
https://t.me/s/DeltaKroneckerGithub_Clash_9583,0,0,0
https://t.me/s/DeltaKroneckerGithub_Clash_9585,0,0,0
https://t.me/s/DeltaKroneckerGithub_Clash_9587,0,0,0
https://t.me/s/DeltaKroneckerGithub_Clash_9589,0,0,0
https://t.me/s/DeltaKroneckerGithub_Clash_959,0,0,0
https://t.me/s/DeltaKroneckerGithub_Clash_9591,0,0,0
https://t.me/s/DeltaKroneckerGithub_Clash_9593,0,0,0
https://t.me/s/DeltaKroneckerGithub_Clash_9595,0,0,0
https://t.me/s/DeltaKroneckerGithub_Clash_9597,0,0,0
https://t.me/s/DeltaKroneckerGithub_Clash_9599,0,0,0
https://t.me/s/DeltaKroneckerGithub_Clash_9601,0,0,0
https://t.me/s/DeltaKroneckerGithub_Clash_9603,0,0,0
https://t.me/s/DeltaKroneckerGithub_Clash_9605,0,0,0
https://t.me/s/DeltaKroneckerGithub_Clash_9607,0,0,0
https://t.me/s/DeltaKroneckerGithub_Clash_9609,0,0,0
https://t.me/s/DeltaKroneckerGithub_Clash_961,0,0,0
https://t.me/s/DeltaKroneckerGithub_Clash_9611,0,0,0
https://t.me/s/DeltaKroneckerGithub_Clash_9613,0,0,0
https://t.me/s/DeltaKroneckerGithub_Clash_9615,0,0,0
https://t.me/s/DeltaKroneckerGithub_Clash_9617,0,0,0
https://t.me/s/DeltaKroneckerGithub_Clash_9619,0,0,0
https://t.me/s/DeltaKroneckerGithub_Clash_9621,0,0,0
https://t.me/s/DeltaKroneckerGithub_Clash_9623,0,0,0
https://t.me/s/DeltaKroneckerGithub_Clash_9625,0,0,0
https://t.me/s/DeltaKroneckerGithub_Clash_9627,0,0,0
https://t.me/s/DeltaKroneckerGithub_Clash_9629,0,0,0
https://t.me/s/DeltaKroneckerGithub_Clash_963,0,0,0
https://t.me/s/DeltaKroneckerGithub_Clash_9631,0,0,0
https://t.me/s/DeltaKroneckerGithub_Clash_9633,0,0,0
https://t.me/s/DeltaKroneckerGithub_Clash_9635,0,0,0
https://t.me/s/DeltaKroneckerGithub_Clash_9637,0,0,0
https://t.me/s/DeltaKroneckerGithub_Clash_9639,0,0,0
https://t.me/s/DeltaKroneckerGithub_Clash_9641,0,0,0
https://t.me/s/DeltaKroneckerGithub_Clash_9643,0,0,0
https://t.me/s/DeltaKroneckerGithub_Clash_9645,0,0,0
https://t.me/s/DeltaKroneckerGithub_Clash_9647,0,0,0
https://t.me/s/DeltaKroneckerGithub_Clash_9649,0,0,0
https://t.me/s/DeltaKroneckerGithub_Clash_965,0,0,0
https://t.me/s/DeltaKroneckerGithub_Clash_9651,0,0,0
https://t.me/s/DeltaKroneckerGithub_Clash_9653,0,0,0
https://t.me/s/DeltaKroneckerGithub_Clash_9655,0,0,0
https://t.me/s/DeltaKroneckerGithub_Clash_9657,0,0,0
https://t.me/s/DeltaKroneckerGithub_Clash_9659,0,0,0
https://t.me/s/DeltaKroneckerGithub_Clash_9661,0,0,0
https://t.me/s/DeltaKroneckerGithub_Clash_9663,0,0,0
https://t.me/s/DeltaKroneckerGithub_Clash_9665,0,0,0
https://t.me/s/DeltaKroneckerGithub_Clash_9667,0,0,0
https://t.me/s/DeltaKroneckerGithub_Clash_9669,0,0,0
https://t.me/s/DeltaKroneckerGithub_Clash_967,0,0,0
https://t.me/s/DeltaKroneckerGithub_Clash_9671,0,0,0
https://t.me/s/DeltaKroneckerGithub_Clash_9673,0,0,0
https://t.me/s/DeltaKroneckerGithub_Clash_9675,0,0,0
https://t.me/s/DeltaKroneckerGithub_Clash_9677,0,0,0
https://t.me/s/DeltaKroneckerGithub_Clash_9679,0,0,0
https://t.me/s/DeltaKroneckerGithub_Clash_9681,0,0,0
https://t.me/s/DeltaKroneckerGithub_Clash_9683,0,0,0
https://t.me/s/DeltaKroneckerGithub_Clash_9685,0,0,0
https://t.me/s/DeltaKroneckerGithub_Clash_9687,0,0,0
https://t.me/s/DeltaKroneckerGithub_Clash_9689,0,0,0
https://t.me/s/DeltaKroneckerGithub_Clash_969,0,0,0
https://t.me/s/DeltaKroneckerGithub_Clash_9691,0,0,0
https://t.me/s/DeltaKroneckerGithub_Clash_9693,0,0,0
https://t.me/s/DeltaKroneckerGithub_Clash_9695,0,0,0
https://t.me/s/DeltaKroneckerGithub_Clash_9697,0,0,0
https://t.me/s/DeltaKroneckerGithub_Clash_9699,0,0,0
https://t.me/s/DeltaKroneckerGithub_Clash_97,0,0,0
https://t.me/s/DeltaKroneckerGithub_Clash_9701,0,0,0
https://t.me/s/DeltaKroneckerGithub_Clash_9703,0,0,0
https://t.me/s/DeltaKroneckerGithub_Clash_9705,0,0,0
https://t.me/s/DeltaKroneckerGithub_Clash_9707,0,0,0
https://t.me/s/DeltaKroneckerGithub_Clash_9709,0,0,0
https://t.me/s/DeltaKroneckerGithub_Clash_971,0,0,0
https://t.me/s/DeltaKroneckerGithub_Clash_9711,0,0,0
https://t.me/s/DeltaKroneckerGithub_Clash_9713,0,0,0
https://t.me/s/DeltaKroneckerGithub_Clash_9715,0,0,0
https://t.me/s/DeltaKroneckerGithub_Clash_9717,0,0,0
https://t.me/s/DeltaKroneckerGithub_Clash_9719,0,0,0
https://t.me/s/DeltaKroneckerGithub_Clash_9721,0,0,0
https://t.me/s/DeltaKroneckerGithub_Clash_9723,0,0,0
https://t.me/s/DeltaKroneckerGithub_Clash_9725,0,0,0
https://t.me/s/DeltaKroneckerGithub_Clash_9727,0,0,0
https://t.me/s/DeltaKroneckerGithub_Clash_9729,0,0,0
https://t.me/s/DeltaKroneckerGithub_Clash_973,0,0,0
https://t.me/s/DeltaKroneckerGithub_Clash_9731,0,0,0
https://t.me/s/DeltaKroneckerGithub_Clash_9733,0,0,0
https://t.me/s/DeltaKroneckerGithub_Clash_9735,0,0,0
https://t.me/s/DeltaKroneckerGithub_Clash_9737,0,0,0
https://t.me/s/DeltaKroneckerGithub_Clash_9739,0,0,0
https://t.me/s/DeltaKroneckerGithub_Clash_9741,0,0,0
https://t.me/s/DeltaKroneckerGithub_Clash_9743,0,0,0
https://t.me/s/DeltaKroneckerGithub_Clash_9745,0,0,0
https://t.me/s/DeltaKroneckerGithub_Clash_9747,0,0,0
https://t.me/s/DeltaKroneckerGithub_Clash_9749,0,0,0
https://t.me/s/DeltaKroneckerGithub_Clash_975,0,0,0
https://t.me/s/DeltaKroneckerGithub_Clash_9751,0,0,0
https://t.me/s/DeltaKroneckerGithub_Clash_9753,0,0,0
https://t.me/s/DeltaKroneckerGithub_Clash_9755,0,0,0
https://t.me/s/DeltaKroneckerGithub_Clash_9757,0,0,0
https://t.me/s/DeltaKroneckerGithub_Clash_9759,0,0,0
https://t.me/s/DeltaKroneckerGithub_Clash_9761,0,0,0
https://t.me/s/DeltaKroneckerGithub_Clash_9763,0,0,0
https://t.me/s/DeltaKroneckerGithub_Clash_9765,0,0,0
https://t.me/s/DeltaKroneckerGithub_Clash_9767,0,0,0
https://t.me/s/DeltaKroneckerGithub_Clash_9769,0,0,0
https://t.me/s/DeltaKroneckerGithub_Clash_977,0,0,0
https://t.me/s/DeltaKroneckerGithub_Clash_9771,0,0,0
https://t.me/s/DeltaKroneckerGithub_Clash_9773,0,0,0
https://t.me/s/DeltaKroneckerGithub_Clash_9775,0,0,0
https://t.me/s/DeltaKroneckerGithub_Clash_9777,0,0,0
https://t.me/s/DeltaKroneckerGithub_Clash_9779,0,0,0
https://t.me/s/DeltaKroneckerGithub_Clash_9781,0,0,0
https://t.me/s/DeltaKroneckerGithub_Clash_9783,0,0,0
https://t.me/s/DeltaKroneckerGithub_Clash_9785,0,0,0
https://t.me/s/DeltaKroneckerGithub_Clash_9787,0,0,0
https://t.me/s/DeltaKroneckerGithub_Clash_9789,0,0,0
https://t.me/s/DeltaKroneckerGithub_Clash_979,0,0,0
https://t.me/s/DeltaKroneckerGithub_Clash_9791,0,0,0
https://t.me/s/DeltaKroneckerGithub_Clash_9793,0,0,0
https://t.me/s/DeltaKroneckerGithub_Clash_9795,0,0,0
https://t.me/s/DeltaKroneckerGithub_Clash_9797,0,0,0
https://t.me/s/DeltaKroneckerGithub_Clash_9799,0,0,0
https://t.me/s/DeltaKroneckerGithub_Clash_9801,0,0,0
https://t.me/s/DeltaKroneckerGithub_Clash_9803,0,0,0
https://t.me/s/DeltaKroneckerGithub_Clash_9805,0,0,0
https://t.me/s/DeltaKroneckerGithub_Clash_9807,0,0,0
https://t.me/s/DeltaKroneckerGithub_Clash_9809,0,0,0
https://t.me/s/DeltaKroneckerGithub_Clash_981,0,0,0
https://t.me/s/DeltaKroneckerGithub_Clash_9811,0,0,0
https://t.me/s/DeltaKroneckerGithub_Clash_9813,0,0,0
https://t.me/s/DeltaKroneckerGithub_Clash_9815,0,0,0
https://t.me/s/DeltaKroneckerGithub_Clash_9817,0,0,0
https://t.me/s/DeltaKroneckerGithub_Clash_9819,0,0,0
https://t.me/s/DeltaKroneckerGithub_Clash_9821,0,0,0
https://t.me/s/DeltaKroneckerGithub_Clash_9823,0,0,0
https://t.me/s/DeltaKroneckerGithub_Clash_9825,0,0,0
https://t.me/s/DeltaKroneckerGithub_Clash_9827,0,0,0
https://t.me/s/DeltaKroneckerGithub_Clash_9829,0,0,0
https://t.me/s/DeltaKroneckerGithub_Clash_983,0,0,0
https://t.me/s/DeltaKroneckerGithub_Clash_9831,0,0,0
https://t.me/s/DeltaKroneckerGithub_Clash_9833,0,0,0
https://t.me/s/DeltaKroneckerGithub_Clash_9835,0,0,0
https://t.me/s/DeltaKroneckerGithub_Clash_9837,0,0,0
https://t.me/s/DeltaKroneckerGithub_Clash_9839,0,0,0
https://t.me/s/DeltaKroneckerGithub_Clash_9841,0,0,0
https://t.me/s/DeltaKroneckerGithub_Clash_9843,0,0,0
https://t.me/s/DeltaKroneckerGithub_Clash_9845,0,0,0
https://t.me/s/DeltaKroneckerGithub_Clash_9847,0,0,0
https://t.me/s/DeltaKroneckerGithub_Clash_9849,0,0,0
https://t.me/s/DeltaKroneckerGithub_Clash_985,0,0,0
https://t.me/s/DeltaKroneckerGithub_Clash_9851,0,0,0
https://t.me/s/DeltaKroneckerGithub_Clash_9853,0,0,0
https://t.me/s/DeltaKroneckerGithub_Clash_9855,0,0,0
https://t.me/s/DeltaKroneckerGithub_Clash_9857,0,0,0
https://t.me/s/DeltaKroneckerGithub_Clash_9859,0,0,0
https://t.me/s/DeltaKroneckerGithub_Clash_9861,0,0,0
https://t.me/s/DeltaKroneckerGithub_Clash_9863,0,0,0
https://t.me/s/DeltaKroneckerGithub_Clash_9865,0,0,0
https://t.me/s/DeltaKroneckerGithub_Clash_9867,0,0,0
https://t.me/s/DeltaKroneckerGithub_Clash_9869,0,0,0
https://t.me/s/DeltaKroneckerGithub_Clash_987,0,0,0
https://t.me/s/DeltaKroneckerGithub_Clash_9871,0,0,0
https://t.me/s/DeltaKroneckerGithub_Clash_9873,0,0,0
https://t.me/s/DeltaKroneckerGithub_Clash_9875,0,0,0
https://t.me/s/DeltaKroneckerGithub_Clash_9877,0,0,0
https://t.me/s/DeltaKroneckerGithub_Clash_9879,0,0,0
https://t.me/s/DeltaKroneckerGithub_Clash_9881,0,0,0
https://t.me/s/DeltaKroneckerGithub_Clash_9883,0,0,0
https://t.me/s/DeltaKroneckerGithub_Clash_9885,0,0,0
https://t.me/s/DeltaKroneckerGithub_Clash_9887,0,0,0
https://t.me/s/DeltaKroneckerGithub_Clash_9889,0,0,0
https://t.me/s/DeltaKroneckerGithub_Clash_989,0,0,0
https://t.me/s/DeltaKroneckerGithub_Clash_9891,0,0,0
https://t.me/s/DeltaKroneckerGithub_Clash_9893,0,0,0
https://t.me/s/DeltaKroneckerGithub_Clash_9895,0,0,0
https://t.me/s/DeltaKroneckerGithub_Clash_9897,0,0,0
https://t.me/s/DeltaKroneckerGithub_Clash_9899,0,0,0
https://t.me/s/DeltaKroneckerGithub_Clash_99,0,0,0
https://t.me/s/DeltaKroneckerGithub_Clash_9901,0,0,0
https://t.me/s/DeltaKroneckerGithub_Clash_9903,0,0,0
https://t.me/s/DeltaKroneckerGithub_Clash_9905,0,0,0
https://t.me/s/DeltaKroneckerGithub_Clash_9907,0,0,0
https://t.me/s/DeltaKroneckerGithub_Clash_9909,0,0,0
https://t.me/s/DeltaKroneckerGithub_Clash_991,0,0,0
https://t.me/s/DeltaKroneckerGithub_Clash_9911,0,0,0
https://t.me/s/DeltaKroneckerGithub_Clash_9913,0,0,0
https://t.me/s/DeltaKroneckerGithub_Clash_9915,0,0,0
https://t.me/s/DeltaKroneckerGithub_Clash_9917,0,0,0
https://t.me/s/DeltaKroneckerGithub_Clash_9919,0,0,0
https://t.me/s/DeltaKroneckerGithub_Clash_9921,0,0,0
https://t.me/s/DeltaKroneckerGithub_Clash_9923,0,0,0
https://t.me/s/DeltaKroneckerGithub_Clash_9925,0,0,0
https://t.me/s/DeltaKroneckerGithub_Clash_9927,0,0,0
https://t.me/s/DeltaKroneckerGithub_Clash_9929,0,0,0
https://t.me/s/DeltaKroneckerGithub_Clash_993,0,0,0
https://t.me/s/DeltaKroneckerGithub_Clash_9931,0,0,0
https://t.me/s/DeltaKroneckerGithub_Clash_9933,0,0,0
https://t.me/s/DeltaKroneckerGithub_Clash_9935,0,0,0
https://t.me/s/DeltaKroneckerGithub_Clash_9937,0,0,0
https://t.me/s/DeltaKroneckerGithub_Clash_9939,0,0,0
https://t.me/s/DeltaKroneckerGithub_Clash_9941,0,0,0
https://t.me/s/DeltaKroneckerGithub_Clash_9943,0,0,0
https://t.me/s/DeltaKroneckerGithub_Clash_9945,0,0,0
https://t.me/s/DeltaKroneckerGithub_Clash_9947,0,0,0
https://t.me/s/DeltaKroneckerGithub_Clash_9949,0,0,0
https://t.me/s/DeltaKroneckerGithub_Clash_995,0,0,0
https://t.me/s/DeltaKroneckerGithub_Clash_9951,0,0,0
https://t.me/s/DeltaKroneckerGithub_Clash_9953,0,0,0
https://t.me/s/DeltaKroneckerGithub_Clash_9955,0,0,0
https://t.me/s/DeltaKroneckerGithub_Clash_9957,0,0,0
https://t.me/s/DeltaKroneckerGithub_Clash_9959,0,0,0
https://t.me/s/DeltaKroneckerGithub_Clash_9961,0,0,0
https://t.me/s/DeltaKroneckerGithub_Clash_9963,0,0,0
https://t.me/s/DeltaKroneckerGithub_Clash_9965,0,0,0
https://t.me/s/DeltaKroneckerGithub_Clash_9967,0,0,0
https://t.me/s/DeltaKroneckerGithub_Clash_9969,0,0,0
https://t.me/s/DeltaKroneckerGithub_Clash_997,0,0,0
https://t.me/s/DeltaKroneckerGithub_Clash_9971,0,0,0
https://t.me/s/DeltaKroneckerGithub_Clash_9973,0,0,0
https://t.me/s/DeltaKroneckerGithub_Clash_9975,0,0,0
https://t.me/s/DeltaKroneckerGithub_Clash_9977,0,0,0
https://t.me/s/DeltaKroneckerGithub_Clash_9979,0,0,0
https://t.me/s/DeltaKroneckerGithub_Clash_9981,0,0,0
https://t.me/s/DeltaKroneckerGithub_Clash_9983,0,0,0
https://t.me/s/DeltaKroneckerGithub_Clash_9985,0,0,0
https://t.me/s/DeltaKroneckerGithub_Clash_9987,0,0,0
https://t.me/s/DeltaKroneckerGithub_Clash_9989,0,0,0
https://t.me/s/DeltaKroneckerGithub_Clash_999,0,0,0
https://t.me/s/DeltaKroneckerGithub_Clash_9991,0,0,0
https://t.me/s/DeltaKroneckerGithub_Clash_9993,0,0,0
https://t.me/s/DeltaKroneckerGithub_Clash_9995,0,0,0
https://t.me/s/DeltaKroneckerGithub_Clash_9997,0,0,0
https://t.me/s/DeltaKroneckerGithub_Clash_9999,0,0,0
https://t.me/s/DigiV2ray,0,0,0
https://t.me/s/DirectVPN,0,0,0
https://t.me/s/DocOfCard,0,0,0
https://t.me/s/ELiV2RAY,0,0,0
https://t.me/s/Easy_Free_VPN,0,0,0
https://t.me/s/Eleven_vpn,0,0,0
https://t.me/s/EliV2ray,0,0,0
https://t.me/s/EuServer,0,0,0
https://t.me/s/EzNett,0,0,0
https://t.me/s/FOXNT,0,0,0
https://t.me/s/FProxies,0,0,0
https://t.me/s/FREE2CONFIG,0,0,0
https://t.me/s/FalconPolV2rayNG,0,0,0
https://t.me/s/FreakConfig,0,0,0
https://t.me/s/Free166,0,0,0
https://t.me/s/FreeOnlineVPN,0,0,0
https://t.me/s/FreeV2rays,0,0,0
https://t.me/s/FreeVlessVpn,0,0,0
https://t.me/s/Free_Config_Sharing,0,0,0
https://t.me/s/Free_HTTPCustom,0,0,0
https://t.me/s/GetFreeNode,0,0,0
https://t.me/s/GheychiAmoozesh,0,0,0
https://t.me/s/GozargahAzad,0,0,0
https://t.me/s/Hddify,0,0,0
https://t.me/s/Helix_Servers,0,0,0
https://t.me/s/Hope_Net,0,0,0
https://t.me/s/IBV2RAY,0,0,0
https://t.me/s/IP_CF_Config,0,0,0
https://t.me/s/IRANVPNNET,0,0,0
https://t.me/s/Impart_Cloud,0,0,0
https://t.me/s/Jichang_Store,0,0,0
https://t.me/s/JiedianSsr,0,0,0
https://t.me/s/Jsnzk,0,0,0
https://t.me/s/KAFING_2,0,0,0
https://t.me/s/LimeVPNFREE,0,0,0
https://t.me/s/Lockey_vpn,0,0,0
https://t.me/s/MTConfig,0,0,0
https://t.me/s/MrV2Ray,0,0,0
https://t.me/s/MsV2ray,0,0,0
https://t.me/s/NIM_VPN_ir,0,0,0
https://t.me/s/NamiraConfigs,0,0,0
https://t.me/s/NapsterNetvIrani,0,0,0
https://t.me/s/Napsternetvirani,0,0,0
https://t.me/s/NetAccount,0,0,0
https://t.me/s/Newlearner,0,0,0
https://t.me/s/OKAB3_Script_Channel,0,0,0
https://t.me/s/OutlineVpnOfficial,0,0,0
https://t.me/s/Outline_Vpn,0,0,0
https://t.me/s/PPT_f66_zHk2ZDY8,0,0,0
https://t.me/s/PewezaTech,0,0,0
https://t.me/s/PewezaVPN,0,0,0
https://t.me/s/Powerful1VPN,0,0,0
https://t.me/s/PrivateVPNs,0,0,0
https://t.me/s/ProxyFn,0,0,0
https://t.me/s/Qara_atayi,0,0,0
https://t.me/s/Qv2rayDONATED,0,0,0
https://t.me/s/Qv2raychannel,0,0,0
https://t.me/s/Rayan_Config,0,0,0
https://t.me/s/Raydikalx,0,0,0
https://t.me/s/ReleaseNet,0,0,0
https://t.me/s/SSRSUB,0,0,0
https://t.me/s/ServerNett,0,0,0
https://t.me/s/ShadowProxy66,0,0,0
https://t.me/s/ShadowsocksRssr,0,0,0
https://t.me/s/ShareCentre,0,0,0
https://t.me/s/ShareCentrePro,0,0,0
https://t.me/s/Shh_Proxy,0,0,0
https://t.me/s/TG_2345,0,0,0
https://t.me/s/TGxChina,0,0,0
https://t.me/s/TLS_v2ray,0,0,0
https://t.me/s/TVCminer,0,0,0
https://t.me/s/UnlimitedDev,0,0,0
https://t.me/s/V2List,0,0,0
https://t.me/s/V2RayTz,0,0,0
https://t.me/s/V2Ray_FreedomIran,0,0,0
https://t.me/s/V2RayyNGvpn,0,0,0
https://t.me/s/V2pedia,0,0,0
https://t.me/s/V2rayCollectorDonate,0,0,0
https://t.me/s/V2rayNG3,0,0,0
https://t.me/s/V2rayNGX,0,0,0
https://t.me/s/V2rayNGn,0,0,0
https://t.me/s/V2ray_Alpha,0,0,0
https://t.me/s/V2raybazi,0,0,0
https://t.me/s/V2rayng_Fast,0,0,0
https://t.me/s/VPNCUSTOMIZE,0,0,0
https://t.me/s/VPNOff,0,0,0
https://t.me/s/VPNine1,0,0,0
https://t.me/s/V_2rayngVpn,0,0,0
https://t.me/s/ViPVpn_v2ray,0,0,0
https://t.me/s/VlessConfig,0,0,0
https://t.me/s/VmessProtocol,0,0,0
https://t.me/s/WeePeeN,0,0,0
https://t.me/s/WhiteDNS,0,0,0
https://t.me/s/WomanLifeFreedomVPN,0,0,0
https://t.me/s/YtTe3la,0,0,0
https://t.me/s/ZDYZ2,0,0,0
https://t.me/s/abra_vpn,0,0,0
https://t.me/s/academi_vpn,0,0,0
https://t.me/s/accountplanetir,0,0,0
https://t.me/s/adamak_vpn,0,0,0
https://t.me/s/afv2ray,0,0,0
https://t.me/s/ahe_vpn,0,0,0
https://t.me/s/aifenxiang2020,0,0,0
https://t.me/s/ailumao,0,0,0
https://t.me/s/airproxies,0,0,0
https://t.me/s/aiuvpn,0,0,0
https://t.me/s/alfred_config,0,0,0
https://t.me/s/alienvpn402,0,0,0
https://t.me/s/alismartvpn,0,0,0
https://t.me/s/aliyosgraphy,0,0,0
https://t.me/s/allporter,0,0,0
https://t.me/s/allv2board,0,0,0
https://t.me/s/alo_v2rayng,0,0,0
https://t.me/s/alpha_v2ray_fazayi,0,0,0
https://t.me/s/alphaomegavpn,0,0,0
https://t.me/s/alsheykhvpn,0,0,0
https://t.me/s/amir_rooman,0,0,0
https://t.me/s/amirinventor2010,0,0,0
https://t.me/s/amironetwork,0,0,0
https://t.me/s/an0nymousteam,0,0,0
https://t.me/s/android_best,0,0,0
https://t.me/s/angus_vpn,0,0,0
https://t.me/s/angus_vpn3,0,0,0
https://t.me/s/anix_v2ray,0,0,0
https://t.me/s/anranbp,0,0,0
https://t.me/s/antifilterjadid,0,0,0
https://t.me/s/antifilterjadid3,0,0,0
https://t.me/s/antifilterservice,0,0,0
https://t.me/s/apkgold,0,0,0
https://t.me/s/apkprogramming,0,0,0
https://t.me/s/app_jiedian,0,0,0
https://t.me/s/apple_x1,0,0,0
https://t.me/s/appsooner,0,0,0
https://t.me/s/archive_android,0,0,0
https://t.me/s/argooo_vpn,0,0,0
https://t.me/s/aries_init,0,0,0
https://t.me/s/armod_iran,0,0,0
https://t.me/s/arouxping,0,0,0
https://t.me/s/artemis_vpn_free,0,0,0
https://t.me/s/artemisvpn1,0,0,0
https://t.me/s/arv2ra,0,0,0
https://t.me/s/arv2ray,0,0,0
https://t.me/s/arzhecn,0,0,0
https://t.me/s/asak_vpn,0,0,0
https://t.me/s/asgard_config,0,0,0
https://t.me/s/asintech,0,0,0
https://t.me/s/asjdxm,0,0,0
https://t.me/s/asliveepn,0,0,0
https://t.me/s/asr_proxy,0,0,0
https://t.me/s/astrovpn_ir,0,0,0
https://t.me/s/astrovpn_official,0,0,0
https://t.me/s/av2drup,0,0,0
https://t.me/s/awxdy666,0,0,0
https://t.me/s/axv2ray,0,0,0
https://t.me/s/azad_intrnet,0,0,0
https://t.me/s/azadneit,0,0,0
https://t.me/s/badsha_mohammad,0,0,0
https://t.me/s/baipiao01,0,0,0
https://t.me/s/baipiao_ml,0,0,0
https://t.me/s/baipiaob,0,0,0
https://t.me/s/baipiaojiedian,0,0,0
https://t.me/s/baipiaonote,0,0,0
https://t.me/s/baipiaowansui,0,0,0
https://t.me/s/bakvpns,0,0,0
https://t.me/s/bamboo_vpn,0,0,0
https://t.me/s/bargovpn,0,0,0
https://t.me/s/bemolatext,0,0,0
https://t.me/s/berice_v2,0,0,0
https://t.me/s/bestvpn4030,0,0,0
https://t.me/s/betv2ray,0,0,0
https://t.me/s/bigsmoke_config,0,0,0
https://t.me/s/bimnetvpn,0,0,0
https://t.me/s/birdserver,0,0,0
https://t.me/s/bitnetvpn,0,0,0
https://t.me/s/black8rose,0,0,0
https://t.me/s/blueberrynetwork,0,0,0
https://t.me/s/bluev2rayng,0,0,0
https://t.me/s/bluevpn_v2ray,0,0,0
https://t.me/s/bolbolvpn,0,0,0
https://t.me/s/bored_vpn,0,0,0
https://t.me/s/bpjzx2,0,0,0
https://t.me/s/bright_vpn,0,0,0
https://t.me/s/buffalo_vpn,0,0,0
https://t.me/s/bug_vpn,0,0,0
https://t.me/s/bypass_filter,0,0,0
https://t.me/s/caa_chanel,0,0,0
https://t.me/s/caa_v2ray,0,0,0
https://t.me/s/canguro_english,0,0,0
https://t.me/s/capital_net,0,0,0
https://t.me/s/capoit,0,0,0
https://t.me/s/castom_v2ray,0,0,0
https://t.me/s/catvpns,0,0,0
https://t.me/s/cav2ray,0,0,0
https://t.me/s/ccbaohe,0,0,0
https://t.me/s/cephalon_ala,0,0,0
https://t.me/s/ch_a2l,0,0,0
https://t.me/s/chanel_config,0,0,0
https://t.me/s/changfengchannel,0,0,0
https://t.me/s/chatbuzzteam,0,0,0
https://t.me/s/circle_vpn,0,0,0
https://t.me/s/cisco_acc,0,0,0
https://t.me/s/clash_sub,0,0,0
https://t.me/s/clash_v2ray_ssr_nodes,0,0,0
https://t.me/s/click_vpnn,0,0,0
https://t.me/s/cloudcityy,0,0,0
https://t.me/s/club_vpn9,0,0,0
https://t.me/s/clubvpn443,0,0,0
https://t.me/s/cnfg_v2ray,0,0,0
https://t.me/s/cnfings,0,0,0
https://t.me/s/cod_arshiya0,0,0,0
https://t.me/s/configV2rayForFree,0,0,0
https://t.me/s/configV2rayNG,0,0,0
https://t.me/s/config_station,0,0,0
https://t.me/s/configforvpn,0,0,0
https://t.me/s/configforvpn01,0,0,0
https://t.me/s/configms,0,0,0
https://t.me/s/configpluse,0,0,0
https://t.me/s/configpositive,0,0,0
https://t.me/s/configscenter,0,0,0
https://t.me/s/configshub2,0,0,0
https://t.me/s/configsstore,0,0,0
https://t.me/s/configt,0,0,0
https://t.me/s/configv2rayforfree,0,0,0
https://t.me/s/configv2rayng,0,0,0
https://t.me/s/confing_costume,0,0,0
https://t.me/s/confing_problems,0,0,0
https://t.me/s/confinghub2,0,0,0
https://t.me/s/confingv2raayng,0,0,0
https://t.me/s/connectix,0,0,0
https://t.me/s/cpuvpn,0,0,0
https://t.me/s/croownvpn,0,0,0
https://t.me/s/custom_14,0,0,0
https://t.me/s/custom_config,0,0,0
https://t.me/s/customizev2ray,0,0,0
https://t.me/s/customv2ray,0,0,0
https://t.me/s/customvpnserver,0,0,0
https://t.me/s/daily_free_nodes,0,0,0
https://t.me/s/dailyv2ray,0,0,0
https://t.me/s/dailyv2ry,0,0,0
https://t.me/s/damonconfig,0,0,0
https://t.me/s/daredevill_404,0,0,0
https://t.me/s/dark_telecom,0,0,0
https://t.me/s/darkma3ter24,0,0,0
https://t.me/s/darknightvpn,0,0,0
https://t.me/s/darksectora,0,0,0
https://t.me/s/darktunnelvip1,0,0,0
https://t.me/s/daryaye_sorkhh,0,0,0
https://t.me/s/dataworld_ir,0,0,0
https://t.me/s/dav2ray,0,0,0
https://t.me/s/deli_servers,0,0,0
https://t.me/s/deragv2ray,0,0,0
https://t.me/s/diamondproxytm,0,0,0
https://t.me/s/digigard_vpn,0,0,0
https://t.me/s/digiv2ray,0,0,0
https://t.me/s/dingyue_Center,0,0,0
https://t.me/s/dingyue_center,0,0,0
https://t.me/s/directvpn,0,0,0
https://t.me/s/disvpn,0,0,0
https://t.me/s/dns68,0,0,0
https://t.me/s/donald_config,0,0,0
https://t.me/s/dr_v2ray,0,0,0
https://t.me/s/dribble7,0,0,0
https://t.me/s/eaglevps,0,0,0
https://t.me/s/easy_free_vpn,0,0,0
https://t.me/s/editorvpn,0,0,0
https://t.me/s/ehsawn8,0,0,0
https://t.me/s/eiiim,0,0,0
https://t.me/s/elitevpnv2,0,0,0
https://t.me/s/eliv2ray,0,0,0
https://t.me/s/energybigger_1,0,0,0
https://t.me/s/esetsecuritylicense,0,0,0
https://t.me/s/euserver,0,0,0
https://t.me/s/ev2rayy,0,0,0
https://t.me/s/evay_vpn,0,0,0
https://t.me/s/everyday_vpn,0,0,0
https://t.me/s/expreset,0,0,0
https://t.me/s/express_v2ray,0,0,0
https://t.me/s/expresspace,0,0,0
https://t.me/s/expressvpn_420,0,0,0
https://t.me/s/falconpolv2rayng,0,0,0
https://t.me/s/falcunargo,0,0,0
https://t.me/s/farahvpn,0,0,0
https://t.me/s/fasst_vpn,0,0,0
https://t.me/s/fast_2ray,0,0,0
https://t.me/s/fast_v2ray,0,0,0
https://t.me/s/fastfilterr,0,0,0
https://t.me/s/fastgozar,0,0,0
https://t.me/s/father_vpn,0,0,0
https://t.me/s/fazevpn,0,0,0
https://t.me/s/feri_v2ray_proxy,0,0,0
https://t.me/s/fffffx2,0,0,0
https://t.me/s/filembad,0,0,0
https://t.me/s/filter_vpn2,0,0,0
https://t.me/s/filterintl,0,0,0
https://t.me/s/filteroghortbede,0,0,0
https://t.me/s/filtershekan_channel,0,0,0
https://t.me/s/filtershekanssh1,0,0,0
https://t.me/s/filterzapata,0,0,0
https://t.me/s/fire_vpn_channel,0,0,0
https://t.me/s/firewallvpn,0,0,0
https://t.me/s/fix_proxy,0,0,0
https://t.me/s/flash_proxies,0,0,0
https://t.me/s/flystoreir,0,0,0
https://t.me/s/flyv2ray,0,0,0
https://t.me/s/forwardv2ray,0,0,0
https://t.me/s/foxnt,0,0,0
https://t.me/s/frav2ray,0,0,0
https://t.me/s/freakconfig,0,0,0
https://t.me/s/free1_vpn,0,0,0
https://t.me/s/free4allVPN,0,0,0
https://t.me/s/free4allvpn,0,0,0
https://t.me/s/freeVPNjd,0,0,0
https://t.me/s/free_httpcustom,0,0,0
https://t.me/s/free_internet_news,0,0,0
https://t.me/s/free_jichang,0,0,0
https://t.me/s/free_node_daily,0,0,0
https://t.me/s/free_node_sharing,0,0,0
https://t.me/s/free_proxy_001,0,0,0
https://t.me/s/free_proxy_list,0,0,0
https://t.me/s/free_server_list,0,0,0
https://t.me/s/free_shekan,0,0,0
https://t.me/s/free_sub_links,0,0,0
https://t.me/s/free_v2,0,0,0
https://t.me/s/free_v2ray,0,0,0
https://t.me/s/free_v2rayyy,0,0,0
https://t.me/s/free_vip3,0,0,0
https://t.me/s/free_vpn02,0,0,0
https://t.me/s/free_worlld,0,0,0
https://t.me/s/freeconfigsplus,0,0,0
https://t.me/s/freeconfing,0,0,0
https://t.me/s/freedatazone1,0,0,0
https://t.me/s/freeinir,0,0,0
https://t.me/s/freeiranet,0,0,0
https://t.me/s/freeiranweb,0,0,0
https://t.me/s/freekankan,0,0,0
https://t.me/s/freeland8,0,0,0
https://t.me/s/freemason6,0,0,0
https://t.me/s/freenapsternetv,0,0,0
https://t.me/s/freenet_for_everyone,0,0,0
https://t.me/s/freenetpro99,0,0,0
https://t.me/s/freenode_all,0,0,0
https://t.me/s/freeownvpn,0,0,0
https://t.me/s/freeshadowsock,0,0,0
https://t.me/s/freestrongvpn,0,0,0
https://t.me/s/freev2flyng,0,0,0
https://t.me/s/freev2rayi,0,0,0
https://t.me/s/freev2raym,0,0,0
https://t.me/s/freev2rays,0,0,0
https://t.me/s/freev2rayssr,0,0,0
https://t.me/s/freevlessvpn,0,0,0
https://t.me/s/freevpn3327,0,0,0
https://t.me/s/freevpnchina,0,0,0
https://t.me/s/freevpnhomesconfigs,0,0,0
https://t.me/s/frev2ray,0,0,0
https://t.me/s/frev2rayng,0,0,0
https://t.me/s/fsv2ray,0,0,0
https://t.me/s/funix_shope,0,0,0
https://t.me/s/fv2ray,0,0,0
https://t.me/s/game_file2020,0,0,0
https://t.me/s/gh_v2rayng,0,0,0
https://t.me/s/ghalagyann,0,0,0
https://t.me/s/ghalagyann2,0,0,0
https://t.me/s/global_net_vpn,0,0,0
https://t.me/s/go4sharing,0,0,0
https://t.me/s/goldd_v2ray,0,0,0
https://t.me/s/goldenvpn_v2rayy,0,0,0
https://t.me/s/golestan_vpn,0,0,0
https://t.me/s/golf_vpn,0,0,0
https://t.me/s/good_v2rayy,0,0,0
https://t.me/s/gozargahvpn,0,0,0
https://t.me/s/gp_proxy_vpn,0,0,0
https://t.me/s/grizzlyvpn,0,0,0
https://t.me/s/gulaiguq_baipiao2,0,0,0
https://t.me/s/gzcloudpd,0,0,0
https://t.me/s/hajimamadvpn,0,0,0
https://t.me/s/hajvpn,0,0,0
https://t.me/s/hatunnel_vpn,0,0,0
https://t.me/s/heinuhome,0,0,0
https://t.me/s/helingqi,0,0,0
https://t.me/s/helix_servers,0,0,0
https://t.me/s/hennessypro,0,0,0
https://t.me/s/hermanosvpn,0,0,0
https://t.me/s/hhi_vpn222,0,0,0
https://t.me/s/hilynet,0,0,0
https://t.me/s/hkaa0,0,0,0
https://t.me/s/holderproxy,0,0,0
https://t.me/s/hollowcon,0,0,0
https://t.me/s/hologate6,0,0,0
https://t.me/s/hooshang_vpn1,0,0,0
https://t.me/s/hope_net,0,0,0
https://t.me/s/hopev2ray,0,0,0
https://t.me/s/hopevpn,0,0,0
https://t.me/s/hosseinstore_za,0,0,0
https://t.me/s/hostloc_pro,0,0,0
https://t.me/s/hpv2ray_official,0,0,0
https://t.me/s/hpv2rayng,0,0,0
https://t.me/s/hypervpn6,0,0,0
https://t.me/s/hypervpns,0,0,0
https://t.me/s/i3v2ray,0,0,0
https://t.me/s/ibv2ray,0,0,0
https://t.me/s/icloudyshop,0,0,0
https://t.me/s/icocoon,0,0,0
https://t.me/s/icv2ray,0,0,0
https://t.me/s/igrsdet,0,0,0
https://t.me/s/inikotesla,0,0,0
https://t.me/s/internet4iran,0,0,0
https://t.me/s/internet_nor,0,0,0
https://t.me/s/iosfulishare,0,0,0
https://t.me/s/ipV2Ray,0,0,0
https://t.me/s/ip_cf_config,0,0,0
https://t.me/s/iphonebax,0,0,0
https://t.me/s/ipv2ray,0,0,0
https://t.me/s/ipv2rayng,0,0,0
https://t.me/s/ir_config_an,0,0,0
https://t.me/s/ir_nekobox,0,0,0
https://t.me/s/ir_netproxy,0,0,0
https://t.me/s/iran_access,0,0,0
https://t.me/s/iran_v2ray1,0,0,0
https://t.me/s/iranbaxvpn,0,0,0
https://t.me/s/iranbfilter,0,0,0
https://t.me/s/iraniv2ray,0,0,0
https://t.me/s/iranmedicalvpn,0,0,0
https://t.me/s/iranproxypro,0,0,0
https://t.me/s/iranray_vpn,0,0,0
https://t.me/s/iranv2raynng,0,0,0
https://t.me/s/iranvipnet,0,0,0
https://t.me/s/iranvpnnet,0,0,0
https://t.me/s/irconfiig,0,0,0
https://t.me/s/irn_vpn,0,0,0
https://t.me/s/irnhackers,0,0,0
https://t.me/s/iroazadi,0,0,0
https://t.me/s/irov2rayn,0,0,0
https://t.me/s/irvpnify,0,0,0
https://t.me/s/iunsw,0,0,0
https://t.me/s/jcvpn,0,0,0
https://t.me/s/jetupnet,0,0,0
https://t.me/s/jichang0,0,0,0
https://t.me/s/jichang_bp,0,0,0
https://t.me/s/jichang_list,0,0,0
https://t.me/s/jichang_report,0,0,0
https://t.me/s/jichangbaipiao,0,0,0
https://t.me/s/jichangtuijian,0,0,0
https://t.me/s/jiedian24,0,0,0
https://t.me/s/jiedian_share,0,0,0
https://t.me/s/jiedianf,0,0,0
https://t.me/s/jiedianssr,0,0,0
https://t.me/s/jiujied,0,0,0
https://t.me/s/jokersfantastichome,0,0,0
https://t.me/s/jokerv2ray,0,0,0
https://t.me/s/justkingoo,0,0,0
https://t.me/s/juzibaipiao,0,0,0
https://t.me/s/kafing_2,0,0,0
https://t.me/s/kesslervpn,0,0,0
https://t.me/s/khadamat_sadra,0,0,0
https://t.me/s/khalaa_vpn,0,0,0
https://t.me/s/khoneproxy,0,0,0
https://t.me/s/kiava,0,0,0
https://t.me/s/kilid_stor,0,0,0
https://t.me/s/kingoclubs,0,0,0
https://t.me/s/kingofilter,0,0,0
https://t.me/s/kingofv2ray,0,0,0
https://t.me/s/kingspeedchanel,0,0,0
https://t.me/s/kktizi,0,0,0
https://t.me/s/kralvpn,0,0,0
https://t.me/s/kurd_v2ray,0,0,0
https://t.me/s/kurdistan_vpn_perfectt,0,0,0
https://t.me/s/kurdvpn1,0,0,0
https://t.me/s/kuto_proxy,0,0,0
https://t.me/s/kuto_proxy1,0,0,0
https://t.me/s/kuto_proxy2,0,0,0
https://t.me/s/kxswa,0,0,0
https://t.me/s/lakvpn1,0,0,0
https://t.me/s/lax_vpn,0,0,0
https://t.me/s/legendery_server,0,0,0
https://t.me/s/lepingshop,0,0,0
https://t.me/s/lepingvpn,0,0,0
https://t.me/s/lexa_vpn,0,0,0
https://t.me/s/lightning6,0,0,0
https://t.me/s/lightv2ray,0,0,0
https://t.me/s/likearzonpanell,0,0,0
https://t.me/s/limootuursh,0,0,0
https://t.me/s/linux_do_channel,0,0,0
https://t.me/s/lion_channel_vpn2,0,0,0
https://t.me/s/liq_vpn,0,0,0
https://t.me/s/lockey_vpn,0,0,0
https://t.me/s/lrnbymaa,0,0,0
https://t.me/s/ltscxk,0,0,0
https://t.me/s/m_buy,0,0,0
https://t.me/s/m_vipv2ray,0,0,0
https://t.me/s/mahanvpn,0,0,0
https://t.me/s/mahdiserver,0,0,0
https://t.me/s/mahxray,0,0,0
https://t.me/s/mainv2ray,0,0,0
https://t.me/s/manVPN,0,0,0
https://t.me/s/manstervpn,0,0,0
https://t.me/s/marketvpni,0,0,0
https://t.me/s/mater_1345,0,0,0
https://t.me/s/matrixnetvvork,0,0,0
https://t.me/s/maxshare,0,0,0
https://t.me/s/maznet,0,0,0
https://t.me/s/mdvpnsec,0,0,0
https://t.me/s/mehrosaboran,0,0,0
https://t.me/s/meli_prooxy,0,0,0
https://t.me/s/meli_proxyy,0,0,0
https://t.me/s/meli_v2rayng,0,0,0
https://t.me/s/meliproxyy,0,0,0
https://t.me/s/melov2ray,0,0,0
https://t.me/s/mester_v2ray,0,0,0
https://t.me/s/mftizi,0,0,0
https://t.me/s/mi_pn_official,0,0,0
https://t.me/s/mianfeifq,0,0,0
https://t.me/s/miaomua,0,0,0
https://t.me/s/migping,0,0,0
https://t.me/s/mikasavpn,0,0,0
https://t.me/s/mimitdl,0,0,0
https://t.me/s/miyanbor_vpn,0,0,0
https://t.me/s/mizbanv2ray,0,0,0
https://t.me/s/mobilinternet,0,0,0
https://t.me/s/mobsec,0,0,0
https://t.me/s/moein_insta,0,0,0
https://t.me/s/moft_vpn,0,0,0
https://t.me/s/moftinet,0,0,0
https://t.me/s/mpproxy,0,0,0
https://t.me/s/mr_vpn123,0,0,0
https://t.me/s/mrv2raay,0,0,0
https://t.me/s/mrv2ray,0,0,0
https://t.me/s/mrvpn1403,0,0,0
https://t.me/s/mso_666_baz,0,0,0
https://t.me/s/msv2flyng,0,0,0
https://t.me/s/msv2ray,0,0,0
https://t.me/s/msv2raynp,0,0,0
https://t.me/s/mt_team_iran,0,0,0
https://t.me/s/mtconfig,0,0,0
https://t.me/s/mtmvpn,0,0,0
https://t.me/s/mtpproxy0098,0,0,0
https://t.me/s/mtproxy22_v2ray,0,0,0
https://t.me/s/mtpv2ray,0,0,0
https://t.me/s/murandepindao,0,0,0
https://t.me/s/mxv2ray,0,0,0
https://t.me/s/my_proxii,0,0,0
https://t.me/s/mypremium98,0,0,0
https://t.me/s/n2vpn,0,0,0
https://t.me/s/nameless255,0,0,0
https://t.me/s/napsternetvirani,0,0,0
https://t.me/s/nepo_v2ray,0,0,0
https://t.me/s/netaccount,0,0,0
https://t.me/s/netfreedom0,0,0,0
https://t.me/s/netmaask,0,0,0
https://t.me/s/netmellianti,0,0,0
https://t.me/s/netspeedservice,0,0,0
https://t.me/s/network_cfz,0,0,0
https://t.me/s/networknim,0,0,0
https://t.me/s/networld_vpn,0,0,0
https://t.me/s/new_mtproxi2,0,0,0
https://t.me/s/new_proxy_channel,0,0,0
https://t.me/s/nicolv2ray,0,0,0
https://t.me/s/nim_vpn_ir,0,0,0
https://t.me/s/nitrovpne,0,0,0
https://t.me/s/node_collection,0,0,0
https://t.me/s/node_king,0,0,0
https://t.me/s/node_share,0,0,0
https://t.me/s/nodeseekc,0,0,0
https://t.me/s/nodpai,0,0,0
https://t.me/s/nofilter_v2rayng,0,0,0
https://t.me/s/nofiltering2,0,0,0
https://t.me/s/noori_93,0,0,0
https://t.me/s/nordaccount1,0,0,0
https://t.me/s/novavpn1984,0,0,0
https://t.me/s/novinology,0,0,0
https://t.me/s/npv_v2ray,0,0,0
https://t.me/s/nt_safe,0,0,0
https://t.me/s/ntconfig,0,0,0
https://t.me/s/nufilter,0,0,0
https://t.me/s/nufilter2,0,0,0
https://t.me/s/oceanproo,0,0,0
https://t.me/s/ohvpn,0,0,0
https://t.me/s/oneclickvpnkeys,0,0,0
https://t.me/s/onessr,0,0,0
https://t.me/s/open_v2ray,0,0,0
https://t.me/s/optvpn,0,0,0
https://t.me/s/orb_daily,0,0,0
https://t.me/s/orb_irancell,0,0,0
https://t.me/s/orb_mci,0,0,0
https://t.me/s/orb_rightel,0,0,0
https://t.me/s/orb_vpn,0,0,0
https://t.me/s/outlineOpenKey,0,0,0
https://t.me/s/outline_ir,0,0,0
https://t.me/s/outline_oneclick1,0,0,0
https://t.me/s/outline_vpn,0,0,0
https://t.me/s/outlineiran,0,0,0
https://t.me/s/outlinereleasedkey,0,0,0
https://t.me/s/outlinev2rayng,0,0,0
https://t.me/s/outlinevpnofficial,0,0,0
https://t.me/s/ovpn2,0,0,0
https://t.me/s/oxidvip,0,0,0
https://t.me/s/oxir_vpn,0,0,0
https://t.me/s/oxnet_ir,0,0,0
https://t.me/s/pak4you,0,0,0
https://t.me/s/pardazeshvpn,0,0,0
https://t.me/s/parsashonam,0,0,0
https://t.me/s/payam_nsi,0,0,0
https://t.me/s/persian_proxy6,0,0,0
https://t.me/s/persianv2rayng,0,0,0
https://t.me/s/pgkj666,0,0,0
https://t.me/s/ph_onex,0,0,0
https://t.me/s/phiilshekn,0,0,0
https://t.me/s/piavpngo,0,0,0
https://t.me/s/pin_proxy,0,0,0
https://t.me/s/ping01pro,0,0,0
https://t.me/s/polproxy,0,0,0
https://t.me/s/ponv2ray,0,0,0
https://t.me/s/pov2ray,0,0,0
https://t.me/s/powerful1vpn,0,0,0
https://t.me/s/ppal03,0,0,0
https://t.me/s/premiumaccshoop,0,0,0
https://t.me/s/prim_vpn,0,0,0
https://t.me/s/private_access_guard_vpn,0,0,0
https://t.me/s/privatevpnn,0,0,0
https://t.me/s/privatevpns,0,0,0
https://t.me/s/pro_chaneel,0,0,0
https://t.me/s/programmer_best,0,0,0
https://t.me/s/prooxyk,0,0,0
https://t.me/s/proprojec,0,0,0
https://t.me/s/prossh,0,0,0
https://t.me/s/proxie,0,0,0
https://t.me/s/proxiiraniii,0,0,0
https://t.me/s/proxiteiegramm,0,0,0
https://t.me/s/proxy48,0,0,0
https://t.me/s/proxy_iranv2,0,0,0
https://t.me/s/proxy_mtm,0,0,0
https://t.me/s/proxy_mtproto_vpns_free,0,0,0
https://t.me/s/proxy_n1,0,0,0
https://t.me/s/proxy_sharing,0,0,0
https://t.me/s/proxy_speed,0,0,0
https://t.me/s/proxycityiran,0,0,0
https://t.me/s/proxydaemioutline,0,0,0
https://t.me/s/proxyfn,0,0,0
https://t.me/s/proxyforopeta,0,0,0
https://t.me/s/proxyirancel,0,0,0
https://t.me/s/proxyshareCN,0,0,0
https://t.me/s/proxystore11,0,0,0
https://t.me/s/proxysudo,0,0,0
https://t.me/s/proxyymeliii,0,0,0
https://t.me/s/prrofile_purple,0,0,0
https://t.me/s/public504,0,0,0
https://t.me/s/puni_shop_v2rayng,0,0,0
https://t.me/s/pydriclub,0,0,0
https://t.me/s/qeshmserver,0,0,0
https://t.me/s/qrv2ray,0,0,0
https://t.me/s/qun521,0,0,0
https://t.me/s/qv2raychannel,0,0,0
https://t.me/s/qwjhfx,0,0,0
https://t.me/s/radiofarex,0,0,0
https://t.me/s/rayanconf,0,0,0
https://t.me/s/rayhub_ir,0,0,0
https://t.me/s/raze_vpn,0,0,0
https://t.me/s/realvpnmaster,0,0,0
https://t.me/s/red2ray,0,0,0
https://t.me/s/relaxv2ray,0,0,0
https://t.me/s/renetvpn,0,0,0
https://t.me/s/repairms,0,0,0
https://t.me/s/rez1vpn,0,0,0
https://t.me/s/ripaojiedian,0,0,0
https://t.me/s/rk_filtershekan,0,0,0
https://t.me/s/rk_filtershking,0,0,0
https://t.me/s/rnrifci,0,0,0
https://t.me/s/romax_vpn,0,0,0
https://t.me/s/royalping_ir,0,0,0
https://t.me/s/rxv2ray,0,0,0
https://t.me/s/s0013_Official,0,0,0
https://t.me/s/s0013_official,0,0,0
https://t.me/s/sabz_v2ray,0,0,0
https://t.me/s/saferoadnet,0,0,0
https://t.me/s/sajad_titan_s_t_n_v2ray,0,0,0
https://t.me/s/samiv2ray,0,0,0
https://t.me/s/satellitenewspersian,0,0,0
https://t.me/s/satoshivpn,0,0,0
https://t.me/s/savagev2ray,0,0,0
https://t.me/s/sayco_proxy,0,0,0
https://t.me/s/sdffnkl,0,0,0
https://t.me/s/selinc,0,0,0
https://t.me/s/sellvpniran1,0,0,0
https://t.me/s/server444,0,0,0
https://t.me/s/server_nekobox,0,0,0
https://t.me/s/servermomo,0,0,0
https://t.me/s/servernett,0,0,0
https://t.me/s/serversiran11,0,0,0
https://t.me/s/serverv2ray00,0,0,0
https://t.me/s/set_v2ray,0,0,0
https://t.me/s/seven_ping,0,0,0
https://t.me/s/shadow_v2ray,0,0,0
https://t.me/s/shadowproxy66,0,0,0
https://t.me/s/shadowsockskeys,0,0,0
https://t.me/s/shadowsocksm,0,0,0
https://t.me/s/shadowsocksshop,0,0,0
https://t.me/s/share_nodes,0,0,0
https://t.me/s/share_proxy_001,0,0,0
https://t.me/s/sharecentrepro,0,0,0
https://t.me/s/shconfig,0,0,0
https://t.me/s/shh_proxy,0,0,0
https://t.me/s/shopingv2ray,0,0,0
https://t.me/s/sinabigo,0,0,0
https://t.me/s/sitefilter,0,0,0
https://t.me/s/skivpn,0,0,0
https://t.me/s/snowguardvpn,0,0,0
https://t.me/s/sobi_vpn,0,0,0
https://t.me/s/sockcs_http,0,0,0
https://t.me/s/sockshttp_vpn,0,0,0
https://t.me/s/sourcefreefilter,0,0,0
https://t.me/s/spcware,0,0,0
https://t.me/s/speed_vpn70,0,0,0
https://t.me/s/speedconfig00,0,0,0
https://t.me/s/speedent_net,0,0,0
https://t.me/s/spikevpn,0,0,0
https://t.me/s/srcvpn,0,0,0
https://t.me/s/ssltool,0,0,0
https://t.me/s/ssrList,0,0,0
https://t.me/s/ssrshares,0,0,0
https://t.me/s/suddaehi,0,0,0
https://t.me/s/superpinghub,0,0,0
https://t.me/s/suyucom,0,0,0
https://t.me/s/svnteam,0,0,0
https://t.me/s/tc_v2ray,0,0,0
https://t.me/s/teamvpnpro,0,0,0
https://t.me/s/tehranargo,0,0,0
https://t.me/s/tehranargo1,0,0,0
https://t.me/s/teiknovpn,0,0,0
https://t.me/s/telmavpn,0,0,0
https://t.me/s/tenzovpn,0,0,0
https://t.me/s/thunderv2ray,0,0,0
https://t.me/s/tiktok_proxy,0,0,0
https://t.me/s/timingvpn,0,0,0
https://t.me/s/tiny_vpn_official,0,0,0
https://t.me/s/titan_v2rayvpn,0,0,0
https://t.me/s/tls_v2ray,0,0,0
https://t.me/s/tmv2ray,0,0,0
https://t.me/s/tootffarangi,0,0,0
https://t.me/s/top_vpn_chanel,0,0,0
https://t.me/s/topvpn02,0,0,0
https://t.me/s/torang_vpn,0,0,0
https://t.me/s/toyota_proxy,0,0,0
https://t.me/s/toyota_proxyyyy,0,0,0
https://t.me/s/trand_farsi,0,0,0
https://t.me/s/tunssh,0,0,0
https://t.me/s/turboo_server,0,0,0
https://t.me/s/tv2rayrr,0,0,0
https://t.me/s/tv_v2ray,0,0,0
https://t.me/s/u3ervpn,0,0,0
https://t.me/s/u_confingvpn,0,0,0
https://t.me/s/ultravpn_v2ray,0,0,0
https://t.me/s/univstar,0,0,0
https://t.me/s/unlimiteddev,0,0,0
https://t.me/s/uraniumvpn,0,0,0
https://t.me/s/v20reyng,0,0,0
https://t.me/s/v2Line,0,0,0
https://t.me/s/v2_Hub,0,0,0
https://t.me/s/v2_hub,0,0,0
https://t.me/s/v2_r_ayng,0,0,0
https://t.me/s/v2_team,0,0,0
https://t.me/s/v2ang,0,0,0
https://t.me/s/v2aryng_vpn,0,0,0
https://t.me/s/v2bamdad,0,0,0
https://t.me/s/v2boxng74,0,0,0
https://t.me/s/v2dotcom,0,0,0
https://t.me/s/v2fast100,0,0,0
https://t.me/s/v2fetch,0,0,0
https://t.me/s/v2fox_config,0,0,0
https://t.me/s/v2free666,0,0,0
https://t.me/s/v2gng,0,0,0
https://t.me/s/v2graphy,0,0,0
https://t.me/s/v2hamid,0,0,0
https://t.me/s/v2icy,0,0,0
https://t.me/s/v2line,0,0,0
https://t.me/s/v2list,0,0,0
https://t.me/s/v2logy,0,0,0
https://t.me/s/v2maxx,0,0,0
https://t.me/s/v2meowcf,0,0,0
https://t.me/s/v2mod,0,0,0
https://t.me/s/v2mystery,0,0,0
https://t.me/s/v2naptv,0,0,0
https://t.me/s/v2net_iran,0,0,0
https://t.me/s/v2org,0,0,0
https://t.me/s/v2pedia,0,0,0
https://t.me/s/v2ra2,0,0,0
https://t.me/s/v2raa_server,0,0,0
https://t.me/s/v2raand,0,0,0
https://t.me/s/v2raayngconfig,0,0,0
https://t.me/s/v2rabot,0,0,0
https://t.me/s/v2rang_255,0,0,0
https://t.me/s/v2range,0,0,0
https://t.me/s/v2rangkanal,0,0,0
https://t.me/s/v2raxx,0,0,0
https://t.me/s/v2ray009,0,0,0
https://t.me/s/v2ray03,0,0,0
https://t.me/s/v2ray16,0,0,0
https://t.me/s/v2ray1_ng,0,0,0
https://t.me/s/v2ray313,0,0,0
https://t.me/s/v2ray4free,0,0,0
https://t.me/s/v2ray4win,0,0,0
https://t.me/s/v2ray851403,0,0,0
https://t.me/s/v2ray8x,0,0,0
https://t.me/s/v2ray96,0,0,0
https://t.me/s/v2rayNG_VPN,0,0,0
https://t.me/s/v2rayNG_VPNN,0,0,0
https://t.me/s/v2ray_8,0,0,0
https://t.me/s/v2ray_83,0,0,0
https://t.me/s/v2ray_alpha,0,0,0
https://t.me/s/v2ray_best,0,0,0
https://t.me/s/v2ray_best_iran,0,0,0
https://t.me/s/v2ray_cartel,0,0,0
https://t.me/s/v2ray_collector,0,0,0
https://t.me/s/v2ray_configs_pool,0,0,0
https://t.me/s/v2ray_configs_pools,0,0,0
https://t.me/s/v2ray_custom,0,0,0
https://t.me/s/v2ray_donya,0,0,0
https://t.me/s/v2ray_fark,0,0,0
https://t.me/s/v2ray_fd,0,0,0
https://t.me/s/v2ray_for_free,0,0,0
https://t.me/s/v2ray_free_conf,0,0,0
https://t.me/s/v2ray_free_config,0,0,0
https://t.me/s/v2ray_freedomiran,0,0,0
https://t.me/s/v2ray_god,0,0,0
https://t.me/s/v2ray_helper,0,0,0
https://t.me/s/v2ray_inter,0,0,0
https://t.me/s/v2ray_ng,0,0,0
https://t.me/s/v2ray_nodes_free,0,0,0
https://t.me/s/v2ray_nonoal,0,0,0
https://t.me/s/v2ray_official,0,0,0
https://t.me/s/v2ray_one1,0,0,0
https://t.me/s/v2ray_onli,0,0,0
https://t.me/s/v2ray_outlinee,0,0,0
https://t.me/s/v2ray_outlineir,0,0,0
https://t.me/s/v2ray_phoenix,0,0,0
https://t.me/s/v2ray_pool,0,0,0
https://t.me/s/v2ray_pro_free,0,0,0
https://t.me/s/v2ray_raha,0,0,0
https://t.me/s/v2ray_reality_new,0,0,0
https://t.me/s/v2ray_rh,0,0,0
https://t.me/s/v2ray_rolly,0,0,0
https://t.me/s/v2ray_string,0,0,0
https://t.me/s/v2ray_sub_share,0,0,0
https://t.me/s/v2ray_swhil,0,0,0
https://t.me/s/v2ray_tunnel_plus,0,0,0
https://t.me/s/v2ray_txshop,0,0,0
https://t.me/s/v2ray_ty,0,0,0
https://t.me/s/v2ray_vme,0,0,0
https://t.me/s/v2ray_vmes,0,0,0
https://t.me/s/v2ray_vpn_free,0,0,0
https://t.me/s/v2ray_vpnalfa,0,0,0
https://t.me/s/v2ray_youtube,0,0,0
https://t.me/s/v2rayan,0,0,0
https://t.me/s/v2rayargon,0,0,0
https://t.me/s/v2rayarmy,0,0,0
https://t.me/s/v2rayaz,0,0,0
https://t.me/s/v2raybe,0,0,0
https://t.me/s/v2raybold,0,0,0
https://t.me/s/v2raybx,0,0,0
https://t.me/s/v2raycactus,0,0,0
https://t.me/s/v2raych,0,0,0
https://t.me/s/v2raycollectordonate,0,0,0
https://t.me/s/v2raycrow,0,0,0
https://t.me/s/v2raycustomize,0,0,0
https://t.me/s/v2raydailyupdate,0,0,0
https://t.me/s/v2raydiyako,0,0,0
https://t.me/s/v2rayeservers,0,0,0
https://t.me/s/v2rayfa,0,0,0
https://t.me/s/v2rayfast,0,0,0
https://t.me/s/v2rayfast_7,0,0,0
https://t.me/s/v2rayfr,0,0,0
https://t.me/s/v2rayfree,0,0,0
https://t.me/s/v2rayfree1,0,0,0
https://t.me/s/v2rayhubvip,0,0,0
https://t.me/s/v2rayi_net,0,0,0
https://t.me/s/v2raying,0,0,0
https://t.me/s/v2rayip1,0,0,0
https://t.me/s/v2rayir1,0,0,0
https://t.me/s/v2rayland02,0,0,0
https://t.me/s/v2raymelliii,0,0,0
https://t.me/s/v2rayn_openavpn,0,0,0
https://t.me/s/v2rayn_red,0,0,0
https://t.me/s/v2rayn_store,0,0,0
https://t.me/s/v2rayng110n,0,0,0
https://t.me/s/v2rayng12023,0,0,0
https://t.me/s/v2rayng20000000,0,0,0
https://t.me/s/v2rayng3,0,0,0
https://t.me/s/v2rayng8833,0,0,0
https://t.me/s/v2rayng_81,0,0,0
https://t.me/s/v2rayng_channel_vpn,0,0,0
https://t.me/s/v2rayng_fast,0,0,0
https://t.me/s/v2rayng_ip,0,0,0
https://t.me/s/v2rayng_lion,0,0,0
https://t.me/s/v2rayng_my2,0,0,0
https://t.me/s/v2rayng_nv,0,0,0
https://t.me/s/v2rayng_ribvar,0,0,0
https://t.me/s/v2rayng_v,0,0,0
https://t.me/s/v2rayng_v2_ray,0,0,0
https://t.me/s/v2rayng_vpn,0,0,0
https://t.me/s/v2rayng_vpnn,0,0,0
https://t.me/s/v2rayng_vpnrog,0,0,0
https://t.me/s/v2rayngalpha,0,0,0
https://t.me/s/v2rayngalphagamer,0,0,0
https://t.me/s/v2rayngchaannel,0,0,0
https://t.me/s/v2rayngchannelll,0,0,0
https://t.me/s/v2rayngcloud,0,0,0
https://t.me/s/v2rayngco0,0,0,0
https://t.me/s/v2rayngconfiig,0,0,0
https://t.me/s/v2rayngconfings,0,0,0
https://t.me/s/v2rayngfast,0,0,0
https://t.me/s/v2rayngfreee,0,0,0
https://t.me/s/v2rayngg_iran,0,0,0
https://t.me/s/v2rayngim,0,0,0
https://t.me/s/v2rayngmat,0,0,0
https://t.me/s/v2rayngn,0,0,0
https://t.me/s/v2rayngninja,0,0,0
https://t.me/s/v2rayngprivate,0,0,0
https://t.me/s/v2rayngraisi,0,0,0
https://t.me/s/v2rayngrit,0,0,0
https://t.me/s/v2rayngrr13,0,0,0
https://t.me/s/v2rayngseven,0,0,0
https://t.me/s/v2rayngte,0,0,0
https://t.me/s/v2rayngtime,0,0,0
https://t.me/s/v2rayngup,0,0,0
https://t.me/s/v2rayngupp,0,0,0
https://t.me/s/v2rayngvpn,0,0,0
https://t.me/s/v2rayngvpn_1,0,0,0
https://t.me/s/v2rayngvpnn,0,0,0
https://t.me/s/v2rayngvvpn,0,0,0
https://t.me/s/v2raynplus,0,0,0
https://t.me/s/v2raynz,0,0,0
https://t.me/s/v2rayopen,0,0,0
https://t.me/s/v2raypanelhub,0,0,0
https://t.me/s/v2rayprooo,0,0,0
https://t.me/s/v2rayprotocol,0,0,0
https://t.me/s/v2raysaznv,0,0,0
https://t.me/s/v2rayshop_m,0,0,0
https://t.me/s/v2raytg,0,0,0
https://t.me/s/v2raytork,0,0,0
https://t.me/s/v2raytz,0,0,0
https://t.me/s/v2rayvmess,0,0,0
https://t.me/s/v2rayvpn009,0,0,0
https://t.me/s/v2rayvpn2,0,0,0
https://t.me/s/v2rayvpnchannel,0,0,0
https://t.me/s/v2rayvpnclub,0,0,0
https://t.me/s/v2rayvpnking0,0,0,0
https://t.me/s/v2rayweb,0,0,0
https://t.me/s/v2rayy_ir,0,0,0
https://t.me/s/v2rayy_vpn13,0,0,0
https://t.me/s/v2rayyngvpn,0,0,0
https://t.me/s/v2rayza,0,0,0
https://t.me/s/v2raz,0,0,0
https://t.me/s/v2rey_free_for_all,0,0,0
https://t.me/s/v2reya88,0,0,0
https://t.me/s/v2reyy,0,0,0
https://t.me/s/v2rez,0,0,0
https://t.me/s/v2roay,0,0,0
https://t.me/s/v2rplus,0,0,0
https://t.me/s/v2rray1_ng,0,0,0
https://t.me/s/v2rray_ng,0,0,0
https://t.me/s/v2ry_proxy,0,0,0
https://t.me/s/v2ryng01,0,0,0
https://t.me/s/v2ryorg,0,0,0
https://t.me/s/v2ryvip,0,0,0
https://t.me/s/v2safe,0,0,0
https://t.me/s/v2safee,0,0,0
https://t.me/s/v2sezar,0,0,0
https://t.me/s/v2shop2,0,0,0
https://t.me/s/v2vipchannel,0,0,0
https://t.me/s/v3410ray,0,0,0
https://t.me/s/v5ray_ng,0,0,0
https://t.me/s/v_2ray1,0,0,0
https://t.me/s/v_2rayng0,0,0,0
https://t.me/s/v_2rayngvpn,0,0,0
https://t.me/s/v_2rey,0,0,0
https://t.me/s/vboxpanel,0,0,0
https://t.me/s/vip_free_vpn02,0,0,0
https://t.me/s/vipnetmeli,0,0,0
https://t.me/s/vipserverstm,0,0,0
https://t.me/s/vipufovpn,0,0,0
https://t.me/s/vipv2rayngnp,0,0,0
https://t.me/s/vipv2rayngvip,0,0,0
https://t.me/s/vipv2rayvip,0,0,0
https://t.me/s/vipv2rey,0,0,0
https://t.me/s/vipvpn_v2ray,0,0,0
https://t.me/s/virapn,0,0,0
https://t.me/s/virav2ray,0,0,0
https://t.me/s/vistav2ray,0,0,0
https://t.me/s/vlees_v2rayng,0,0,0
https://t.me/s/vless_vmess,0,0,0
https://t.me/s/vlessconfig,0,0,0
https://t.me/s/vmesc,0,0,0
https://t.me/s/vmess_ir,0,0,0
https://t.me/s/vmess_iran,0,0,0
https://t.me/s/vmess_tg,0,0,0
https://t.me/s/vmessiran,0,0,0
https://t.me/s/vmesskhodam,0,0,0
https://t.me/s/vmesskhodam_vip,0,0,0
https://t.me/s/vmessorg,0,0,0
https://t.me/s/vmessprotocol,0,0,0
https://t.me/s/vp22ray,0,0,0
https://t.me/s/vpidiamond,0,0,0
https://t.me/s/vplusvpn_free,0,0,0
https://t.me/s/vpn11_v2,0,0,0
https://t.me/s/vpn4ir_1,0,0,0
https://t.me/s/vpn880,0,0,0
https://t.me/s/vpn_098,0,0,0
https://t.me/s/vpn_3000,0,0,0
https://t.me/s/vpn_315,0,0,0
https://t.me/s/vpn_443,0,0,0
https://t.me/s/vpn_Nv1,0,0,0
https://t.me/s/vpn_amo,0,0,0
https://t.me/s/vpn_arta,0,0,0
https://t.me/s/vpn_azadi_2024,0,0,0
https://t.me/s/vpn_bal0uch,0,0,0
https://t.me/s/vpn_booth,0,0,0
https://t.me/s/vpn_connect,0,0,0
https://t.me/s/vpn_famous,0,0,0
https://t.me/s/vpn_gaming,0,0,0
https://t.me/s/vpn_gold_free_1,0,0,0
https://t.me/s/vpn_ioss,0,0,0
https://t.me/s/vpn_kanfik,0,0,0
https://t.me/s/vpn_mafia,0,0,0
https://t.me/s/vpn_mikey,0,0,0
https://t.me/s/vpn_nafas,0,0,0
https://t.me/s/vpn_node_share,0,0,0
https://t.me/s/vpn_ocean,0,0,0
https://t.me/s/vpn_room,0,0,0
https://t.me/s/vpn_shop_v1,0,0,0
https://t.me/s/vpn_storm,0,0,0
https://t.me/s/vpn_tehran,0,0,0
https://t.me/s/vpn_v2ra_ng,0,0,0
https://t.me/s/vpn_v2rang_box,0,0,0
https://t.me/s/vpn_v2rayng_gap,0,0,0
https://t.me/s/vpn_v2rayng_iran,0,0,0
https://t.me/s/vpn_vetiver,0,0,0
https://t.me/s/vpn_vip_nor,0,0,0
https://t.me/s/vpn_wedbaz2,0,0,0
https://t.me/s/vpn_whal,0,0,0
https://t.me/s/vpn_xw,0,0,0
https://t.me/s/vpn_zvpn,0,0,0
https://t.me/s/vpnafra,0,0,0
https://t.me/s/vpnaiden,0,0,0
https://t.me/s/vpnandroid2,0,0,0
https://t.me/s/vpnbaz,0,0,0
https://t.me/s/vpnbigbang,0,0,0
https://t.me/s/vpnchina,0,0,0
https://t.me/s/vpnclick,0,0,0
https://t.me/s/vpncostume,0,0,0
https://t.me/s/vpncostumer,0,0,0
https://t.me/s/vpncustomize,0,0,0
https://t.me/s/vpned,0,0,0
https://t.me/s/vpnepic,0,0,0
https://t.me/s/vpnfail_v2ray,0,0,0
https://t.me/s/vpnfastservice,0,0,0
https://t.me/s/vpnfree,0,0,0
https://t.me/s/vpnfree85,0,0,0
https://t.me/s/vpnfreeaccounts,0,0,0
https://t.me/s/vpnfreeramoo,0,0,0
https://t.me/s/vpngate_config,0,0,0
https://t.me/s/vpnhat,0,0,0
https://t.me/s/vpnhouse_official,0,0,0
https://t.me/s/vpnhub69,0,0,0
https://t.me/s/vpnkanfik,0,0,0
https://t.me/s/vpnkar,0,0,0
https://t.me/s/vpnkaro,0,0,0
https://t.me/s/vpnmasi,0,0,0
https://t.me/s/vpnmk1,0,0,0
https://t.me/s/vpnowl,0,0,0
https://t.me/s/vpnpacket,0,0,0
https://t.me/s/vpnplus100,0,0,0
https://t.me/s/vpnplusee_free,0,0,0
https://t.me/s/vpnpopular2023,0,0,0
https://t.me/s/vpnsal,0,0,0
https://t.me/s/vpnserver_tel,0,0,0
https://t.me/s/vpnserverrr,0,0,0
https://t.me/s/vpnshecan,0,0,0
https://t.me/s/vpnskyy,0,0,0
https://t.me/s/vpnsshocean,0,0,0
https://t.me/s/vpnstorefast,0,0,0
https://t.me/s/vpntrt,0,0,0
https://t.me/s/vpntwitt,0,0,0
https://t.me/s/vpnv2rayonline,0,0,0
https://t.me/s/vpnv2raytop,0,0,0
https://t.me/s/vpnvg,0,0,0
https://t.me/s/vpnwedbaz,0,0,0
https://t.me/s/vpnwlf,0,0,0
https://t.me/s/vpnworldone,0,0,0
https://t.me/s/vpnxyam_ir,0,0,0
https://t.me/s/vpnyes,0,0,0
https://t.me/s/vpray3,0,0,0
https://t.me/s/vtechno_vpn,0,0,0
https://t.me/s/vtworay_wolf,0,0,0
https://t.me/s/wancloudfa,0,0,0
https://t.me/s/wangcai_8,0,0,0
https://t.me/s/warphiddify,0,0,0
https://t.me/s/wbnet,0,0,0
https://t.me/s/wbrovers,0,0,0
https://t.me/s/wearestand,0,0,0
https://t.me/s/webhube,0,0,0
https://t.me/s/webovpn,0,0,0
https://t.me/s/webrovers,0,0,0
https://t.me/s/webshecan,0,0,0
https://t.me/s/weepeen,0,0,0
https://t.me/s/white_servers_turkmenistan,0,0,0
https://t.me/s/wizyvpn,0,0,0
https://t.me/s/womanlifefreedom13,0,0,0
https://t.me/s/womanlifefreedomvpn,0,0,0
https://t.me/s/world_vmess,0,0,0
https://t.me/s/wsbvpn,0,0,0
https://t.me/s/wxdy666,0,0,0
https://t.me/s/wxgmrjdcc,0,0,0
https://t.me/s/wxgqlfx,0,0,0
https://t.me/s/x4azadi,0,0,0
https://t.me/s/xiaobaicaifx,0,0,0
https://t.me/s/xiaoxinv,0,0,0
https://t.me/s/xiv2ray,0,0,0
https://t.me/s/xivpn,0,0,0
https://t.me/s/xnxv2ray,0,0,0
https://t.me/s/xray_vpn_pro,0,0,0
https://t.me/s/xrayzxn,0,0,0
https://t.me/s/xvproxy,0,0,0
https://t.me/s/yaney_01,0,0,0
https://t.me/s/yangcun68,0,0,0
https://t.me/s/yasv2ray,0,0,0
https://t.me/s/yekoyekvpn,0,0,0
https://t.me/s/ys_v2ray,0,0,0
https://t.me/s/ytte3la,0,0,0
https://t.me/s/yuproxytelegram,0,0,0
https://t.me/s/yxjnode,0,0,0
https://t.me/s/zabuza_shop,0,0,0
https://t.me/s/zar_vpn,0,0,0
https://t.me/s/zdyz2,0,0,0
https://t.me/s/zede_filteri,0,0,0
https://t.me/s/zedmodeonvpn,0,0,0
https://t.me/s/zedping,0,0,0
https://t.me/s/zen_cloud,0,0,0
https://t.me/s/zerobaipiao,0,0,0
https://t.me/s/zeynabghatee,0,0,0
https://t.me/s/zibanabz,0,0,0
https://t.me/s/zilatvpn,0,0,0
https://t.me/s/zqfxpd,0,0,0
https://t.me/s/zvpnn,0,0,0
https://t.me/s/zyfxlnn,0,0,0
https://t.me/s/zyzzzoao,0,0,0
https://t.me/s/t.meSR_V2RAY_Clash,0,0,0
https://t.me/s/t.mechpd,0,0,0
https://t.me/s/t.meerveruniverse,0,0,0
https://t.me/s/t.meharecentrepro,0,0,0
https://t.me/s/t.mes_v2ray_ssr_clash,0,0,0
https://t.me/s/t.mesr_clash_v2ray,0,0,0
https://t.me/s/t.meub_share_center,0,0,0
